subject_id,session,task,label,label_name,epoch_index,sfreq,n_channels,n_times,img_channels,img_height,img_width,file_path,global_index
sub-02,ses-1,eyesopen,0,NS,0,250.0,61,1250,3,61,1250,data\sub-02\ses-1\eeg\sub-02_ses-1_task-eyesopen_eeg.set,60
sub-02,ses-1,eyesopen,0,NS,1,250.0,61,1250,3,61,1250,data\sub-02\ses-1\eeg\sub-02_ses-1_task-eyesopen_eeg.set,61
sub-02,ses-1,eyesopen,0,NS,2,250.0,61,1250,3,61,1250,data\sub-02\ses-1\eeg\sub-02_ses-1_task-eyesopen_eeg.set,62
sub-02,ses-1,eyesopen,0,NS,3,250.0,61,1250,3,61,1250,data\sub-02\ses-1\eeg\sub-02_ses-1_task-eyesopen_eeg.set,63
sub-02,ses-1,eyesopen,0,NS,4,250.0,61,1250,3,61,1250,data\sub-02\ses-1\eeg\sub-02_ses-1_task-eyesopen_eeg.set,64
sub-02,ses-1,eyesopen,0,NS,5,250.0,61,1250,3,61,1250,data\sub-02\ses-1\eeg\sub-02_ses-1_task-eyesopen_eeg.set,65
sub-02,ses-1,eyesopen,0,NS,6,250.0,61,1250,3,61,1250,data\sub-02\ses-1\eeg\sub-02_ses-1_task-eyesopen_eeg.set,66
sub-02,ses-1,eyesopen,0,NS,7,250.0,61,1250,3,61,1250,data\sub-02\ses-1\eeg\sub-02_ses-1_task-eyesopen_eeg.set,67
sub-02,ses-1,eyesopen,0,NS,8,250.0,61,1250,3,61,1250,data\sub-02\ses-1\eeg\sub-02_ses-1_task-eyesopen_eeg.set,68
sub-02,ses-1,eyesopen,0,NS,9,250.0,61,1250,3,61,1250,data\sub-02\ses-1\eeg\sub-02_ses-1_task-eyesopen_eeg.set,69
sub-02,ses-1,eyesopen,0,NS,10,250.0,61,1250,3,61,1250,data\sub-02\ses-1\eeg\sub-02_ses-1_task-eyesopen_eeg.set,70
sub-02,ses-1,eyesopen,0,NS,11,250.0,61,1250,3,61,1250,data\sub-02\ses-1\eeg\sub-02_ses-1_task-eyesopen_eeg.set,71
sub-02,ses-1,eyesopen,0,NS,12,250.0,61,1250,3,61,1250,data\sub-02\ses-1\eeg\sub-02_ses-1_task-eyesopen_eeg.set,72
sub-02,ses-1,eyesopen,0,NS,13,250.0,61,1250,3,61,1250,data\sub-02\ses-1\eeg\sub-02_ses-1_task-eyesopen_eeg.set,73
sub-02,ses-1,eyesopen,0,NS,14,250.0,61,1250,3,61,1250,data\sub-02\ses-1\eeg\sub-02_ses-1_task-eyesopen_eeg.set,74
sub-02,ses-1,eyesopen,0,NS,15,250.0,61,1250,3,61,1250,data\sub-02\ses-1\eeg\sub-02_ses-1_task-eyesopen_eeg.set,75
sub-02,ses-1,eyesopen,0,NS,16,250.0,61,1250,3,61,1250,data\sub-02\ses-1\eeg\sub-02_ses-1_task-eyesopen_eeg.set,76
sub-02,ses-1,eyesopen,0,NS,17,250.0,61,1250,3,61,1250,data\sub-02\ses-1\eeg\sub-02_ses-1_task-eyesopen_eeg.set,77
sub-02,ses-1,eyesopen,0,NS,18,250.0,61,1250,3,61,1250,data\sub-02\ses-1\eeg\sub-02_ses-1_task-eyesopen_eeg.set,78
sub-02,ses-1,eyesopen,0,NS,19,250.0,61,1250,3,61,1250,data\sub-02\ses-1\eeg\sub-02_ses-1_task-eyesopen_eeg.set,79
sub-02,ses-1,eyesopen,0,NS,20,250.0,61,1250,3,61,1250,data\sub-02\ses-1\eeg\sub-02_ses-1_task-eyesopen_eeg.set,80
sub-02,ses-1,eyesopen,0,NS,21,250.0,61,1250,3,61,1250,data\sub-02\ses-1\eeg\sub-02_ses-1_task-eyesopen_eeg.set,81
sub-02,ses-1,eyesopen,0,NS,22,250.0,61,1250,3,61,1250,data\sub-02\ses-1\eeg\sub-02_ses-1_task-eyesopen_eeg.set,82
sub-02,ses-1,eyesopen,0,NS,23,250.0,61,1250,3,61,1250,data\sub-02\ses-1\eeg\sub-02_ses-1_task-eyesopen_eeg.set,83
sub-02,ses-1,eyesopen,0,NS,24,250.0,61,1250,3,61,1250,data\sub-02\ses-1\eeg\sub-02_ses-1_task-eyesopen_eeg.set,84
sub-02,ses-1,eyesopen,0,NS,25,250.0,61,1250,3,61,1250,data\sub-02\ses-1\eeg\sub-02_ses-1_task-eyesopen_eeg.set,85
sub-02,ses-1,eyesopen,0,NS,26,250.0,61,1250,3,61,1250,data\sub-02\ses-1\eeg\sub-02_ses-1_task-eyesopen_eeg.set,86
sub-02,ses-1,eyesopen,0,NS,27,250.0,61,1250,3,61,1250,data\sub-02\ses-1\eeg\sub-02_ses-1_task-eyesopen_eeg.set,87
sub-02,ses-1,eyesopen,0,NS,28,250.0,61,1250,3,61,1250,data\sub-02\ses-1\eeg\sub-02_ses-1_task-eyesopen_eeg.set,88
sub-02,ses-1,eyesopen,0,NS,29,250.0,61,1250,3,61,1250,data\sub-02\ses-1\eeg\sub-02_ses-1_task-eyesopen_eeg.set,89
sub-02,ses-1,eyesopen,0,NS,30,250.0,61,1250,3,61,1250,data\sub-02\ses-1\eeg\sub-02_ses-1_task-eyesopen_eeg.set,90
sub-02,ses-1,eyesopen,0,NS,31,250.0,61,1250,3,61,1250,data\sub-02\ses-1\eeg\sub-02_ses-1_task-eyesopen_eeg.set,91
sub-02,ses-1,eyesopen,0,NS,32,250.0,61,1250,3,61,1250,data\sub-02\ses-1\eeg\sub-02_ses-1_task-eyesopen_eeg.set,92
sub-02,ses-1,eyesopen,0,NS,33,250.0,61,1250,3,61,1250,data\sub-02\ses-1\eeg\sub-02_ses-1_task-eyesopen_eeg.set,93
sub-02,ses-1,eyesopen,0,NS,34,250.0,61,1250,3,61,1250,data\sub-02\ses-1\eeg\sub-02_ses-1_task-eyesopen_eeg.set,94
sub-02,ses-1,eyesopen,0,NS,35,250.0,61,1250,3,61,1250,data\sub-02\ses-1\eeg\sub-02_ses-1_task-eyesopen_eeg.set,95
sub-02,ses-1,eyesopen,0,NS,36,250.0,61,1250,3,61,1250,data\sub-02\ses-1\eeg\sub-02_ses-1_task-eyesopen_eeg.set,96
sub-02,ses-1,eyesopen,0,NS,37,250.0,61,1250,3,61,1250,data\sub-02\ses-1\eeg\sub-02_ses-1_task-eyesopen_eeg.set,97
sub-02,ses-1,eyesopen,0,NS,38,250.0,61,1250,3,61,1250,data\sub-02\ses-1\eeg\sub-02_ses-1_task-eyesopen_eeg.set,98
sub-02,ses-1,eyesopen,0,NS,39,250.0,61,1250,3,61,1250,data\sub-02\ses-1\eeg\sub-02_ses-1_task-eyesopen_eeg.set,99
sub-02,ses-1,eyesopen,0,NS,40,250.0,61,1250,3,61,1250,data\sub-02\ses-1\eeg\sub-02_ses-1_task-eyesopen_eeg.set,100
sub-02,ses-1,eyesopen,0,NS,41,250.0,61,1250,3,61,1250,data\sub-02\ses-1\eeg\sub-02_ses-1_task-eyesopen_eeg.set,101
sub-02,ses-1,eyesopen,0,NS,42,250.0,61,1250,3,61,1250,data\sub-02\ses-1\eeg\sub-02_ses-1_task-eyesopen_eeg.set,102
sub-02,ses-1,eyesopen,0,NS,43,250.0,61,1250,3,61,1250,data\sub-02\ses-1\eeg\sub-02_ses-1_task-eyesopen_eeg.set,103
sub-02,ses-1,eyesopen,0,NS,44,250.0,61,1250,3,61,1250,data\sub-02\ses-1\eeg\sub-02_ses-1_task-eyesopen_eeg.set,104
sub-02,ses-1,eyesopen,0,NS,45,250.0,61,1250,3,61,1250,data\sub-02\ses-1\eeg\sub-02_ses-1_task-eyesopen_eeg.set,105
sub-02,ses-1,eyesopen,0,NS,46,250.0,61,1250,3,61,1250,data\sub-02\ses-1\eeg\sub-02_ses-1_task-eyesopen_eeg.set,106
sub-02,ses-1,eyesopen,0,NS,47,250.0,61,1250,3,61,1250,data\sub-02\ses-1\eeg\sub-02_ses-1_task-eyesopen_eeg.set,107
sub-02,ses-1,eyesopen,0,NS,48,250.0,61,1250,3,61,1250,data\sub-02\ses-1\eeg\sub-02_ses-1_task-eyesopen_eeg.set,108
sub-02,ses-1,eyesopen,0,NS,49,250.0,61,1250,3,61,1250,data\sub-02\ses-1\eeg\sub-02_ses-1_task-eyesopen_eeg.set,109
sub-02,ses-1,eyesopen,0,NS,50,250.0,61,1250,3,61,1250,data\sub-02\ses-1\eeg\sub-02_ses-1_task-eyesopen_eeg.set,110
sub-02,ses-1,eyesopen,0,NS,51,250.0,61,1250,3,61,1250,data\sub-02\ses-1\eeg\sub-02_ses-1_task-eyesopen_eeg.set,111
sub-02,ses-1,eyesopen,0,NS,52,250.0,61,1250,3,61,1250,data\sub-02\ses-1\eeg\sub-02_ses-1_task-eyesopen_eeg.set,112
sub-02,ses-1,eyesopen,0,NS,53,250.0,61,1250,3,61,1250,data\sub-02\ses-1\eeg\sub-02_ses-1_task-eyesopen_eeg.set,113
sub-02,ses-1,eyesopen,0,NS,54,250.0,61,1250,3,61,1250,data\sub-02\ses-1\eeg\sub-02_ses-1_task-eyesopen_eeg.set,114
sub-02,ses-1,eyesopen,0,NS,55,250.0,61,1250,3,61,1250,data\sub-02\ses-1\eeg\sub-02_ses-1_task-eyesopen_eeg.set,115
sub-02,ses-1,eyesopen,0,NS,56,250.0,61,1250,3,61,1250,data\sub-02\ses-1\eeg\sub-02_ses-1_task-eyesopen_eeg.set,116
sub-02,ses-1,eyesopen,0,NS,57,250.0,61,1250,3,61,1250,data\sub-02\ses-1\eeg\sub-02_ses-1_task-eyesopen_eeg.set,117
sub-02,ses-1,eyesopen,0,NS,58,250.0,61,1250,3,61,1250,data\sub-02\ses-1\eeg\sub-02_ses-1_task-eyesopen_eeg.set,118
sub-02,ses-1,eyesopen,0,NS,59,250.0,61,1250,3,61,1250,data\sub-02\ses-1\eeg\sub-02_ses-1_task-eyesopen_eeg.set,119
sub-02,ses-2,eyesopen,1,SD,0,250.0,61,1250,3,61,1250,data\sub-02\ses-2\eeg\sub-02_ses-2_task-eyesopen_eeg.set,120
sub-02,ses-2,eyesopen,1,SD,1,250.0,61,1250,3,61,1250,data\sub-02\ses-2\eeg\sub-02_ses-2_task-eyesopen_eeg.set,121
sub-02,ses-2,eyesopen,1,SD,2,250.0,61,1250,3,61,1250,data\sub-02\ses-2\eeg\sub-02_ses-2_task-eyesopen_eeg.set,122
sub-02,ses-2,eyesopen,1,SD,3,250.0,61,1250,3,61,1250,data\sub-02\ses-2\eeg\sub-02_ses-2_task-eyesopen_eeg.set,123
sub-02,ses-2,eyesopen,1,SD,4,250.0,61,1250,3,61,1250,data\sub-02\ses-2\eeg\sub-02_ses-2_task-eyesopen_eeg.set,124
sub-02,ses-2,eyesopen,1,SD,5,250.0,61,1250,3,61,1250,data\sub-02\ses-2\eeg\sub-02_ses-2_task-eyesopen_eeg.set,125
sub-02,ses-2,eyesopen,1,SD,6,250.0,61,1250,3,61,1250,data\sub-02\ses-2\eeg\sub-02_ses-2_task-eyesopen_eeg.set,126
sub-02,ses-2,eyesopen,1,SD,7,250.0,61,1250,3,61,1250,data\sub-02\ses-2\eeg\sub-02_ses-2_task-eyesopen_eeg.set,127
sub-02,ses-2,eyesopen,1,SD,8,250.0,61,1250,3,61,1250,data\sub-02\ses-2\eeg\sub-02_ses-2_task-eyesopen_eeg.set,128
sub-02,ses-2,eyesopen,1,SD,9,250.0,61,1250,3,61,1250,data\sub-02\ses-2\eeg\sub-02_ses-2_task-eyesopen_eeg.set,129
sub-02,ses-2,eyesopen,1,SD,10,250.0,61,1250,3,61,1250,data\sub-02\ses-2\eeg\sub-02_ses-2_task-eyesopen_eeg.set,130
sub-02,ses-2,eyesopen,1,SD,11,250.0,61,1250,3,61,1250,data\sub-02\ses-2\eeg\sub-02_ses-2_task-eyesopen_eeg.set,131
sub-02,ses-2,eyesopen,1,SD,12,250.0,61,1250,3,61,1250,data\sub-02\ses-2\eeg\sub-02_ses-2_task-eyesopen_eeg.set,132
sub-02,ses-2,eyesopen,1,SD,13,250.0,61,1250,3,61,1250,data\sub-02\ses-2\eeg\sub-02_ses-2_task-eyesopen_eeg.set,133
sub-02,ses-2,eyesopen,1,SD,14,250.0,61,1250,3,61,1250,data\sub-02\ses-2\eeg\sub-02_ses-2_task-eyesopen_eeg.set,134
sub-02,ses-2,eyesopen,1,SD,15,250.0,61,1250,3,61,1250,data\sub-02\ses-2\eeg\sub-02_ses-2_task-eyesopen_eeg.set,135
sub-02,ses-2,eyesopen,1,SD,16,250.0,61,1250,3,61,1250,data\sub-02\ses-2\eeg\sub-02_ses-2_task-eyesopen_eeg.set,136
sub-02,ses-2,eyesopen,1,SD,17,250.0,61,1250,3,61,1250,data\sub-02\ses-2\eeg\sub-02_ses-2_task-eyesopen_eeg.set,137
sub-02,ses-2,eyesopen,1,SD,18,250.0,61,1250,3,61,1250,data\sub-02\ses-2\eeg\sub-02_ses-2_task-eyesopen_eeg.set,138
sub-02,ses-2,eyesopen,1,SD,19,250.0,61,1250,3,61,1250,data\sub-02\ses-2\eeg\sub-02_ses-2_task-eyesopen_eeg.set,139
sub-02,ses-2,eyesopen,1,SD,20,250.0,61,1250,3,61,1250,data\sub-02\ses-2\eeg\sub-02_ses-2_task-eyesopen_eeg.set,140
sub-02,ses-2,eyesopen,1,SD,21,250.0,61,1250,3,61,1250,data\sub-02\ses-2\eeg\sub-02_ses-2_task-eyesopen_eeg.set,141
sub-02,ses-2,eyesopen,1,SD,22,250.0,61,1250,3,61,1250,data\sub-02\ses-2\eeg\sub-02_ses-2_task-eyesopen_eeg.set,142
sub-02,ses-2,eyesopen,1,SD,23,250.0,61,1250,3,61,1250,data\sub-02\ses-2\eeg\sub-02_ses-2_task-eyesopen_eeg.set,143
sub-02,ses-2,eyesopen,1,SD,24,250.0,61,1250,3,61,1250,data\sub-02\ses-2\eeg\sub-02_ses-2_task-eyesopen_eeg.set,144
sub-02,ses-2,eyesopen,1,SD,25,250.0,61,1250,3,61,1250,data\sub-02\ses-2\eeg\sub-02_ses-2_task-eyesopen_eeg.set,145
sub-02,ses-2,eyesopen,1,SD,26,250.0,61,1250,3,61,1250,data\sub-02\ses-2\eeg\sub-02_ses-2_task-eyesopen_eeg.set,146
sub-02,ses-2,eyesopen,1,SD,27,250.0,61,1250,3,61,1250,data\sub-02\ses-2\eeg\sub-02_ses-2_task-eyesopen_eeg.set,147
sub-02,ses-2,eyesopen,1,SD,28,250.0,61,1250,3,61,1250,data\sub-02\ses-2\eeg\sub-02_ses-2_task-eyesopen_eeg.set,148
sub-02,ses-2,eyesopen,1,SD,29,250.0,61,1250,3,61,1250,data\sub-02\ses-2\eeg\sub-02_ses-2_task-eyesopen_eeg.set,149
sub-02,ses-2,eyesopen,1,SD,30,250.0,61,1250,3,61,1250,data\sub-02\ses-2\eeg\sub-02_ses-2_task-eyesopen_eeg.set,150
sub-02,ses-2,eyesopen,1,SD,31,250.0,61,1250,3,61,1250,data\sub-02\ses-2\eeg\sub-02_ses-2_task-eyesopen_eeg.set,151
sub-02,ses-2,eyesopen,1,SD,32,250.0,61,1250,3,61,1250,data\sub-02\ses-2\eeg\sub-02_ses-2_task-eyesopen_eeg.set,152
sub-02,ses-2,eyesopen,1,SD,33,250.0,61,1250,3,61,1250,data\sub-02\ses-2\eeg\sub-02_ses-2_task-eyesopen_eeg.set,153
sub-02,ses-2,eyesopen,1,SD,34,250.0,61,1250,3,61,1250,data\sub-02\ses-2\eeg\sub-02_ses-2_task-eyesopen_eeg.set,154
sub-02,ses-2,eyesopen,1,SD,35,250.0,61,1250,3,61,1250,data\sub-02\ses-2\eeg\sub-02_ses-2_task-eyesopen_eeg.set,155
sub-02,ses-2,eyesopen,1,SD,36,250.0,61,1250,3,61,1250,data\sub-02\ses-2\eeg\sub-02_ses-2_task-eyesopen_eeg.set,156
sub-02,ses-2,eyesopen,1,SD,37,250.0,61,1250,3,61,1250,data\sub-02\ses-2\eeg\sub-02_ses-2_task-eyesopen_eeg.set,157
sub-02,ses-2,eyesopen,1,SD,38,250.0,61,1250,3,61,1250,data\sub-02\ses-2\eeg\sub-02_ses-2_task-eyesopen_eeg.set,158
sub-02,ses-2,eyesopen,1,SD,39,250.0,61,1250,3,61,1250,data\sub-02\ses-2\eeg\sub-02_ses-2_task-eyesopen_eeg.set,159
sub-02,ses-2,eyesopen,1,SD,40,250.0,61,1250,3,61,1250,data\sub-02\ses-2\eeg\sub-02_ses-2_task-eyesopen_eeg.set,160
sub-02,ses-2,eyesopen,1,SD,41,250.0,61,1250,3,61,1250,data\sub-02\ses-2\eeg\sub-02_ses-2_task-eyesopen_eeg.set,161
sub-02,ses-2,eyesopen,1,SD,42,250.0,61,1250,3,61,1250,data\sub-02\ses-2\eeg\sub-02_ses-2_task-eyesopen_eeg.set,162
sub-02,ses-2,eyesopen,1,SD,43,250.0,61,1250,3,61,1250,data\sub-02\ses-2\eeg\sub-02_ses-2_task-eyesopen_eeg.set,163
sub-02,ses-2,eyesopen,1,SD,44,250.0,61,1250,3,61,1250,data\sub-02\ses-2\eeg\sub-02_ses-2_task-eyesopen_eeg.set,164
sub-02,ses-2,eyesopen,1,SD,45,250.0,61,1250,3,61,1250,data\sub-02\ses-2\eeg\sub-02_ses-2_task-eyesopen_eeg.set,165
sub-02,ses-2,eyesopen,1,SD,46,250.0,61,1250,3,61,1250,data\sub-02\ses-2\eeg\sub-02_ses-2_task-eyesopen_eeg.set,166
sub-02,ses-2,eyesopen,1,SD,47,250.0,61,1250,3,61,1250,data\sub-02\ses-2\eeg\sub-02_ses-2_task-eyesopen_eeg.set,167
sub-02,ses-2,eyesopen,1,SD,48,250.0,61,1250,3,61,1250,data\sub-02\ses-2\eeg\sub-02_ses-2_task-eyesopen_eeg.set,168
sub-02,ses-2,eyesopen,1,SD,49,250.0,61,1250,3,61,1250,data\sub-02\ses-2\eeg\sub-02_ses-2_task-eyesopen_eeg.set,169
sub-02,ses-2,eyesopen,1,SD,50,250.0,61,1250,3,61,1250,data\sub-02\ses-2\eeg\sub-02_ses-2_task-eyesopen_eeg.set,170
sub-02,ses-2,eyesopen,1,SD,51,250.0,61,1250,3,61,1250,data\sub-02\ses-2\eeg\sub-02_ses-2_task-eyesopen_eeg.set,171
sub-02,ses-2,eyesopen,1,SD,52,250.0,61,1250,3,61,1250,data\sub-02\ses-2\eeg\sub-02_ses-2_task-eyesopen_eeg.set,172
sub-02,ses-2,eyesopen,1,SD,53,250.0,61,1250,3,61,1250,data\sub-02\ses-2\eeg\sub-02_ses-2_task-eyesopen_eeg.set,173
sub-02,ses-2,eyesopen,1,SD,54,250.0,61,1250,3,61,1250,data\sub-02\ses-2\eeg\sub-02_ses-2_task-eyesopen_eeg.set,174
sub-02,ses-2,eyesopen,1,SD,55,250.0,61,1250,3,61,1250,data\sub-02\ses-2\eeg\sub-02_ses-2_task-eyesopen_eeg.set,175
sub-02,ses-2,eyesopen,1,SD,56,250.0,61,1250,3,61,1250,data\sub-02\ses-2\eeg\sub-02_ses-2_task-eyesopen_eeg.set,176
sub-02,ses-2,eyesopen,1,SD,57,250.0,61,1250,3,61,1250,data\sub-02\ses-2\eeg\sub-02_ses-2_task-eyesopen_eeg.set,177
sub-02,ses-2,eyesopen,1,SD,58,250.0,61,1250,3,61,1250,data\sub-02\ses-2\eeg\sub-02_ses-2_task-eyesopen_eeg.set,178
sub-02,ses-2,eyesopen,1,SD,59,250.0,61,1250,3,61,1250,data\sub-02\ses-2\eeg\sub-02_ses-2_task-eyesopen_eeg.set,179
sub-03,ses-1,eyesopen,0,NS,0,250.0,61,1250,3,61,1250,data\sub-03\ses-1\eeg\sub-03_ses-1_task-eyesopen_eeg.set,180
sub-03,ses-1,eyesopen,0,NS,1,250.0,61,1250,3,61,1250,data\sub-03\ses-1\eeg\sub-03_ses-1_task-eyesopen_eeg.set,181
sub-03,ses-1,eyesopen,0,NS,2,250.0,61,1250,3,61,1250,data\sub-03\ses-1\eeg\sub-03_ses-1_task-eyesopen_eeg.set,182
sub-03,ses-1,eyesopen,0,NS,3,250.0,61,1250,3,61,1250,data\sub-03\ses-1\eeg\sub-03_ses-1_task-eyesopen_eeg.set,183
sub-03,ses-1,eyesopen,0,NS,4,250.0,61,1250,3,61,1250,data\sub-03\ses-1\eeg\sub-03_ses-1_task-eyesopen_eeg.set,184
sub-03,ses-1,eyesopen,0,NS,5,250.0,61,1250,3,61,1250,data\sub-03\ses-1\eeg\sub-03_ses-1_task-eyesopen_eeg.set,185
sub-03,ses-1,eyesopen,0,NS,6,250.0,61,1250,3,61,1250,data\sub-03\ses-1\eeg\sub-03_ses-1_task-eyesopen_eeg.set,186
sub-03,ses-1,eyesopen,0,NS,7,250.0,61,1250,3,61,1250,data\sub-03\ses-1\eeg\sub-03_ses-1_task-eyesopen_eeg.set,187
sub-03,ses-1,eyesopen,0,NS,8,250.0,61,1250,3,61,1250,data\sub-03\ses-1\eeg\sub-03_ses-1_task-eyesopen_eeg.set,188
sub-03,ses-1,eyesopen,0,NS,9,250.0,61,1250,3,61,1250,data\sub-03\ses-1\eeg\sub-03_ses-1_task-eyesopen_eeg.set,189
sub-03,ses-1,eyesopen,0,NS,10,250.0,61,1250,3,61,1250,data\sub-03\ses-1\eeg\sub-03_ses-1_task-eyesopen_eeg.set,190
sub-03,ses-1,eyesopen,0,NS,11,250.0,61,1250,3,61,1250,data\sub-03\ses-1\eeg\sub-03_ses-1_task-eyesopen_eeg.set,191
sub-03,ses-1,eyesopen,0,NS,12,250.0,61,1250,3,61,1250,data\sub-03\ses-1\eeg\sub-03_ses-1_task-eyesopen_eeg.set,192
sub-03,ses-1,eyesopen,0,NS,13,250.0,61,1250,3,61,1250,data\sub-03\ses-1\eeg\sub-03_ses-1_task-eyesopen_eeg.set,193
sub-03,ses-1,eyesopen,0,NS,14,250.0,61,1250,3,61,1250,data\sub-03\ses-1\eeg\sub-03_ses-1_task-eyesopen_eeg.set,194
sub-03,ses-1,eyesopen,0,NS,15,250.0,61,1250,3,61,1250,data\sub-03\ses-1\eeg\sub-03_ses-1_task-eyesopen_eeg.set,195
sub-03,ses-1,eyesopen,0,NS,16,250.0,61,1250,3,61,1250,data\sub-03\ses-1\eeg\sub-03_ses-1_task-eyesopen_eeg.set,196
sub-03,ses-1,eyesopen,0,NS,17,250.0,61,1250,3,61,1250,data\sub-03\ses-1\eeg\sub-03_ses-1_task-eyesopen_eeg.set,197
sub-03,ses-1,eyesopen,0,NS,18,250.0,61,1250,3,61,1250,data\sub-03\ses-1\eeg\sub-03_ses-1_task-eyesopen_eeg.set,198
sub-03,ses-1,eyesopen,0,NS,19,250.0,61,1250,3,61,1250,data\sub-03\ses-1\eeg\sub-03_ses-1_task-eyesopen_eeg.set,199
sub-03,ses-1,eyesopen,0,NS,20,250.0,61,1250,3,61,1250,data\sub-03\ses-1\eeg\sub-03_ses-1_task-eyesopen_eeg.set,200
sub-03,ses-1,eyesopen,0,NS,21,250.0,61,1250,3,61,1250,data\sub-03\ses-1\eeg\sub-03_ses-1_task-eyesopen_eeg.set,201
sub-03,ses-1,eyesopen,0,NS,22,250.0,61,1250,3,61,1250,data\sub-03\ses-1\eeg\sub-03_ses-1_task-eyesopen_eeg.set,202
sub-03,ses-1,eyesopen,0,NS,23,250.0,61,1250,3,61,1250,data\sub-03\ses-1\eeg\sub-03_ses-1_task-eyesopen_eeg.set,203
sub-03,ses-1,eyesopen,0,NS,24,250.0,61,1250,3,61,1250,data\sub-03\ses-1\eeg\sub-03_ses-1_task-eyesopen_eeg.set,204
sub-03,ses-1,eyesopen,0,NS,25,250.0,61,1250,3,61,1250,data\sub-03\ses-1\eeg\sub-03_ses-1_task-eyesopen_eeg.set,205
sub-03,ses-1,eyesopen,0,NS,26,250.0,61,1250,3,61,1250,data\sub-03\ses-1\eeg\sub-03_ses-1_task-eyesopen_eeg.set,206
sub-03,ses-1,eyesopen,0,NS,27,250.0,61,1250,3,61,1250,data\sub-03\ses-1\eeg\sub-03_ses-1_task-eyesopen_eeg.set,207
sub-03,ses-1,eyesopen,0,NS,28,250.0,61,1250,3,61,1250,data\sub-03\ses-1\eeg\sub-03_ses-1_task-eyesopen_eeg.set,208
sub-03,ses-1,eyesopen,0,NS,29,250.0,61,1250,3,61,1250,data\sub-03\ses-1\eeg\sub-03_ses-1_task-eyesopen_eeg.set,209
sub-03,ses-1,eyesopen,0,NS,30,250.0,61,1250,3,61,1250,data\sub-03\ses-1\eeg\sub-03_ses-1_task-eyesopen_eeg.set,210
sub-03,ses-1,eyesopen,0,NS,31,250.0,61,1250,3,61,1250,data\sub-03\ses-1\eeg\sub-03_ses-1_task-eyesopen_eeg.set,211
sub-03,ses-1,eyesopen,0,NS,32,250.0,61,1250,3,61,1250,data\sub-03\ses-1\eeg\sub-03_ses-1_task-eyesopen_eeg.set,212
sub-03,ses-1,eyesopen,0,NS,33,250.0,61,1250,3,61,1250,data\sub-03\ses-1\eeg\sub-03_ses-1_task-eyesopen_eeg.set,213
sub-03,ses-1,eyesopen,0,NS,34,250.0,61,1250,3,61,1250,data\sub-03\ses-1\eeg\sub-03_ses-1_task-eyesopen_eeg.set,214
sub-03,ses-1,eyesopen,0,NS,35,250.0,61,1250,3,61,1250,data\sub-03\ses-1\eeg\sub-03_ses-1_task-eyesopen_eeg.set,215
sub-03,ses-1,eyesopen,0,NS,36,250.0,61,1250,3,61,1250,data\sub-03\ses-1\eeg\sub-03_ses-1_task-eyesopen_eeg.set,216
sub-03,ses-1,eyesopen,0,NS,37,250.0,61,1250,3,61,1250,data\sub-03\ses-1\eeg\sub-03_ses-1_task-eyesopen_eeg.set,217
sub-03,ses-1,eyesopen,0,NS,38,250.0,61,1250,3,61,1250,data\sub-03\ses-1\eeg\sub-03_ses-1_task-eyesopen_eeg.set,218
sub-03,ses-1,eyesopen,0,NS,39,250.0,61,1250,3,61,1250,data\sub-03\ses-1\eeg\sub-03_ses-1_task-eyesopen_eeg.set,219
sub-03,ses-1,eyesopen,0,NS,40,250.0,61,1250,3,61,1250,data\sub-03\ses-1\eeg\sub-03_ses-1_task-eyesopen_eeg.set,220
sub-03,ses-1,eyesopen,0,NS,41,250.0,61,1250,3,61,1250,data\sub-03\ses-1\eeg\sub-03_ses-1_task-eyesopen_eeg.set,221
sub-03,ses-1,eyesopen,0,NS,42,250.0,61,1250,3,61,1250,data\sub-03\ses-1\eeg\sub-03_ses-1_task-eyesopen_eeg.set,222
sub-03,ses-1,eyesopen,0,NS,43,250.0,61,1250,3,61,1250,data\sub-03\ses-1\eeg\sub-03_ses-1_task-eyesopen_eeg.set,223
sub-03,ses-1,eyesopen,0,NS,44,250.0,61,1250,3,61,1250,data\sub-03\ses-1\eeg\sub-03_ses-1_task-eyesopen_eeg.set,224
sub-03,ses-1,eyesopen,0,NS,45,250.0,61,1250,3,61,1250,data\sub-03\ses-1\eeg\sub-03_ses-1_task-eyesopen_eeg.set,225
sub-03,ses-1,eyesopen,0,NS,46,250.0,61,1250,3,61,1250,data\sub-03\ses-1\eeg\sub-03_ses-1_task-eyesopen_eeg.set,226
sub-03,ses-1,eyesopen,0,NS,47,250.0,61,1250,3,61,1250,data\sub-03\ses-1\eeg\sub-03_ses-1_task-eyesopen_eeg.set,227
sub-03,ses-1,eyesopen,0,NS,48,250.0,61,1250,3,61,1250,data\sub-03\ses-1\eeg\sub-03_ses-1_task-eyesopen_eeg.set,228
sub-03,ses-1,eyesopen,0,NS,49,250.0,61,1250,3,61,1250,data\sub-03\ses-1\eeg\sub-03_ses-1_task-eyesopen_eeg.set,229
sub-03,ses-1,eyesopen,0,NS,50,250.0,61,1250,3,61,1250,data\sub-03\ses-1\eeg\sub-03_ses-1_task-eyesopen_eeg.set,230
sub-03,ses-1,eyesopen,0,NS,51,250.0,61,1250,3,61,1250,data\sub-03\ses-1\eeg\sub-03_ses-1_task-eyesopen_eeg.set,231
sub-03,ses-1,eyesopen,0,NS,52,250.0,61,1250,3,61,1250,data\sub-03\ses-1\eeg\sub-03_ses-1_task-eyesopen_eeg.set,232
sub-03,ses-1,eyesopen,0,NS,53,250.0,61,1250,3,61,1250,data\sub-03\ses-1\eeg\sub-03_ses-1_task-eyesopen_eeg.set,233
sub-03,ses-1,eyesopen,0,NS,54,250.0,61,1250,3,61,1250,data\sub-03\ses-1\eeg\sub-03_ses-1_task-eyesopen_eeg.set,234
sub-03,ses-1,eyesopen,0,NS,55,250.0,61,1250,3,61,1250,data\sub-03\ses-1\eeg\sub-03_ses-1_task-eyesopen_eeg.set,235
sub-03,ses-1,eyesopen,0,NS,56,250.0,61,1250,3,61,1250,data\sub-03\ses-1\eeg\sub-03_ses-1_task-eyesopen_eeg.set,236
sub-03,ses-1,eyesopen,0,NS,57,250.0,61,1250,3,61,1250,data\sub-03\ses-1\eeg\sub-03_ses-1_task-eyesopen_eeg.set,237
sub-03,ses-1,eyesopen,0,NS,58,250.0,61,1250,3,61,1250,data\sub-03\ses-1\eeg\sub-03_ses-1_task-eyesopen_eeg.set,238
sub-03,ses-1,eyesopen,0,NS,59,250.0,61,1250,3,61,1250,data\sub-03\ses-1\eeg\sub-03_ses-1_task-eyesopen_eeg.set,239
sub-03,ses-2,eyesopen,1,SD,0,250.0,61,1250,3,61,1250,data\sub-03\ses-2\eeg\sub-03_ses-2_task-eyesopen_eeg.set,240
sub-03,ses-2,eyesopen,1,SD,1,250.0,61,1250,3,61,1250,data\sub-03\ses-2\eeg\sub-03_ses-2_task-eyesopen_eeg.set,241
sub-03,ses-2,eyesopen,1,SD,2,250.0,61,1250,3,61,1250,data\sub-03\ses-2\eeg\sub-03_ses-2_task-eyesopen_eeg.set,242
sub-03,ses-2,eyesopen,1,SD,3,250.0,61,1250,3,61,1250,data\sub-03\ses-2\eeg\sub-03_ses-2_task-eyesopen_eeg.set,243
sub-03,ses-2,eyesopen,1,SD,4,250.0,61,1250,3,61,1250,data\sub-03\ses-2\eeg\sub-03_ses-2_task-eyesopen_eeg.set,244
sub-03,ses-2,eyesopen,1,SD,5,250.0,61,1250,3,61,1250,data\sub-03\ses-2\eeg\sub-03_ses-2_task-eyesopen_eeg.set,245
sub-03,ses-2,eyesopen,1,SD,6,250.0,61,1250,3,61,1250,data\sub-03\ses-2\eeg\sub-03_ses-2_task-eyesopen_eeg.set,246
sub-03,ses-2,eyesopen,1,SD,7,250.0,61,1250,3,61,1250,data\sub-03\ses-2\eeg\sub-03_ses-2_task-eyesopen_eeg.set,247
sub-03,ses-2,eyesopen,1,SD,8,250.0,61,1250,3,61,1250,data\sub-03\ses-2\eeg\sub-03_ses-2_task-eyesopen_eeg.set,248
sub-03,ses-2,eyesopen,1,SD,9,250.0,61,1250,3,61,1250,data\sub-03\ses-2\eeg\sub-03_ses-2_task-eyesopen_eeg.set,249
sub-03,ses-2,eyesopen,1,SD,10,250.0,61,1250,3,61,1250,data\sub-03\ses-2\eeg\sub-03_ses-2_task-eyesopen_eeg.set,250
sub-03,ses-2,eyesopen,1,SD,11,250.0,61,1250,3,61,1250,data\sub-03\ses-2\eeg\sub-03_ses-2_task-eyesopen_eeg.set,251
sub-03,ses-2,eyesopen,1,SD,12,250.0,61,1250,3,61,1250,data\sub-03\ses-2\eeg\sub-03_ses-2_task-eyesopen_eeg.set,252
sub-03,ses-2,eyesopen,1,SD,13,250.0,61,1250,3,61,1250,data\sub-03\ses-2\eeg\sub-03_ses-2_task-eyesopen_eeg.set,253
sub-03,ses-2,eyesopen,1,SD,14,250.0,61,1250,3,61,1250,data\sub-03\ses-2\eeg\sub-03_ses-2_task-eyesopen_eeg.set,254
sub-03,ses-2,eyesopen,1,SD,15,250.0,61,1250,3,61,1250,data\sub-03\ses-2\eeg\sub-03_ses-2_task-eyesopen_eeg.set,255
sub-03,ses-2,eyesopen,1,SD,16,250.0,61,1250,3,61,1250,data\sub-03\ses-2\eeg\sub-03_ses-2_task-eyesopen_eeg.set,256
sub-03,ses-2,eyesopen,1,SD,17,250.0,61,1250,3,61,1250,data\sub-03\ses-2\eeg\sub-03_ses-2_task-eyesopen_eeg.set,257
sub-03,ses-2,eyesopen,1,SD,18,250.0,61,1250,3,61,1250,data\sub-03\ses-2\eeg\sub-03_ses-2_task-eyesopen_eeg.set,258
sub-03,ses-2,eyesopen,1,SD,19,250.0,61,1250,3,61,1250,data\sub-03\ses-2\eeg\sub-03_ses-2_task-eyesopen_eeg.set,259
sub-03,ses-2,eyesopen,1,SD,20,250.0,61,1250,3,61,1250,data\sub-03\ses-2\eeg\sub-03_ses-2_task-eyesopen_eeg.set,260
sub-03,ses-2,eyesopen,1,SD,21,250.0,61,1250,3,61,1250,data\sub-03\ses-2\eeg\sub-03_ses-2_task-eyesopen_eeg.set,261
sub-03,ses-2,eyesopen,1,SD,22,250.0,61,1250,3,61,1250,data\sub-03\ses-2\eeg\sub-03_ses-2_task-eyesopen_eeg.set,262
sub-03,ses-2,eyesopen,1,SD,23,250.0,61,1250,3,61,1250,data\sub-03\ses-2\eeg\sub-03_ses-2_task-eyesopen_eeg.set,263
sub-03,ses-2,eyesopen,1,SD,24,250.0,61,1250,3,61,1250,data\sub-03\ses-2\eeg\sub-03_ses-2_task-eyesopen_eeg.set,264
sub-03,ses-2,eyesopen,1,SD,25,250.0,61,1250,3,61,1250,data\sub-03\ses-2\eeg\sub-03_ses-2_task-eyesopen_eeg.set,265
sub-03,ses-2,eyesopen,1,SD,26,250.0,61,1250,3,61,1250,data\sub-03\ses-2\eeg\sub-03_ses-2_task-eyesopen_eeg.set,266
sub-03,ses-2,eyesopen,1,SD,27,250.0,61,1250,3,61,1250,data\sub-03\ses-2\eeg\sub-03_ses-2_task-eyesopen_eeg.set,267
sub-03,ses-2,eyesopen,1,SD,28,250.0,61,1250,3,61,1250,data\sub-03\ses-2\eeg\sub-03_ses-2_task-eyesopen_eeg.set,268
sub-03,ses-2,eyesopen,1,SD,29,250.0,61,1250,3,61,1250,data\sub-03\ses-2\eeg\sub-03_ses-2_task-eyesopen_eeg.set,269
sub-03,ses-2,eyesopen,1,SD,30,250.0,61,1250,3,61,1250,data\sub-03\ses-2\eeg\sub-03_ses-2_task-eyesopen_eeg.set,270
sub-03,ses-2,eyesopen,1,SD,31,250.0,61,1250,3,61,1250,data\sub-03\ses-2\eeg\sub-03_ses-2_task-eyesopen_eeg.set,271
sub-03,ses-2,eyesopen,1,SD,32,250.0,61,1250,3,61,1250,data\sub-03\ses-2\eeg\sub-03_ses-2_task-eyesopen_eeg.set,272
sub-03,ses-2,eyesopen,1,SD,33,250.0,61,1250,3,61,1250,data\sub-03\ses-2\eeg\sub-03_ses-2_task-eyesopen_eeg.set,273
sub-03,ses-2,eyesopen,1,SD,34,250.0,61,1250,3,61,1250,data\sub-03\ses-2\eeg\sub-03_ses-2_task-eyesopen_eeg.set,274
sub-03,ses-2,eyesopen,1,SD,35,250.0,61,1250,3,61,1250,data\sub-03\ses-2\eeg\sub-03_ses-2_task-eyesopen_eeg.set,275
sub-03,ses-2,eyesopen,1,SD,36,250.0,61,1250,3,61,1250,data\sub-03\ses-2\eeg\sub-03_ses-2_task-eyesopen_eeg.set,276
sub-03,ses-2,eyesopen,1,SD,37,250.0,61,1250,3,61,1250,data\sub-03\ses-2\eeg\sub-03_ses-2_task-eyesopen_eeg.set,277
sub-03,ses-2,eyesopen,1,SD,38,250.0,61,1250,3,61,1250,data\sub-03\ses-2\eeg\sub-03_ses-2_task-eyesopen_eeg.set,278
sub-03,ses-2,eyesopen,1,SD,39,250.0,61,1250,3,61,1250,data\sub-03\ses-2\eeg\sub-03_ses-2_task-eyesopen_eeg.set,279
sub-03,ses-2,eyesopen,1,SD,40,250.0,61,1250,3,61,1250,data\sub-03\ses-2\eeg\sub-03_ses-2_task-eyesopen_eeg.set,280
sub-03,ses-2,eyesopen,1,SD,41,250.0,61,1250,3,61,1250,data\sub-03\ses-2\eeg\sub-03_ses-2_task-eyesopen_eeg.set,281
sub-03,ses-2,eyesopen,1,SD,42,250.0,61,1250,3,61,1250,data\sub-03\ses-2\eeg\sub-03_ses-2_task-eyesopen_eeg.set,282
sub-03,ses-2,eyesopen,1,SD,43,250.0,61,1250,3,61,1250,data\sub-03\ses-2\eeg\sub-03_ses-2_task-eyesopen_eeg.set,283
sub-03,ses-2,eyesopen,1,SD,44,250.0,61,1250,3,61,1250,data\sub-03\ses-2\eeg\sub-03_ses-2_task-eyesopen_eeg.set,284
sub-03,ses-2,eyesopen,1,SD,45,250.0,61,1250,3,61,1250,data\sub-03\ses-2\eeg\sub-03_ses-2_task-eyesopen_eeg.set,285
sub-03,ses-2,eyesopen,1,SD,46,250.0,61,1250,3,61,1250,data\sub-03\ses-2\eeg\sub-03_ses-2_task-eyesopen_eeg.set,286
sub-03,ses-2,eyesopen,1,SD,47,250.0,61,1250,3,61,1250,data\sub-03\ses-2\eeg\sub-03_ses-2_task-eyesopen_eeg.set,287
sub-03,ses-2,eyesopen,1,SD,48,250.0,61,1250,3,61,1250,data\sub-03\ses-2\eeg\sub-03_ses-2_task-eyesopen_eeg.set,288
sub-03,ses-2,eyesopen,1,SD,49,250.0,61,1250,3,61,1250,data\sub-03\ses-2\eeg\sub-03_ses-2_task-eyesopen_eeg.set,289
sub-03,ses-2,eyesopen,1,SD,50,250.0,61,1250,3,61,1250,data\sub-03\ses-2\eeg\sub-03_ses-2_task-eyesopen_eeg.set,290
sub-03,ses-2,eyesopen,1,SD,51,250.0,61,1250,3,61,1250,data\sub-03\ses-2\eeg\sub-03_ses-2_task-eyesopen_eeg.set,291
sub-03,ses-2,eyesopen,1,SD,52,250.0,61,1250,3,61,1250,data\sub-03\ses-2\eeg\sub-03_ses-2_task-eyesopen_eeg.set,292
sub-03,ses-2,eyesopen,1,SD,53,250.0,61,1250,3,61,1250,data\sub-03\ses-2\eeg\sub-03_ses-2_task-eyesopen_eeg.set,293
sub-03,ses-2,eyesopen,1,SD,54,250.0,61,1250,3,61,1250,data\sub-03\ses-2\eeg\sub-03_ses-2_task-eyesopen_eeg.set,294
sub-03,ses-2,eyesopen,1,SD,55,250.0,61,1250,3,61,1250,data\sub-03\ses-2\eeg\sub-03_ses-2_task-eyesopen_eeg.set,295
sub-03,ses-2,eyesopen,1,SD,56,250.0,61,1250,3,61,1250,data\sub-03\ses-2\eeg\sub-03_ses-2_task-eyesopen_eeg.set,296
sub-03,ses-2,eyesopen,1,SD,57,250.0,61,1250,3,61,1250,data\sub-03\ses-2\eeg\sub-03_ses-2_task-eyesopen_eeg.set,297
sub-03,ses-2,eyesopen,1,SD,58,250.0,61,1250,3,61,1250,data\sub-03\ses-2\eeg\sub-03_ses-2_task-eyesopen_eeg.set,298
sub-03,ses-2,eyesopen,1,SD,59,250.0,61,1250,3,61,1250,data\sub-03\ses-2\eeg\sub-03_ses-2_task-eyesopen_eeg.set,299
sub-04,ses-1,eyesopen,0,NS,0,250.0,61,1250,3,61,1250,data\sub-04\ses-1\eeg\sub-04_ses-1_task-eyesopen_eeg.set,300
sub-04,ses-1,eyesopen,0,NS,1,250.0,61,1250,3,61,1250,data\sub-04\ses-1\eeg\sub-04_ses-1_task-eyesopen_eeg.set,301
sub-04,ses-1,eyesopen,0,NS,2,250.0,61,1250,3,61,1250,data\sub-04\ses-1\eeg\sub-04_ses-1_task-eyesopen_eeg.set,302
sub-04,ses-1,eyesopen,0,NS,3,250.0,61,1250,3,61,1250,data\sub-04\ses-1\eeg\sub-04_ses-1_task-eyesopen_eeg.set,303
sub-04,ses-1,eyesopen,0,NS,4,250.0,61,1250,3,61,1250,data\sub-04\ses-1\eeg\sub-04_ses-1_task-eyesopen_eeg.set,304
sub-04,ses-1,eyesopen,0,NS,5,250.0,61,1250,3,61,1250,data\sub-04\ses-1\eeg\sub-04_ses-1_task-eyesopen_eeg.set,305
sub-04,ses-1,eyesopen,0,NS,6,250.0,61,1250,3,61,1250,data\sub-04\ses-1\eeg\sub-04_ses-1_task-eyesopen_eeg.set,306
sub-04,ses-1,eyesopen,0,NS,7,250.0,61,1250,3,61,1250,data\sub-04\ses-1\eeg\sub-04_ses-1_task-eyesopen_eeg.set,307
sub-04,ses-1,eyesopen,0,NS,8,250.0,61,1250,3,61,1250,data\sub-04\ses-1\eeg\sub-04_ses-1_task-eyesopen_eeg.set,308
sub-04,ses-1,eyesopen,0,NS,9,250.0,61,1250,3,61,1250,data\sub-04\ses-1\eeg\sub-04_ses-1_task-eyesopen_eeg.set,309
sub-04,ses-1,eyesopen,0,NS,10,250.0,61,1250,3,61,1250,data\sub-04\ses-1\eeg\sub-04_ses-1_task-eyesopen_eeg.set,310
sub-04,ses-1,eyesopen,0,NS,11,250.0,61,1250,3,61,1250,data\sub-04\ses-1\eeg\sub-04_ses-1_task-eyesopen_eeg.set,311
sub-04,ses-1,eyesopen,0,NS,12,250.0,61,1250,3,61,1250,data\sub-04\ses-1\eeg\sub-04_ses-1_task-eyesopen_eeg.set,312
sub-04,ses-1,eyesopen,0,NS,13,250.0,61,1250,3,61,1250,data\sub-04\ses-1\eeg\sub-04_ses-1_task-eyesopen_eeg.set,313
sub-04,ses-1,eyesopen,0,NS,14,250.0,61,1250,3,61,1250,data\sub-04\ses-1\eeg\sub-04_ses-1_task-eyesopen_eeg.set,314
sub-04,ses-1,eyesopen,0,NS,15,250.0,61,1250,3,61,1250,data\sub-04\ses-1\eeg\sub-04_ses-1_task-eyesopen_eeg.set,315
sub-04,ses-1,eyesopen,0,NS,16,250.0,61,1250,3,61,1250,data\sub-04\ses-1\eeg\sub-04_ses-1_task-eyesopen_eeg.set,316
sub-04,ses-1,eyesopen,0,NS,17,250.0,61,1250,3,61,1250,data\sub-04\ses-1\eeg\sub-04_ses-1_task-eyesopen_eeg.set,317
sub-04,ses-1,eyesopen,0,NS,18,250.0,61,1250,3,61,1250,data\sub-04\ses-1\eeg\sub-04_ses-1_task-eyesopen_eeg.set,318
sub-04,ses-1,eyesopen,0,NS,19,250.0,61,1250,3,61,1250,data\sub-04\ses-1\eeg\sub-04_ses-1_task-eyesopen_eeg.set,319
sub-04,ses-1,eyesopen,0,NS,20,250.0,61,1250,3,61,1250,data\sub-04\ses-1\eeg\sub-04_ses-1_task-eyesopen_eeg.set,320
sub-04,ses-1,eyesopen,0,NS,21,250.0,61,1250,3,61,1250,data\sub-04\ses-1\eeg\sub-04_ses-1_task-eyesopen_eeg.set,321
sub-04,ses-1,eyesopen,0,NS,22,250.0,61,1250,3,61,1250,data\sub-04\ses-1\eeg\sub-04_ses-1_task-eyesopen_eeg.set,322
sub-04,ses-1,eyesopen,0,NS,23,250.0,61,1250,3,61,1250,data\sub-04\ses-1\eeg\sub-04_ses-1_task-eyesopen_eeg.set,323
sub-04,ses-1,eyesopen,0,NS,24,250.0,61,1250,3,61,1250,data\sub-04\ses-1\eeg\sub-04_ses-1_task-eyesopen_eeg.set,324
sub-04,ses-1,eyesopen,0,NS,25,250.0,61,1250,3,61,1250,data\sub-04\ses-1\eeg\sub-04_ses-1_task-eyesopen_eeg.set,325
sub-04,ses-1,eyesopen,0,NS,26,250.0,61,1250,3,61,1250,data\sub-04\ses-1\eeg\sub-04_ses-1_task-eyesopen_eeg.set,326
sub-04,ses-1,eyesopen,0,NS,27,250.0,61,1250,3,61,1250,data\sub-04\ses-1\eeg\sub-04_ses-1_task-eyesopen_eeg.set,327
sub-04,ses-1,eyesopen,0,NS,28,250.0,61,1250,3,61,1250,data\sub-04\ses-1\eeg\sub-04_ses-1_task-eyesopen_eeg.set,328
sub-04,ses-1,eyesopen,0,NS,29,250.0,61,1250,3,61,1250,data\sub-04\ses-1\eeg\sub-04_ses-1_task-eyesopen_eeg.set,329
sub-04,ses-1,eyesopen,0,NS,30,250.0,61,1250,3,61,1250,data\sub-04\ses-1\eeg\sub-04_ses-1_task-eyesopen_eeg.set,330
sub-04,ses-1,eyesopen,0,NS,31,250.0,61,1250,3,61,1250,data\sub-04\ses-1\eeg\sub-04_ses-1_task-eyesopen_eeg.set,331
sub-04,ses-1,eyesopen,0,NS,32,250.0,61,1250,3,61,1250,data\sub-04\ses-1\eeg\sub-04_ses-1_task-eyesopen_eeg.set,332
sub-04,ses-1,eyesopen,0,NS,33,250.0,61,1250,3,61,1250,data\sub-04\ses-1\eeg\sub-04_ses-1_task-eyesopen_eeg.set,333
sub-04,ses-1,eyesopen,0,NS,34,250.0,61,1250,3,61,1250,data\sub-04\ses-1\eeg\sub-04_ses-1_task-eyesopen_eeg.set,334
sub-04,ses-1,eyesopen,0,NS,35,250.0,61,1250,3,61,1250,data\sub-04\ses-1\eeg\sub-04_ses-1_task-eyesopen_eeg.set,335
sub-04,ses-1,eyesopen,0,NS,36,250.0,61,1250,3,61,1250,data\sub-04\ses-1\eeg\sub-04_ses-1_task-eyesopen_eeg.set,336
sub-04,ses-1,eyesopen,0,NS,37,250.0,61,1250,3,61,1250,data\sub-04\ses-1\eeg\sub-04_ses-1_task-eyesopen_eeg.set,337
sub-04,ses-1,eyesopen,0,NS,38,250.0,61,1250,3,61,1250,data\sub-04\ses-1\eeg\sub-04_ses-1_task-eyesopen_eeg.set,338
sub-04,ses-1,eyesopen,0,NS,39,250.0,61,1250,3,61,1250,data\sub-04\ses-1\eeg\sub-04_ses-1_task-eyesopen_eeg.set,339
sub-04,ses-1,eyesopen,0,NS,40,250.0,61,1250,3,61,1250,data\sub-04\ses-1\eeg\sub-04_ses-1_task-eyesopen_eeg.set,340
sub-04,ses-1,eyesopen,0,NS,41,250.0,61,1250,3,61,1250,data\sub-04\ses-1\eeg\sub-04_ses-1_task-eyesopen_eeg.set,341
sub-04,ses-1,eyesopen,0,NS,42,250.0,61,1250,3,61,1250,data\sub-04\ses-1\eeg\sub-04_ses-1_task-eyesopen_eeg.set,342
sub-04,ses-1,eyesopen,0,NS,43,250.0,61,1250,3,61,1250,data\sub-04\ses-1\eeg\sub-04_ses-1_task-eyesopen_eeg.set,343
sub-04,ses-1,eyesopen,0,NS,44,250.0,61,1250,3,61,1250,data\sub-04\ses-1\eeg\sub-04_ses-1_task-eyesopen_eeg.set,344
sub-04,ses-1,eyesopen,0,NS,45,250.0,61,1250,3,61,1250,data\sub-04\ses-1\eeg\sub-04_ses-1_task-eyesopen_eeg.set,345
sub-04,ses-1,eyesopen,0,NS,46,250.0,61,1250,3,61,1250,data\sub-04\ses-1\eeg\sub-04_ses-1_task-eyesopen_eeg.set,346
sub-04,ses-1,eyesopen,0,NS,47,250.0,61,1250,3,61,1250,data\sub-04\ses-1\eeg\sub-04_ses-1_task-eyesopen_eeg.set,347
sub-04,ses-1,eyesopen,0,NS,48,250.0,61,1250,3,61,1250,data\sub-04\ses-1\eeg\sub-04_ses-1_task-eyesopen_eeg.set,348
sub-04,ses-1,eyesopen,0,NS,49,250.0,61,1250,3,61,1250,data\sub-04\ses-1\eeg\sub-04_ses-1_task-eyesopen_eeg.set,349
sub-04,ses-1,eyesopen,0,NS,50,250.0,61,1250,3,61,1250,data\sub-04\ses-1\eeg\sub-04_ses-1_task-eyesopen_eeg.set,350
sub-04,ses-1,eyesopen,0,NS,51,250.0,61,1250,3,61,1250,data\sub-04\ses-1\eeg\sub-04_ses-1_task-eyesopen_eeg.set,351
sub-04,ses-1,eyesopen,0,NS,52,250.0,61,1250,3,61,1250,data\sub-04\ses-1\eeg\sub-04_ses-1_task-eyesopen_eeg.set,352
sub-04,ses-1,eyesopen,0,NS,53,250.0,61,1250,3,61,1250,data\sub-04\ses-1\eeg\sub-04_ses-1_task-eyesopen_eeg.set,353
sub-04,ses-1,eyesopen,0,NS,54,250.0,61,1250,3,61,1250,data\sub-04\ses-1\eeg\sub-04_ses-1_task-eyesopen_eeg.set,354
sub-04,ses-1,eyesopen,0,NS,55,250.0,61,1250,3,61,1250,data\sub-04\ses-1\eeg\sub-04_ses-1_task-eyesopen_eeg.set,355
sub-04,ses-1,eyesopen,0,NS,56,250.0,61,1250,3,61,1250,data\sub-04\ses-1\eeg\sub-04_ses-1_task-eyesopen_eeg.set,356
sub-04,ses-1,eyesopen,0,NS,57,250.0,61,1250,3,61,1250,data\sub-04\ses-1\eeg\sub-04_ses-1_task-eyesopen_eeg.set,357
sub-04,ses-1,eyesopen,0,NS,58,250.0,61,1250,3,61,1250,data\sub-04\ses-1\eeg\sub-04_ses-1_task-eyesopen_eeg.set,358
sub-04,ses-1,eyesopen,0,NS,59,250.0,61,1250,3,61,1250,data\sub-04\ses-1\eeg\sub-04_ses-1_task-eyesopen_eeg.set,359
sub-04,ses-2,eyesopen,1,SD,0,250.0,61,1250,3,61,1250,data\sub-04\ses-2\eeg\sub-04_ses-2_task-eyesopen_eeg.set,360
sub-04,ses-2,eyesopen,1,SD,1,250.0,61,1250,3,61,1250,data\sub-04\ses-2\eeg\sub-04_ses-2_task-eyesopen_eeg.set,361
sub-04,ses-2,eyesopen,1,SD,2,250.0,61,1250,3,61,1250,data\sub-04\ses-2\eeg\sub-04_ses-2_task-eyesopen_eeg.set,362
sub-04,ses-2,eyesopen,1,SD,3,250.0,61,1250,3,61,1250,data\sub-04\ses-2\eeg\sub-04_ses-2_task-eyesopen_eeg.set,363
sub-04,ses-2,eyesopen,1,SD,4,250.0,61,1250,3,61,1250,data\sub-04\ses-2\eeg\sub-04_ses-2_task-eyesopen_eeg.set,364
sub-04,ses-2,eyesopen,1,SD,5,250.0,61,1250,3,61,1250,data\sub-04\ses-2\eeg\sub-04_ses-2_task-eyesopen_eeg.set,365
sub-04,ses-2,eyesopen,1,SD,6,250.0,61,1250,3,61,1250,data\sub-04\ses-2\eeg\sub-04_ses-2_task-eyesopen_eeg.set,366
sub-04,ses-2,eyesopen,1,SD,7,250.0,61,1250,3,61,1250,data\sub-04\ses-2\eeg\sub-04_ses-2_task-eyesopen_eeg.set,367
sub-04,ses-2,eyesopen,1,SD,8,250.0,61,1250,3,61,1250,data\sub-04\ses-2\eeg\sub-04_ses-2_task-eyesopen_eeg.set,368
sub-04,ses-2,eyesopen,1,SD,9,250.0,61,1250,3,61,1250,data\sub-04\ses-2\eeg\sub-04_ses-2_task-eyesopen_eeg.set,369
sub-04,ses-2,eyesopen,1,SD,10,250.0,61,1250,3,61,1250,data\sub-04\ses-2\eeg\sub-04_ses-2_task-eyesopen_eeg.set,370
sub-04,ses-2,eyesopen,1,SD,11,250.0,61,1250,3,61,1250,data\sub-04\ses-2\eeg\sub-04_ses-2_task-eyesopen_eeg.set,371
sub-04,ses-2,eyesopen,1,SD,12,250.0,61,1250,3,61,1250,data\sub-04\ses-2\eeg\sub-04_ses-2_task-eyesopen_eeg.set,372
sub-04,ses-2,eyesopen,1,SD,13,250.0,61,1250,3,61,1250,data\sub-04\ses-2\eeg\sub-04_ses-2_task-eyesopen_eeg.set,373
sub-04,ses-2,eyesopen,1,SD,14,250.0,61,1250,3,61,1250,data\sub-04\ses-2\eeg\sub-04_ses-2_task-eyesopen_eeg.set,374
sub-04,ses-2,eyesopen,1,SD,15,250.0,61,1250,3,61,1250,data\sub-04\ses-2\eeg\sub-04_ses-2_task-eyesopen_eeg.set,375
sub-04,ses-2,eyesopen,1,SD,16,250.0,61,1250,3,61,1250,data\sub-04\ses-2\eeg\sub-04_ses-2_task-eyesopen_eeg.set,376
sub-04,ses-2,eyesopen,1,SD,17,250.0,61,1250,3,61,1250,data\sub-04\ses-2\eeg\sub-04_ses-2_task-eyesopen_eeg.set,377
sub-04,ses-2,eyesopen,1,SD,18,250.0,61,1250,3,61,1250,data\sub-04\ses-2\eeg\sub-04_ses-2_task-eyesopen_eeg.set,378
sub-04,ses-2,eyesopen,1,SD,19,250.0,61,1250,3,61,1250,data\sub-04\ses-2\eeg\sub-04_ses-2_task-eyesopen_eeg.set,379
sub-04,ses-2,eyesopen,1,SD,20,250.0,61,1250,3,61,1250,data\sub-04\ses-2\eeg\sub-04_ses-2_task-eyesopen_eeg.set,380
sub-04,ses-2,eyesopen,1,SD,21,250.0,61,1250,3,61,1250,data\sub-04\ses-2\eeg\sub-04_ses-2_task-eyesopen_eeg.set,381
sub-04,ses-2,eyesopen,1,SD,22,250.0,61,1250,3,61,1250,data\sub-04\ses-2\eeg\sub-04_ses-2_task-eyesopen_eeg.set,382
sub-04,ses-2,eyesopen,1,SD,23,250.0,61,1250,3,61,1250,data\sub-04\ses-2\eeg\sub-04_ses-2_task-eyesopen_eeg.set,383
sub-04,ses-2,eyesopen,1,SD,24,250.0,61,1250,3,61,1250,data\sub-04\ses-2\eeg\sub-04_ses-2_task-eyesopen_eeg.set,384
sub-04,ses-2,eyesopen,1,SD,25,250.0,61,1250,3,61,1250,data\sub-04\ses-2\eeg\sub-04_ses-2_task-eyesopen_eeg.set,385
sub-04,ses-2,eyesopen,1,SD,26,250.0,61,1250,3,61,1250,data\sub-04\ses-2\eeg\sub-04_ses-2_task-eyesopen_eeg.set,386
sub-04,ses-2,eyesopen,1,SD,27,250.0,61,1250,3,61,1250,data\sub-04\ses-2\eeg\sub-04_ses-2_task-eyesopen_eeg.set,387
sub-04,ses-2,eyesopen,1,SD,28,250.0,61,1250,3,61,1250,data\sub-04\ses-2\eeg\sub-04_ses-2_task-eyesopen_eeg.set,388
sub-04,ses-2,eyesopen,1,SD,29,250.0,61,1250,3,61,1250,data\sub-04\ses-2\eeg\sub-04_ses-2_task-eyesopen_eeg.set,389
sub-04,ses-2,eyesopen,1,SD,30,250.0,61,1250,3,61,1250,data\sub-04\ses-2\eeg\sub-04_ses-2_task-eyesopen_eeg.set,390
sub-04,ses-2,eyesopen,1,SD,31,250.0,61,1250,3,61,1250,data\sub-04\ses-2\eeg\sub-04_ses-2_task-eyesopen_eeg.set,391
sub-04,ses-2,eyesopen,1,SD,32,250.0,61,1250,3,61,1250,data\sub-04\ses-2\eeg\sub-04_ses-2_task-eyesopen_eeg.set,392
sub-04,ses-2,eyesopen,1,SD,33,250.0,61,1250,3,61,1250,data\sub-04\ses-2\eeg\sub-04_ses-2_task-eyesopen_eeg.set,393
sub-04,ses-2,eyesopen,1,SD,34,250.0,61,1250,3,61,1250,data\sub-04\ses-2\eeg\sub-04_ses-2_task-eyesopen_eeg.set,394
sub-04,ses-2,eyesopen,1,SD,35,250.0,61,1250,3,61,1250,data\sub-04\ses-2\eeg\sub-04_ses-2_task-eyesopen_eeg.set,395
sub-04,ses-2,eyesopen,1,SD,36,250.0,61,1250,3,61,1250,data\sub-04\ses-2\eeg\sub-04_ses-2_task-eyesopen_eeg.set,396
sub-04,ses-2,eyesopen,1,SD,37,250.0,61,1250,3,61,1250,data\sub-04\ses-2\eeg\sub-04_ses-2_task-eyesopen_eeg.set,397
sub-04,ses-2,eyesopen,1,SD,38,250.0,61,1250,3,61,1250,data\sub-04\ses-2\eeg\sub-04_ses-2_task-eyesopen_eeg.set,398
sub-04,ses-2,eyesopen,1,SD,39,250.0,61,1250,3,61,1250,data\sub-04\ses-2\eeg\sub-04_ses-2_task-eyesopen_eeg.set,399
sub-04,ses-2,eyesopen,1,SD,40,250.0,61,1250,3,61,1250,data\sub-04\ses-2\eeg\sub-04_ses-2_task-eyesopen_eeg.set,400
sub-04,ses-2,eyesopen,1,SD,41,250.0,61,1250,3,61,1250,data\sub-04\ses-2\eeg\sub-04_ses-2_task-eyesopen_eeg.set,401
sub-04,ses-2,eyesopen,1,SD,42,250.0,61,1250,3,61,1250,data\sub-04\ses-2\eeg\sub-04_ses-2_task-eyesopen_eeg.set,402
sub-04,ses-2,eyesopen,1,SD,43,250.0,61,1250,3,61,1250,data\sub-04\ses-2\eeg\sub-04_ses-2_task-eyesopen_eeg.set,403
sub-04,ses-2,eyesopen,1,SD,44,250.0,61,1250,3,61,1250,data\sub-04\ses-2\eeg\sub-04_ses-2_task-eyesopen_eeg.set,404
sub-04,ses-2,eyesopen,1,SD,45,250.0,61,1250,3,61,1250,data\sub-04\ses-2\eeg\sub-04_ses-2_task-eyesopen_eeg.set,405
sub-04,ses-2,eyesopen,1,SD,46,250.0,61,1250,3,61,1250,data\sub-04\ses-2\eeg\sub-04_ses-2_task-eyesopen_eeg.set,406
sub-04,ses-2,eyesopen,1,SD,47,250.0,61,1250,3,61,1250,data\sub-04\ses-2\eeg\sub-04_ses-2_task-eyesopen_eeg.set,407
sub-04,ses-2,eyesopen,1,SD,48,250.0,61,1250,3,61,1250,data\sub-04\ses-2\eeg\sub-04_ses-2_task-eyesopen_eeg.set,408
sub-04,ses-2,eyesopen,1,SD,49,250.0,61,1250,3,61,1250,data\sub-04\ses-2\eeg\sub-04_ses-2_task-eyesopen_eeg.set,409
sub-04,ses-2,eyesopen,1,SD,50,250.0,61,1250,3,61,1250,data\sub-04\ses-2\eeg\sub-04_ses-2_task-eyesopen_eeg.set,410
sub-04,ses-2,eyesopen,1,SD,51,250.0,61,1250,3,61,1250,data\sub-04\ses-2\eeg\sub-04_ses-2_task-eyesopen_eeg.set,411
sub-04,ses-2,eyesopen,1,SD,52,250.0,61,1250,3,61,1250,data\sub-04\ses-2\eeg\sub-04_ses-2_task-eyesopen_eeg.set,412
sub-04,ses-2,eyesopen,1,SD,53,250.0,61,1250,3,61,1250,data\sub-04\ses-2\eeg\sub-04_ses-2_task-eyesopen_eeg.set,413
sub-04,ses-2,eyesopen,1,SD,54,250.0,61,1250,3,61,1250,data\sub-04\ses-2\eeg\sub-04_ses-2_task-eyesopen_eeg.set,414
sub-04,ses-2,eyesopen,1,SD,55,250.0,61,1250,3,61,1250,data\sub-04\ses-2\eeg\sub-04_ses-2_task-eyesopen_eeg.set,415
sub-04,ses-2,eyesopen,1,SD,56,250.0,61,1250,3,61,1250,data\sub-04\ses-2\eeg\sub-04_ses-2_task-eyesopen_eeg.set,416
sub-04,ses-2,eyesopen,1,SD,57,250.0,61,1250,3,61,1250,data\sub-04\ses-2\eeg\sub-04_ses-2_task-eyesopen_eeg.set,417
sub-04,ses-2,eyesopen,1,SD,58,250.0,61,1250,3,61,1250,data\sub-04\ses-2\eeg\sub-04_ses-2_task-eyesopen_eeg.set,418
sub-04,ses-2,eyesopen,1,SD,59,250.0,61,1250,3,61,1250,data\sub-04\ses-2\eeg\sub-04_ses-2_task-eyesopen_eeg.set,419
sub-07,ses-1,eyesopen,0,NS,0,250.0,61,1250,3,61,1250,data\sub-07\ses-1\eeg\sub-07_ses-1_task-eyesopen_eeg.set,660
sub-07,ses-1,eyesopen,0,NS,1,250.0,61,1250,3,61,1250,data\sub-07\ses-1\eeg\sub-07_ses-1_task-eyesopen_eeg.set,661
sub-07,ses-1,eyesopen,0,NS,2,250.0,61,1250,3,61,1250,data\sub-07\ses-1\eeg\sub-07_ses-1_task-eyesopen_eeg.set,662
sub-07,ses-1,eyesopen,0,NS,3,250.0,61,1250,3,61,1250,data\sub-07\ses-1\eeg\sub-07_ses-1_task-eyesopen_eeg.set,663
sub-07,ses-1,eyesopen,0,NS,4,250.0,61,1250,3,61,1250,data\sub-07\ses-1\eeg\sub-07_ses-1_task-eyesopen_eeg.set,664
sub-07,ses-1,eyesopen,0,NS,5,250.0,61,1250,3,61,1250,data\sub-07\ses-1\eeg\sub-07_ses-1_task-eyesopen_eeg.set,665
sub-07,ses-1,eyesopen,0,NS,6,250.0,61,1250,3,61,1250,data\sub-07\ses-1\eeg\sub-07_ses-1_task-eyesopen_eeg.set,666
sub-07,ses-1,eyesopen,0,NS,7,250.0,61,1250,3,61,1250,data\sub-07\ses-1\eeg\sub-07_ses-1_task-eyesopen_eeg.set,667
sub-07,ses-1,eyesopen,0,NS,8,250.0,61,1250,3,61,1250,data\sub-07\ses-1\eeg\sub-07_ses-1_task-eyesopen_eeg.set,668
sub-07,ses-1,eyesopen,0,NS,9,250.0,61,1250,3,61,1250,data\sub-07\ses-1\eeg\sub-07_ses-1_task-eyesopen_eeg.set,669
sub-07,ses-1,eyesopen,0,NS,10,250.0,61,1250,3,61,1250,data\sub-07\ses-1\eeg\sub-07_ses-1_task-eyesopen_eeg.set,670
sub-07,ses-1,eyesopen,0,NS,11,250.0,61,1250,3,61,1250,data\sub-07\ses-1\eeg\sub-07_ses-1_task-eyesopen_eeg.set,671
sub-07,ses-1,eyesopen,0,NS,12,250.0,61,1250,3,61,1250,data\sub-07\ses-1\eeg\sub-07_ses-1_task-eyesopen_eeg.set,672
sub-07,ses-1,eyesopen,0,NS,13,250.0,61,1250,3,61,1250,data\sub-07\ses-1\eeg\sub-07_ses-1_task-eyesopen_eeg.set,673
sub-07,ses-1,eyesopen,0,NS,14,250.0,61,1250,3,61,1250,data\sub-07\ses-1\eeg\sub-07_ses-1_task-eyesopen_eeg.set,674
sub-07,ses-1,eyesopen,0,NS,15,250.0,61,1250,3,61,1250,data\sub-07\ses-1\eeg\sub-07_ses-1_task-eyesopen_eeg.set,675
sub-07,ses-1,eyesopen,0,NS,16,250.0,61,1250,3,61,1250,data\sub-07\ses-1\eeg\sub-07_ses-1_task-eyesopen_eeg.set,676
sub-07,ses-1,eyesopen,0,NS,17,250.0,61,1250,3,61,1250,data\sub-07\ses-1\eeg\sub-07_ses-1_task-eyesopen_eeg.set,677
sub-07,ses-1,eyesopen,0,NS,18,250.0,61,1250,3,61,1250,data\sub-07\ses-1\eeg\sub-07_ses-1_task-eyesopen_eeg.set,678
sub-07,ses-1,eyesopen,0,NS,19,250.0,61,1250,3,61,1250,data\sub-07\ses-1\eeg\sub-07_ses-1_task-eyesopen_eeg.set,679
sub-07,ses-1,eyesopen,0,NS,20,250.0,61,1250,3,61,1250,data\sub-07\ses-1\eeg\sub-07_ses-1_task-eyesopen_eeg.set,680
sub-07,ses-1,eyesopen,0,NS,21,250.0,61,1250,3,61,1250,data\sub-07\ses-1\eeg\sub-07_ses-1_task-eyesopen_eeg.set,681
sub-07,ses-1,eyesopen,0,NS,22,250.0,61,1250,3,61,1250,data\sub-07\ses-1\eeg\sub-07_ses-1_task-eyesopen_eeg.set,682
sub-07,ses-1,eyesopen,0,NS,23,250.0,61,1250,3,61,1250,data\sub-07\ses-1\eeg\sub-07_ses-1_task-eyesopen_eeg.set,683
sub-07,ses-1,eyesopen,0,NS,24,250.0,61,1250,3,61,1250,data\sub-07\ses-1\eeg\sub-07_ses-1_task-eyesopen_eeg.set,684
sub-07,ses-1,eyesopen,0,NS,25,250.0,61,1250,3,61,1250,data\sub-07\ses-1\eeg\sub-07_ses-1_task-eyesopen_eeg.set,685
sub-07,ses-1,eyesopen,0,NS,26,250.0,61,1250,3,61,1250,data\sub-07\ses-1\eeg\sub-07_ses-1_task-eyesopen_eeg.set,686
sub-07,ses-1,eyesopen,0,NS,27,250.0,61,1250,3,61,1250,data\sub-07\ses-1\eeg\sub-07_ses-1_task-eyesopen_eeg.set,687
sub-07,ses-1,eyesopen,0,NS,28,250.0,61,1250,3,61,1250,data\sub-07\ses-1\eeg\sub-07_ses-1_task-eyesopen_eeg.set,688
sub-07,ses-1,eyesopen,0,NS,29,250.0,61,1250,3,61,1250,data\sub-07\ses-1\eeg\sub-07_ses-1_task-eyesopen_eeg.set,689
sub-07,ses-1,eyesopen,0,NS,30,250.0,61,1250,3,61,1250,data\sub-07\ses-1\eeg\sub-07_ses-1_task-eyesopen_eeg.set,690
sub-07,ses-1,eyesopen,0,NS,31,250.0,61,1250,3,61,1250,data\sub-07\ses-1\eeg\sub-07_ses-1_task-eyesopen_eeg.set,691
sub-07,ses-1,eyesopen,0,NS,32,250.0,61,1250,3,61,1250,data\sub-07\ses-1\eeg\sub-07_ses-1_task-eyesopen_eeg.set,692
sub-07,ses-1,eyesopen,0,NS,33,250.0,61,1250,3,61,1250,data\sub-07\ses-1\eeg\sub-07_ses-1_task-eyesopen_eeg.set,693
sub-07,ses-1,eyesopen,0,NS,34,250.0,61,1250,3,61,1250,data\sub-07\ses-1\eeg\sub-07_ses-1_task-eyesopen_eeg.set,694
sub-07,ses-1,eyesopen,0,NS,35,250.0,61,1250,3,61,1250,data\sub-07\ses-1\eeg\sub-07_ses-1_task-eyesopen_eeg.set,695
sub-07,ses-1,eyesopen,0,NS,36,250.0,61,1250,3,61,1250,data\sub-07\ses-1\eeg\sub-07_ses-1_task-eyesopen_eeg.set,696
sub-07,ses-1,eyesopen,0,NS,37,250.0,61,1250,3,61,1250,data\sub-07\ses-1\eeg\sub-07_ses-1_task-eyesopen_eeg.set,697
sub-07,ses-1,eyesopen,0,NS,38,250.0,61,1250,3,61,1250,data\sub-07\ses-1\eeg\sub-07_ses-1_task-eyesopen_eeg.set,698
sub-07,ses-1,eyesopen,0,NS,39,250.0,61,1250,3,61,1250,data\sub-07\ses-1\eeg\sub-07_ses-1_task-eyesopen_eeg.set,699
sub-07,ses-1,eyesopen,0,NS,40,250.0,61,1250,3,61,1250,data\sub-07\ses-1\eeg\sub-07_ses-1_task-eyesopen_eeg.set,700
sub-07,ses-1,eyesopen,0,NS,41,250.0,61,1250,3,61,1250,data\sub-07\ses-1\eeg\sub-07_ses-1_task-eyesopen_eeg.set,701
sub-07,ses-1,eyesopen,0,NS,42,250.0,61,1250,3,61,1250,data\sub-07\ses-1\eeg\sub-07_ses-1_task-eyesopen_eeg.set,702
sub-07,ses-1,eyesopen,0,NS,43,250.0,61,1250,3,61,1250,data\sub-07\ses-1\eeg\sub-07_ses-1_task-eyesopen_eeg.set,703
sub-07,ses-1,eyesopen,0,NS,44,250.0,61,1250,3,61,1250,data\sub-07\ses-1\eeg\sub-07_ses-1_task-eyesopen_eeg.set,704
sub-07,ses-1,eyesopen,0,NS,45,250.0,61,1250,3,61,1250,data\sub-07\ses-1\eeg\sub-07_ses-1_task-eyesopen_eeg.set,705
sub-07,ses-1,eyesopen,0,NS,46,250.0,61,1250,3,61,1250,data\sub-07\ses-1\eeg\sub-07_ses-1_task-eyesopen_eeg.set,706
sub-07,ses-1,eyesopen,0,NS,47,250.0,61,1250,3,61,1250,data\sub-07\ses-1\eeg\sub-07_ses-1_task-eyesopen_eeg.set,707
sub-07,ses-1,eyesopen,0,NS,48,250.0,61,1250,3,61,1250,data\sub-07\ses-1\eeg\sub-07_ses-1_task-eyesopen_eeg.set,708
sub-07,ses-1,eyesopen,0,NS,49,250.0,61,1250,3,61,1250,data\sub-07\ses-1\eeg\sub-07_ses-1_task-eyesopen_eeg.set,709
sub-07,ses-1,eyesopen,0,NS,50,250.0,61,1250,3,61,1250,data\sub-07\ses-1\eeg\sub-07_ses-1_task-eyesopen_eeg.set,710
sub-07,ses-1,eyesopen,0,NS,51,250.0,61,1250,3,61,1250,data\sub-07\ses-1\eeg\sub-07_ses-1_task-eyesopen_eeg.set,711
sub-07,ses-1,eyesopen,0,NS,52,250.0,61,1250,3,61,1250,data\sub-07\ses-1\eeg\sub-07_ses-1_task-eyesopen_eeg.set,712
sub-07,ses-1,eyesopen,0,NS,53,250.0,61,1250,3,61,1250,data\sub-07\ses-1\eeg\sub-07_ses-1_task-eyesopen_eeg.set,713
sub-07,ses-1,eyesopen,0,NS,54,250.0,61,1250,3,61,1250,data\sub-07\ses-1\eeg\sub-07_ses-1_task-eyesopen_eeg.set,714
sub-07,ses-1,eyesopen,0,NS,55,250.0,61,1250,3,61,1250,data\sub-07\ses-1\eeg\sub-07_ses-1_task-eyesopen_eeg.set,715
sub-07,ses-1,eyesopen,0,NS,56,250.0,61,1250,3,61,1250,data\sub-07\ses-1\eeg\sub-07_ses-1_task-eyesopen_eeg.set,716
sub-07,ses-1,eyesopen,0,NS,57,250.0,61,1250,3,61,1250,data\sub-07\ses-1\eeg\sub-07_ses-1_task-eyesopen_eeg.set,717
sub-07,ses-1,eyesopen,0,NS,58,250.0,61,1250,3,61,1250,data\sub-07\ses-1\eeg\sub-07_ses-1_task-eyesopen_eeg.set,718
sub-07,ses-1,eyesopen,0,NS,59,250.0,61,1250,3,61,1250,data\sub-07\ses-1\eeg\sub-07_ses-1_task-eyesopen_eeg.set,719
sub-07,ses-2,eyesopen,1,SD,0,250.0,61,1250,3,61,1250,data\sub-07\ses-2\eeg\sub-07_ses-2_task-eyesopen_eeg.set,720
sub-07,ses-2,eyesopen,1,SD,1,250.0,61,1250,3,61,1250,data\sub-07\ses-2\eeg\sub-07_ses-2_task-eyesopen_eeg.set,721
sub-07,ses-2,eyesopen,1,SD,2,250.0,61,1250,3,61,1250,data\sub-07\ses-2\eeg\sub-07_ses-2_task-eyesopen_eeg.set,722
sub-07,ses-2,eyesopen,1,SD,3,250.0,61,1250,3,61,1250,data\sub-07\ses-2\eeg\sub-07_ses-2_task-eyesopen_eeg.set,723
sub-07,ses-2,eyesopen,1,SD,4,250.0,61,1250,3,61,1250,data\sub-07\ses-2\eeg\sub-07_ses-2_task-eyesopen_eeg.set,724
sub-07,ses-2,eyesopen,1,SD,5,250.0,61,1250,3,61,1250,data\sub-07\ses-2\eeg\sub-07_ses-2_task-eyesopen_eeg.set,725
sub-07,ses-2,eyesopen,1,SD,6,250.0,61,1250,3,61,1250,data\sub-07\ses-2\eeg\sub-07_ses-2_task-eyesopen_eeg.set,726
sub-07,ses-2,eyesopen,1,SD,7,250.0,61,1250,3,61,1250,data\sub-07\ses-2\eeg\sub-07_ses-2_task-eyesopen_eeg.set,727
sub-07,ses-2,eyesopen,1,SD,8,250.0,61,1250,3,61,1250,data\sub-07\ses-2\eeg\sub-07_ses-2_task-eyesopen_eeg.set,728
sub-07,ses-2,eyesopen,1,SD,9,250.0,61,1250,3,61,1250,data\sub-07\ses-2\eeg\sub-07_ses-2_task-eyesopen_eeg.set,729
sub-07,ses-2,eyesopen,1,SD,10,250.0,61,1250,3,61,1250,data\sub-07\ses-2\eeg\sub-07_ses-2_task-eyesopen_eeg.set,730
sub-07,ses-2,eyesopen,1,SD,11,250.0,61,1250,3,61,1250,data\sub-07\ses-2\eeg\sub-07_ses-2_task-eyesopen_eeg.set,731
sub-07,ses-2,eyesopen,1,SD,12,250.0,61,1250,3,61,1250,data\sub-07\ses-2\eeg\sub-07_ses-2_task-eyesopen_eeg.set,732
sub-07,ses-2,eyesopen,1,SD,13,250.0,61,1250,3,61,1250,data\sub-07\ses-2\eeg\sub-07_ses-2_task-eyesopen_eeg.set,733
sub-07,ses-2,eyesopen,1,SD,14,250.0,61,1250,3,61,1250,data\sub-07\ses-2\eeg\sub-07_ses-2_task-eyesopen_eeg.set,734
sub-07,ses-2,eyesopen,1,SD,15,250.0,61,1250,3,61,1250,data\sub-07\ses-2\eeg\sub-07_ses-2_task-eyesopen_eeg.set,735
sub-07,ses-2,eyesopen,1,SD,16,250.0,61,1250,3,61,1250,data\sub-07\ses-2\eeg\sub-07_ses-2_task-eyesopen_eeg.set,736
sub-07,ses-2,eyesopen,1,SD,17,250.0,61,1250,3,61,1250,data\sub-07\ses-2\eeg\sub-07_ses-2_task-eyesopen_eeg.set,737
sub-07,ses-2,eyesopen,1,SD,18,250.0,61,1250,3,61,1250,data\sub-07\ses-2\eeg\sub-07_ses-2_task-eyesopen_eeg.set,738
sub-07,ses-2,eyesopen,1,SD,19,250.0,61,1250,3,61,1250,data\sub-07\ses-2\eeg\sub-07_ses-2_task-eyesopen_eeg.set,739
sub-07,ses-2,eyesopen,1,SD,20,250.0,61,1250,3,61,1250,data\sub-07\ses-2\eeg\sub-07_ses-2_task-eyesopen_eeg.set,740
sub-07,ses-2,eyesopen,1,SD,21,250.0,61,1250,3,61,1250,data\sub-07\ses-2\eeg\sub-07_ses-2_task-eyesopen_eeg.set,741
sub-07,ses-2,eyesopen,1,SD,22,250.0,61,1250,3,61,1250,data\sub-07\ses-2\eeg\sub-07_ses-2_task-eyesopen_eeg.set,742
sub-07,ses-2,eyesopen,1,SD,23,250.0,61,1250,3,61,1250,data\sub-07\ses-2\eeg\sub-07_ses-2_task-eyesopen_eeg.set,743
sub-07,ses-2,eyesopen,1,SD,24,250.0,61,1250,3,61,1250,data\sub-07\ses-2\eeg\sub-07_ses-2_task-eyesopen_eeg.set,744
sub-07,ses-2,eyesopen,1,SD,25,250.0,61,1250,3,61,1250,data\sub-07\ses-2\eeg\sub-07_ses-2_task-eyesopen_eeg.set,745
sub-07,ses-2,eyesopen,1,SD,26,250.0,61,1250,3,61,1250,data\sub-07\ses-2\eeg\sub-07_ses-2_task-eyesopen_eeg.set,746
sub-07,ses-2,eyesopen,1,SD,27,250.0,61,1250,3,61,1250,data\sub-07\ses-2\eeg\sub-07_ses-2_task-eyesopen_eeg.set,747
sub-07,ses-2,eyesopen,1,SD,28,250.0,61,1250,3,61,1250,data\sub-07\ses-2\eeg\sub-07_ses-2_task-eyesopen_eeg.set,748
sub-07,ses-2,eyesopen,1,SD,29,250.0,61,1250,3,61,1250,data\sub-07\ses-2\eeg\sub-07_ses-2_task-eyesopen_eeg.set,749
sub-07,ses-2,eyesopen,1,SD,30,250.0,61,1250,3,61,1250,data\sub-07\ses-2\eeg\sub-07_ses-2_task-eyesopen_eeg.set,750
sub-07,ses-2,eyesopen,1,SD,31,250.0,61,1250,3,61,1250,data\sub-07\ses-2\eeg\sub-07_ses-2_task-eyesopen_eeg.set,751
sub-07,ses-2,eyesopen,1,SD,32,250.0,61,1250,3,61,1250,data\sub-07\ses-2\eeg\sub-07_ses-2_task-eyesopen_eeg.set,752
sub-07,ses-2,eyesopen,1,SD,33,250.0,61,1250,3,61,1250,data\sub-07\ses-2\eeg\sub-07_ses-2_task-eyesopen_eeg.set,753
sub-07,ses-2,eyesopen,1,SD,34,250.0,61,1250,3,61,1250,data\sub-07\ses-2\eeg\sub-07_ses-2_task-eyesopen_eeg.set,754
sub-07,ses-2,eyesopen,1,SD,35,250.0,61,1250,3,61,1250,data\sub-07\ses-2\eeg\sub-07_ses-2_task-eyesopen_eeg.set,755
sub-07,ses-2,eyesopen,1,SD,36,250.0,61,1250,3,61,1250,data\sub-07\ses-2\eeg\sub-07_ses-2_task-eyesopen_eeg.set,756
sub-07,ses-2,eyesopen,1,SD,37,250.0,61,1250,3,61,1250,data\sub-07\ses-2\eeg\sub-07_ses-2_task-eyesopen_eeg.set,757
sub-07,ses-2,eyesopen,1,SD,38,250.0,61,1250,3,61,1250,data\sub-07\ses-2\eeg\sub-07_ses-2_task-eyesopen_eeg.set,758
sub-07,ses-2,eyesopen,1,SD,39,250.0,61,1250,3,61,1250,data\sub-07\ses-2\eeg\sub-07_ses-2_task-eyesopen_eeg.set,759
sub-07,ses-2,eyesopen,1,SD,40,250.0,61,1250,3,61,1250,data\sub-07\ses-2\eeg\sub-07_ses-2_task-eyesopen_eeg.set,760
sub-07,ses-2,eyesopen,1,SD,41,250.0,61,1250,3,61,1250,data\sub-07\ses-2\eeg\sub-07_ses-2_task-eyesopen_eeg.set,761
sub-07,ses-2,eyesopen,1,SD,42,250.0,61,1250,3,61,1250,data\sub-07\ses-2\eeg\sub-07_ses-2_task-eyesopen_eeg.set,762
sub-07,ses-2,eyesopen,1,SD,43,250.0,61,1250,3,61,1250,data\sub-07\ses-2\eeg\sub-07_ses-2_task-eyesopen_eeg.set,763
sub-07,ses-2,eyesopen,1,SD,44,250.0,61,1250,3,61,1250,data\sub-07\ses-2\eeg\sub-07_ses-2_task-eyesopen_eeg.set,764
sub-07,ses-2,eyesopen,1,SD,45,250.0,61,1250,3,61,1250,data\sub-07\ses-2\eeg\sub-07_ses-2_task-eyesopen_eeg.set,765
sub-07,ses-2,eyesopen,1,SD,46,250.0,61,1250,3,61,1250,data\sub-07\ses-2\eeg\sub-07_ses-2_task-eyesopen_eeg.set,766
sub-07,ses-2,eyesopen,1,SD,47,250.0,61,1250,3,61,1250,data\sub-07\ses-2\eeg\sub-07_ses-2_task-eyesopen_eeg.set,767
sub-07,ses-2,eyesopen,1,SD,48,250.0,61,1250,3,61,1250,data\sub-07\ses-2\eeg\sub-07_ses-2_task-eyesopen_eeg.set,768
sub-07,ses-2,eyesopen,1,SD,49,250.0,61,1250,3,61,1250,data\sub-07\ses-2\eeg\sub-07_ses-2_task-eyesopen_eeg.set,769
sub-07,ses-2,eyesopen,1,SD,50,250.0,61,1250,3,61,1250,data\sub-07\ses-2\eeg\sub-07_ses-2_task-eyesopen_eeg.set,770
sub-07,ses-2,eyesopen,1,SD,51,250.0,61,1250,3,61,1250,data\sub-07\ses-2\eeg\sub-07_ses-2_task-eyesopen_eeg.set,771
sub-07,ses-2,eyesopen,1,SD,52,250.0,61,1250,3,61,1250,data\sub-07\ses-2\eeg\sub-07_ses-2_task-eyesopen_eeg.set,772
sub-07,ses-2,eyesopen,1,SD,53,250.0,61,1250,3,61,1250,data\sub-07\ses-2\eeg\sub-07_ses-2_task-eyesopen_eeg.set,773
sub-07,ses-2,eyesopen,1,SD,54,250.0,61,1250,3,61,1250,data\sub-07\ses-2\eeg\sub-07_ses-2_task-eyesopen_eeg.set,774
sub-07,ses-2,eyesopen,1,SD,55,250.0,61,1250,3,61,1250,data\sub-07\ses-2\eeg\sub-07_ses-2_task-eyesopen_eeg.set,775
sub-07,ses-2,eyesopen,1,SD,56,250.0,61,1250,3,61,1250,data\sub-07\ses-2\eeg\sub-07_ses-2_task-eyesopen_eeg.set,776
sub-07,ses-2,eyesopen,1,SD,57,250.0,61,1250,3,61,1250,data\sub-07\ses-2\eeg\sub-07_ses-2_task-eyesopen_eeg.set,777
sub-07,ses-2,eyesopen,1,SD,58,250.0,61,1250,3,61,1250,data\sub-07\ses-2\eeg\sub-07_ses-2_task-eyesopen_eeg.set,778
sub-07,ses-2,eyesopen,1,SD,59,250.0,61,1250,3,61,1250,data\sub-07\ses-2\eeg\sub-07_ses-2_task-eyesopen_eeg.set,779
sub-08,ses-1,eyesopen,0,NS,0,250.0,61,1250,3,61,1250,data\sub-08\ses-1\eeg\sub-08_ses-1_task-eyesopen_eeg.set,780
sub-08,ses-1,eyesopen,0,NS,1,250.0,61,1250,3,61,1250,data\sub-08\ses-1\eeg\sub-08_ses-1_task-eyesopen_eeg.set,781
sub-08,ses-1,eyesopen,0,NS,2,250.0,61,1250,3,61,1250,data\sub-08\ses-1\eeg\sub-08_ses-1_task-eyesopen_eeg.set,782
sub-08,ses-1,eyesopen,0,NS,3,250.0,61,1250,3,61,1250,data\sub-08\ses-1\eeg\sub-08_ses-1_task-eyesopen_eeg.set,783
sub-08,ses-1,eyesopen,0,NS,4,250.0,61,1250,3,61,1250,data\sub-08\ses-1\eeg\sub-08_ses-1_task-eyesopen_eeg.set,784
sub-08,ses-1,eyesopen,0,NS,5,250.0,61,1250,3,61,1250,data\sub-08\ses-1\eeg\sub-08_ses-1_task-eyesopen_eeg.set,785
sub-08,ses-1,eyesopen,0,NS,6,250.0,61,1250,3,61,1250,data\sub-08\ses-1\eeg\sub-08_ses-1_task-eyesopen_eeg.set,786
sub-08,ses-1,eyesopen,0,NS,7,250.0,61,1250,3,61,1250,data\sub-08\ses-1\eeg\sub-08_ses-1_task-eyesopen_eeg.set,787
sub-08,ses-1,eyesopen,0,NS,8,250.0,61,1250,3,61,1250,data\sub-08\ses-1\eeg\sub-08_ses-1_task-eyesopen_eeg.set,788
sub-08,ses-1,eyesopen,0,NS,9,250.0,61,1250,3,61,1250,data\sub-08\ses-1\eeg\sub-08_ses-1_task-eyesopen_eeg.set,789
sub-08,ses-1,eyesopen,0,NS,10,250.0,61,1250,3,61,1250,data\sub-08\ses-1\eeg\sub-08_ses-1_task-eyesopen_eeg.set,790
sub-08,ses-1,eyesopen,0,NS,11,250.0,61,1250,3,61,1250,data\sub-08\ses-1\eeg\sub-08_ses-1_task-eyesopen_eeg.set,791
sub-08,ses-1,eyesopen,0,NS,12,250.0,61,1250,3,61,1250,data\sub-08\ses-1\eeg\sub-08_ses-1_task-eyesopen_eeg.set,792
sub-08,ses-1,eyesopen,0,NS,13,250.0,61,1250,3,61,1250,data\sub-08\ses-1\eeg\sub-08_ses-1_task-eyesopen_eeg.set,793
sub-08,ses-1,eyesopen,0,NS,14,250.0,61,1250,3,61,1250,data\sub-08\ses-1\eeg\sub-08_ses-1_task-eyesopen_eeg.set,794
sub-08,ses-1,eyesopen,0,NS,15,250.0,61,1250,3,61,1250,data\sub-08\ses-1\eeg\sub-08_ses-1_task-eyesopen_eeg.set,795
sub-08,ses-1,eyesopen,0,NS,16,250.0,61,1250,3,61,1250,data\sub-08\ses-1\eeg\sub-08_ses-1_task-eyesopen_eeg.set,796
sub-08,ses-1,eyesopen,0,NS,17,250.0,61,1250,3,61,1250,data\sub-08\ses-1\eeg\sub-08_ses-1_task-eyesopen_eeg.set,797
sub-08,ses-1,eyesopen,0,NS,18,250.0,61,1250,3,61,1250,data\sub-08\ses-1\eeg\sub-08_ses-1_task-eyesopen_eeg.set,798
sub-08,ses-1,eyesopen,0,NS,19,250.0,61,1250,3,61,1250,data\sub-08\ses-1\eeg\sub-08_ses-1_task-eyesopen_eeg.set,799
sub-08,ses-1,eyesopen,0,NS,20,250.0,61,1250,3,61,1250,data\sub-08\ses-1\eeg\sub-08_ses-1_task-eyesopen_eeg.set,800
sub-08,ses-1,eyesopen,0,NS,21,250.0,61,1250,3,61,1250,data\sub-08\ses-1\eeg\sub-08_ses-1_task-eyesopen_eeg.set,801
sub-08,ses-1,eyesopen,0,NS,22,250.0,61,1250,3,61,1250,data\sub-08\ses-1\eeg\sub-08_ses-1_task-eyesopen_eeg.set,802
sub-08,ses-1,eyesopen,0,NS,23,250.0,61,1250,3,61,1250,data\sub-08\ses-1\eeg\sub-08_ses-1_task-eyesopen_eeg.set,803
sub-08,ses-1,eyesopen,0,NS,24,250.0,61,1250,3,61,1250,data\sub-08\ses-1\eeg\sub-08_ses-1_task-eyesopen_eeg.set,804
sub-08,ses-1,eyesopen,0,NS,25,250.0,61,1250,3,61,1250,data\sub-08\ses-1\eeg\sub-08_ses-1_task-eyesopen_eeg.set,805
sub-08,ses-1,eyesopen,0,NS,26,250.0,61,1250,3,61,1250,data\sub-08\ses-1\eeg\sub-08_ses-1_task-eyesopen_eeg.set,806
sub-08,ses-1,eyesopen,0,NS,27,250.0,61,1250,3,61,1250,data\sub-08\ses-1\eeg\sub-08_ses-1_task-eyesopen_eeg.set,807
sub-08,ses-1,eyesopen,0,NS,28,250.0,61,1250,3,61,1250,data\sub-08\ses-1\eeg\sub-08_ses-1_task-eyesopen_eeg.set,808
sub-08,ses-1,eyesopen,0,NS,29,250.0,61,1250,3,61,1250,data\sub-08\ses-1\eeg\sub-08_ses-1_task-eyesopen_eeg.set,809
sub-08,ses-1,eyesopen,0,NS,30,250.0,61,1250,3,61,1250,data\sub-08\ses-1\eeg\sub-08_ses-1_task-eyesopen_eeg.set,810
sub-08,ses-1,eyesopen,0,NS,31,250.0,61,1250,3,61,1250,data\sub-08\ses-1\eeg\sub-08_ses-1_task-eyesopen_eeg.set,811
sub-08,ses-1,eyesopen,0,NS,32,250.0,61,1250,3,61,1250,data\sub-08\ses-1\eeg\sub-08_ses-1_task-eyesopen_eeg.set,812
sub-08,ses-1,eyesopen,0,NS,33,250.0,61,1250,3,61,1250,data\sub-08\ses-1\eeg\sub-08_ses-1_task-eyesopen_eeg.set,813
sub-08,ses-1,eyesopen,0,NS,34,250.0,61,1250,3,61,1250,data\sub-08\ses-1\eeg\sub-08_ses-1_task-eyesopen_eeg.set,814
sub-08,ses-1,eyesopen,0,NS,35,250.0,61,1250,3,61,1250,data\sub-08\ses-1\eeg\sub-08_ses-1_task-eyesopen_eeg.set,815
sub-08,ses-1,eyesopen,0,NS,36,250.0,61,1250,3,61,1250,data\sub-08\ses-1\eeg\sub-08_ses-1_task-eyesopen_eeg.set,816
sub-08,ses-1,eyesopen,0,NS,37,250.0,61,1250,3,61,1250,data\sub-08\ses-1\eeg\sub-08_ses-1_task-eyesopen_eeg.set,817
sub-08,ses-1,eyesopen,0,NS,38,250.0,61,1250,3,61,1250,data\sub-08\ses-1\eeg\sub-08_ses-1_task-eyesopen_eeg.set,818
sub-08,ses-1,eyesopen,0,NS,39,250.0,61,1250,3,61,1250,data\sub-08\ses-1\eeg\sub-08_ses-1_task-eyesopen_eeg.set,819
sub-08,ses-1,eyesopen,0,NS,40,250.0,61,1250,3,61,1250,data\sub-08\ses-1\eeg\sub-08_ses-1_task-eyesopen_eeg.set,820
sub-08,ses-1,eyesopen,0,NS,41,250.0,61,1250,3,61,1250,data\sub-08\ses-1\eeg\sub-08_ses-1_task-eyesopen_eeg.set,821
sub-08,ses-1,eyesopen,0,NS,42,250.0,61,1250,3,61,1250,data\sub-08\ses-1\eeg\sub-08_ses-1_task-eyesopen_eeg.set,822
sub-08,ses-1,eyesopen,0,NS,43,250.0,61,1250,3,61,1250,data\sub-08\ses-1\eeg\sub-08_ses-1_task-eyesopen_eeg.set,823
sub-08,ses-1,eyesopen,0,NS,44,250.0,61,1250,3,61,1250,data\sub-08\ses-1\eeg\sub-08_ses-1_task-eyesopen_eeg.set,824
sub-08,ses-1,eyesopen,0,NS,45,250.0,61,1250,3,61,1250,data\sub-08\ses-1\eeg\sub-08_ses-1_task-eyesopen_eeg.set,825
sub-08,ses-1,eyesopen,0,NS,46,250.0,61,1250,3,61,1250,data\sub-08\ses-1\eeg\sub-08_ses-1_task-eyesopen_eeg.set,826
sub-08,ses-1,eyesopen,0,NS,47,250.0,61,1250,3,61,1250,data\sub-08\ses-1\eeg\sub-08_ses-1_task-eyesopen_eeg.set,827
sub-08,ses-1,eyesopen,0,NS,48,250.0,61,1250,3,61,1250,data\sub-08\ses-1\eeg\sub-08_ses-1_task-eyesopen_eeg.set,828
sub-08,ses-1,eyesopen,0,NS,49,250.0,61,1250,3,61,1250,data\sub-08\ses-1\eeg\sub-08_ses-1_task-eyesopen_eeg.set,829
sub-08,ses-1,eyesopen,0,NS,50,250.0,61,1250,3,61,1250,data\sub-08\ses-1\eeg\sub-08_ses-1_task-eyesopen_eeg.set,830
sub-08,ses-1,eyesopen,0,NS,51,250.0,61,1250,3,61,1250,data\sub-08\ses-1\eeg\sub-08_ses-1_task-eyesopen_eeg.set,831
sub-08,ses-1,eyesopen,0,NS,52,250.0,61,1250,3,61,1250,data\sub-08\ses-1\eeg\sub-08_ses-1_task-eyesopen_eeg.set,832
sub-08,ses-1,eyesopen,0,NS,53,250.0,61,1250,3,61,1250,data\sub-08\ses-1\eeg\sub-08_ses-1_task-eyesopen_eeg.set,833
sub-08,ses-1,eyesopen,0,NS,54,250.0,61,1250,3,61,1250,data\sub-08\ses-1\eeg\sub-08_ses-1_task-eyesopen_eeg.set,834
sub-08,ses-1,eyesopen,0,NS,55,250.0,61,1250,3,61,1250,data\sub-08\ses-1\eeg\sub-08_ses-1_task-eyesopen_eeg.set,835
sub-08,ses-1,eyesopen,0,NS,56,250.0,61,1250,3,61,1250,data\sub-08\ses-1\eeg\sub-08_ses-1_task-eyesopen_eeg.set,836
sub-08,ses-1,eyesopen,0,NS,57,250.0,61,1250,3,61,1250,data\sub-08\ses-1\eeg\sub-08_ses-1_task-eyesopen_eeg.set,837
sub-08,ses-1,eyesopen,0,NS,58,250.0,61,1250,3,61,1250,data\sub-08\ses-1\eeg\sub-08_ses-1_task-eyesopen_eeg.set,838
sub-08,ses-1,eyesopen,0,NS,59,250.0,61,1250,3,61,1250,data\sub-08\ses-1\eeg\sub-08_ses-1_task-eyesopen_eeg.set,839
sub-08,ses-2,eyesopen,1,SD,0,250.0,61,1250,3,61,1250,data\sub-08\ses-2\eeg\sub-08_ses-2_task-eyesopen_eeg.set,840
sub-08,ses-2,eyesopen,1,SD,1,250.0,61,1250,3,61,1250,data\sub-08\ses-2\eeg\sub-08_ses-2_task-eyesopen_eeg.set,841
sub-08,ses-2,eyesopen,1,SD,2,250.0,61,1250,3,61,1250,data\sub-08\ses-2\eeg\sub-08_ses-2_task-eyesopen_eeg.set,842
sub-08,ses-2,eyesopen,1,SD,3,250.0,61,1250,3,61,1250,data\sub-08\ses-2\eeg\sub-08_ses-2_task-eyesopen_eeg.set,843
sub-08,ses-2,eyesopen,1,SD,4,250.0,61,1250,3,61,1250,data\sub-08\ses-2\eeg\sub-08_ses-2_task-eyesopen_eeg.set,844
sub-08,ses-2,eyesopen,1,SD,5,250.0,61,1250,3,61,1250,data\sub-08\ses-2\eeg\sub-08_ses-2_task-eyesopen_eeg.set,845
sub-08,ses-2,eyesopen,1,SD,6,250.0,61,1250,3,61,1250,data\sub-08\ses-2\eeg\sub-08_ses-2_task-eyesopen_eeg.set,846
sub-08,ses-2,eyesopen,1,SD,7,250.0,61,1250,3,61,1250,data\sub-08\ses-2\eeg\sub-08_ses-2_task-eyesopen_eeg.set,847
sub-08,ses-2,eyesopen,1,SD,8,250.0,61,1250,3,61,1250,data\sub-08\ses-2\eeg\sub-08_ses-2_task-eyesopen_eeg.set,848
sub-08,ses-2,eyesopen,1,SD,9,250.0,61,1250,3,61,1250,data\sub-08\ses-2\eeg\sub-08_ses-2_task-eyesopen_eeg.set,849
sub-08,ses-2,eyesopen,1,SD,10,250.0,61,1250,3,61,1250,data\sub-08\ses-2\eeg\sub-08_ses-2_task-eyesopen_eeg.set,850
sub-08,ses-2,eyesopen,1,SD,11,250.0,61,1250,3,61,1250,data\sub-08\ses-2\eeg\sub-08_ses-2_task-eyesopen_eeg.set,851
sub-08,ses-2,eyesopen,1,SD,12,250.0,61,1250,3,61,1250,data\sub-08\ses-2\eeg\sub-08_ses-2_task-eyesopen_eeg.set,852
sub-08,ses-2,eyesopen,1,SD,13,250.0,61,1250,3,61,1250,data\sub-08\ses-2\eeg\sub-08_ses-2_task-eyesopen_eeg.set,853
sub-08,ses-2,eyesopen,1,SD,14,250.0,61,1250,3,61,1250,data\sub-08\ses-2\eeg\sub-08_ses-2_task-eyesopen_eeg.set,854
sub-08,ses-2,eyesopen,1,SD,15,250.0,61,1250,3,61,1250,data\sub-08\ses-2\eeg\sub-08_ses-2_task-eyesopen_eeg.set,855
sub-08,ses-2,eyesopen,1,SD,16,250.0,61,1250,3,61,1250,data\sub-08\ses-2\eeg\sub-08_ses-2_task-eyesopen_eeg.set,856
sub-08,ses-2,eyesopen,1,SD,17,250.0,61,1250,3,61,1250,data\sub-08\ses-2\eeg\sub-08_ses-2_task-eyesopen_eeg.set,857
sub-08,ses-2,eyesopen,1,SD,18,250.0,61,1250,3,61,1250,data\sub-08\ses-2\eeg\sub-08_ses-2_task-eyesopen_eeg.set,858
sub-08,ses-2,eyesopen,1,SD,19,250.0,61,1250,3,61,1250,data\sub-08\ses-2\eeg\sub-08_ses-2_task-eyesopen_eeg.set,859
sub-08,ses-2,eyesopen,1,SD,20,250.0,61,1250,3,61,1250,data\sub-08\ses-2\eeg\sub-08_ses-2_task-eyesopen_eeg.set,860
sub-08,ses-2,eyesopen,1,SD,21,250.0,61,1250,3,61,1250,data\sub-08\ses-2\eeg\sub-08_ses-2_task-eyesopen_eeg.set,861
sub-08,ses-2,eyesopen,1,SD,22,250.0,61,1250,3,61,1250,data\sub-08\ses-2\eeg\sub-08_ses-2_task-eyesopen_eeg.set,862
sub-08,ses-2,eyesopen,1,SD,23,250.0,61,1250,3,61,1250,data\sub-08\ses-2\eeg\sub-08_ses-2_task-eyesopen_eeg.set,863
sub-08,ses-2,eyesopen,1,SD,24,250.0,61,1250,3,61,1250,data\sub-08\ses-2\eeg\sub-08_ses-2_task-eyesopen_eeg.set,864
sub-08,ses-2,eyesopen,1,SD,25,250.0,61,1250,3,61,1250,data\sub-08\ses-2\eeg\sub-08_ses-2_task-eyesopen_eeg.set,865
sub-08,ses-2,eyesopen,1,SD,26,250.0,61,1250,3,61,1250,data\sub-08\ses-2\eeg\sub-08_ses-2_task-eyesopen_eeg.set,866
sub-08,ses-2,eyesopen,1,SD,27,250.0,61,1250,3,61,1250,data\sub-08\ses-2\eeg\sub-08_ses-2_task-eyesopen_eeg.set,867
sub-08,ses-2,eyesopen,1,SD,28,250.0,61,1250,3,61,1250,data\sub-08\ses-2\eeg\sub-08_ses-2_task-eyesopen_eeg.set,868
sub-08,ses-2,eyesopen,1,SD,29,250.0,61,1250,3,61,1250,data\sub-08\ses-2\eeg\sub-08_ses-2_task-eyesopen_eeg.set,869
sub-08,ses-2,eyesopen,1,SD,30,250.0,61,1250,3,61,1250,data\sub-08\ses-2\eeg\sub-08_ses-2_task-eyesopen_eeg.set,870
sub-08,ses-2,eyesopen,1,SD,31,250.0,61,1250,3,61,1250,data\sub-08\ses-2\eeg\sub-08_ses-2_task-eyesopen_eeg.set,871
sub-08,ses-2,eyesopen,1,SD,32,250.0,61,1250,3,61,1250,data\sub-08\ses-2\eeg\sub-08_ses-2_task-eyesopen_eeg.set,872
sub-08,ses-2,eyesopen,1,SD,33,250.0,61,1250,3,61,1250,data\sub-08\ses-2\eeg\sub-08_ses-2_task-eyesopen_eeg.set,873
sub-08,ses-2,eyesopen,1,SD,34,250.0,61,1250,3,61,1250,data\sub-08\ses-2\eeg\sub-08_ses-2_task-eyesopen_eeg.set,874
sub-08,ses-2,eyesopen,1,SD,35,250.0,61,1250,3,61,1250,data\sub-08\ses-2\eeg\sub-08_ses-2_task-eyesopen_eeg.set,875
sub-08,ses-2,eyesopen,1,SD,36,250.0,61,1250,3,61,1250,data\sub-08\ses-2\eeg\sub-08_ses-2_task-eyesopen_eeg.set,876
sub-08,ses-2,eyesopen,1,SD,37,250.0,61,1250,3,61,1250,data\sub-08\ses-2\eeg\sub-08_ses-2_task-eyesopen_eeg.set,877
sub-08,ses-2,eyesopen,1,SD,38,250.0,61,1250,3,61,1250,data\sub-08\ses-2\eeg\sub-08_ses-2_task-eyesopen_eeg.set,878
sub-08,ses-2,eyesopen,1,SD,39,250.0,61,1250,3,61,1250,data\sub-08\ses-2\eeg\sub-08_ses-2_task-eyesopen_eeg.set,879
sub-08,ses-2,eyesopen,1,SD,40,250.0,61,1250,3,61,1250,data\sub-08\ses-2\eeg\sub-08_ses-2_task-eyesopen_eeg.set,880
sub-08,ses-2,eyesopen,1,SD,41,250.0,61,1250,3,61,1250,data\sub-08\ses-2\eeg\sub-08_ses-2_task-eyesopen_eeg.set,881
sub-08,ses-2,eyesopen,1,SD,42,250.0,61,1250,3,61,1250,data\sub-08\ses-2\eeg\sub-08_ses-2_task-eyesopen_eeg.set,882
sub-08,ses-2,eyesopen,1,SD,43,250.0,61,1250,3,61,1250,data\sub-08\ses-2\eeg\sub-08_ses-2_task-eyesopen_eeg.set,883
sub-08,ses-2,eyesopen,1,SD,44,250.0,61,1250,3,61,1250,data\sub-08\ses-2\eeg\sub-08_ses-2_task-eyesopen_eeg.set,884
sub-08,ses-2,eyesopen,1,SD,45,250.0,61,1250,3,61,1250,data\sub-08\ses-2\eeg\sub-08_ses-2_task-eyesopen_eeg.set,885
sub-08,ses-2,eyesopen,1,SD,46,250.0,61,1250,3,61,1250,data\sub-08\ses-2\eeg\sub-08_ses-2_task-eyesopen_eeg.set,886
sub-08,ses-2,eyesopen,1,SD,47,250.0,61,1250,3,61,1250,data\sub-08\ses-2\eeg\sub-08_ses-2_task-eyesopen_eeg.set,887
sub-08,ses-2,eyesopen,1,SD,48,250.0,61,1250,3,61,1250,data\sub-08\ses-2\eeg\sub-08_ses-2_task-eyesopen_eeg.set,888
sub-08,ses-2,eyesopen,1,SD,49,250.0,61,1250,3,61,1250,data\sub-08\ses-2\eeg\sub-08_ses-2_task-eyesopen_eeg.set,889
sub-08,ses-2,eyesopen,1,SD,50,250.0,61,1250,3,61,1250,data\sub-08\ses-2\eeg\sub-08_ses-2_task-eyesopen_eeg.set,890
sub-08,ses-2,eyesopen,1,SD,51,250.0,61,1250,3,61,1250,data\sub-08\ses-2\eeg\sub-08_ses-2_task-eyesopen_eeg.set,891
sub-08,ses-2,eyesopen,1,SD,52,250.0,61,1250,3,61,1250,data\sub-08\ses-2\eeg\sub-08_ses-2_task-eyesopen_eeg.set,892
sub-08,ses-2,eyesopen,1,SD,53,250.0,61,1250,3,61,1250,data\sub-08\ses-2\eeg\sub-08_ses-2_task-eyesopen_eeg.set,893
sub-08,ses-2,eyesopen,1,SD,54,250.0,61,1250,3,61,1250,data\sub-08\ses-2\eeg\sub-08_ses-2_task-eyesopen_eeg.set,894
sub-08,ses-2,eyesopen,1,SD,55,250.0,61,1250,3,61,1250,data\sub-08\ses-2\eeg\sub-08_ses-2_task-eyesopen_eeg.set,895
sub-08,ses-2,eyesopen,1,SD,56,250.0,61,1250,3,61,1250,data\sub-08\ses-2\eeg\sub-08_ses-2_task-eyesopen_eeg.set,896
sub-08,ses-2,eyesopen,1,SD,57,250.0,61,1250,3,61,1250,data\sub-08\ses-2\eeg\sub-08_ses-2_task-eyesopen_eeg.set,897
sub-08,ses-2,eyesopen,1,SD,58,250.0,61,1250,3,61,1250,data\sub-08\ses-2\eeg\sub-08_ses-2_task-eyesopen_eeg.set,898
sub-08,ses-2,eyesopen,1,SD,59,250.0,61,1250,3,61,1250,data\sub-08\ses-2\eeg\sub-08_ses-2_task-eyesopen_eeg.set,899
sub-09,ses-1,eyesopen,0,NS,0,250.0,61,1250,3,61,1250,data\sub-09\ses-1\eeg\sub-09_ses-1_task-eyesopen_eeg.set,900
sub-09,ses-1,eyesopen,0,NS,1,250.0,61,1250,3,61,1250,data\sub-09\ses-1\eeg\sub-09_ses-1_task-eyesopen_eeg.set,901
sub-09,ses-1,eyesopen,0,NS,2,250.0,61,1250,3,61,1250,data\sub-09\ses-1\eeg\sub-09_ses-1_task-eyesopen_eeg.set,902
sub-09,ses-1,eyesopen,0,NS,3,250.0,61,1250,3,61,1250,data\sub-09\ses-1\eeg\sub-09_ses-1_task-eyesopen_eeg.set,903
sub-09,ses-1,eyesopen,0,NS,4,250.0,61,1250,3,61,1250,data\sub-09\ses-1\eeg\sub-09_ses-1_task-eyesopen_eeg.set,904
sub-09,ses-1,eyesopen,0,NS,5,250.0,61,1250,3,61,1250,data\sub-09\ses-1\eeg\sub-09_ses-1_task-eyesopen_eeg.set,905
sub-09,ses-1,eyesopen,0,NS,6,250.0,61,1250,3,61,1250,data\sub-09\ses-1\eeg\sub-09_ses-1_task-eyesopen_eeg.set,906
sub-09,ses-1,eyesopen,0,NS,7,250.0,61,1250,3,61,1250,data\sub-09\ses-1\eeg\sub-09_ses-1_task-eyesopen_eeg.set,907
sub-09,ses-1,eyesopen,0,NS,8,250.0,61,1250,3,61,1250,data\sub-09\ses-1\eeg\sub-09_ses-1_task-eyesopen_eeg.set,908
sub-09,ses-1,eyesopen,0,NS,9,250.0,61,1250,3,61,1250,data\sub-09\ses-1\eeg\sub-09_ses-1_task-eyesopen_eeg.set,909
sub-09,ses-1,eyesopen,0,NS,10,250.0,61,1250,3,61,1250,data\sub-09\ses-1\eeg\sub-09_ses-1_task-eyesopen_eeg.set,910
sub-09,ses-1,eyesopen,0,NS,11,250.0,61,1250,3,61,1250,data\sub-09\ses-1\eeg\sub-09_ses-1_task-eyesopen_eeg.set,911
sub-09,ses-1,eyesopen,0,NS,12,250.0,61,1250,3,61,1250,data\sub-09\ses-1\eeg\sub-09_ses-1_task-eyesopen_eeg.set,912
sub-09,ses-1,eyesopen,0,NS,13,250.0,61,1250,3,61,1250,data\sub-09\ses-1\eeg\sub-09_ses-1_task-eyesopen_eeg.set,913
sub-09,ses-1,eyesopen,0,NS,14,250.0,61,1250,3,61,1250,data\sub-09\ses-1\eeg\sub-09_ses-1_task-eyesopen_eeg.set,914
sub-09,ses-1,eyesopen,0,NS,15,250.0,61,1250,3,61,1250,data\sub-09\ses-1\eeg\sub-09_ses-1_task-eyesopen_eeg.set,915
sub-09,ses-1,eyesopen,0,NS,16,250.0,61,1250,3,61,1250,data\sub-09\ses-1\eeg\sub-09_ses-1_task-eyesopen_eeg.set,916
sub-09,ses-1,eyesopen,0,NS,17,250.0,61,1250,3,61,1250,data\sub-09\ses-1\eeg\sub-09_ses-1_task-eyesopen_eeg.set,917
sub-09,ses-1,eyesopen,0,NS,18,250.0,61,1250,3,61,1250,data\sub-09\ses-1\eeg\sub-09_ses-1_task-eyesopen_eeg.set,918
sub-09,ses-1,eyesopen,0,NS,19,250.0,61,1250,3,61,1250,data\sub-09\ses-1\eeg\sub-09_ses-1_task-eyesopen_eeg.set,919
sub-09,ses-1,eyesopen,0,NS,20,250.0,61,1250,3,61,1250,data\sub-09\ses-1\eeg\sub-09_ses-1_task-eyesopen_eeg.set,920
sub-09,ses-1,eyesopen,0,NS,21,250.0,61,1250,3,61,1250,data\sub-09\ses-1\eeg\sub-09_ses-1_task-eyesopen_eeg.set,921
sub-09,ses-1,eyesopen,0,NS,22,250.0,61,1250,3,61,1250,data\sub-09\ses-1\eeg\sub-09_ses-1_task-eyesopen_eeg.set,922
sub-09,ses-1,eyesopen,0,NS,23,250.0,61,1250,3,61,1250,data\sub-09\ses-1\eeg\sub-09_ses-1_task-eyesopen_eeg.set,923
sub-09,ses-1,eyesopen,0,NS,24,250.0,61,1250,3,61,1250,data\sub-09\ses-1\eeg\sub-09_ses-1_task-eyesopen_eeg.set,924
sub-09,ses-1,eyesopen,0,NS,25,250.0,61,1250,3,61,1250,data\sub-09\ses-1\eeg\sub-09_ses-1_task-eyesopen_eeg.set,925
sub-09,ses-1,eyesopen,0,NS,26,250.0,61,1250,3,61,1250,data\sub-09\ses-1\eeg\sub-09_ses-1_task-eyesopen_eeg.set,926
sub-09,ses-1,eyesopen,0,NS,27,250.0,61,1250,3,61,1250,data\sub-09\ses-1\eeg\sub-09_ses-1_task-eyesopen_eeg.set,927
sub-09,ses-1,eyesopen,0,NS,28,250.0,61,1250,3,61,1250,data\sub-09\ses-1\eeg\sub-09_ses-1_task-eyesopen_eeg.set,928
sub-09,ses-1,eyesopen,0,NS,29,250.0,61,1250,3,61,1250,data\sub-09\ses-1\eeg\sub-09_ses-1_task-eyesopen_eeg.set,929
sub-09,ses-1,eyesopen,0,NS,30,250.0,61,1250,3,61,1250,data\sub-09\ses-1\eeg\sub-09_ses-1_task-eyesopen_eeg.set,930
sub-09,ses-1,eyesopen,0,NS,31,250.0,61,1250,3,61,1250,data\sub-09\ses-1\eeg\sub-09_ses-1_task-eyesopen_eeg.set,931
sub-09,ses-1,eyesopen,0,NS,32,250.0,61,1250,3,61,1250,data\sub-09\ses-1\eeg\sub-09_ses-1_task-eyesopen_eeg.set,932
sub-09,ses-1,eyesopen,0,NS,33,250.0,61,1250,3,61,1250,data\sub-09\ses-1\eeg\sub-09_ses-1_task-eyesopen_eeg.set,933
sub-09,ses-1,eyesopen,0,NS,34,250.0,61,1250,3,61,1250,data\sub-09\ses-1\eeg\sub-09_ses-1_task-eyesopen_eeg.set,934
sub-09,ses-1,eyesopen,0,NS,35,250.0,61,1250,3,61,1250,data\sub-09\ses-1\eeg\sub-09_ses-1_task-eyesopen_eeg.set,935
sub-09,ses-1,eyesopen,0,NS,36,250.0,61,1250,3,61,1250,data\sub-09\ses-1\eeg\sub-09_ses-1_task-eyesopen_eeg.set,936
sub-09,ses-1,eyesopen,0,NS,37,250.0,61,1250,3,61,1250,data\sub-09\ses-1\eeg\sub-09_ses-1_task-eyesopen_eeg.set,937
sub-09,ses-1,eyesopen,0,NS,38,250.0,61,1250,3,61,1250,data\sub-09\ses-1\eeg\sub-09_ses-1_task-eyesopen_eeg.set,938
sub-09,ses-1,eyesopen,0,NS,39,250.0,61,1250,3,61,1250,data\sub-09\ses-1\eeg\sub-09_ses-1_task-eyesopen_eeg.set,939
sub-09,ses-1,eyesopen,0,NS,40,250.0,61,1250,3,61,1250,data\sub-09\ses-1\eeg\sub-09_ses-1_task-eyesopen_eeg.set,940
sub-09,ses-1,eyesopen,0,NS,41,250.0,61,1250,3,61,1250,data\sub-09\ses-1\eeg\sub-09_ses-1_task-eyesopen_eeg.set,941
sub-09,ses-1,eyesopen,0,NS,42,250.0,61,1250,3,61,1250,data\sub-09\ses-1\eeg\sub-09_ses-1_task-eyesopen_eeg.set,942
sub-09,ses-1,eyesopen,0,NS,43,250.0,61,1250,3,61,1250,data\sub-09\ses-1\eeg\sub-09_ses-1_task-eyesopen_eeg.set,943
sub-09,ses-1,eyesopen,0,NS,44,250.0,61,1250,3,61,1250,data\sub-09\ses-1\eeg\sub-09_ses-1_task-eyesopen_eeg.set,944
sub-09,ses-1,eyesopen,0,NS,45,250.0,61,1250,3,61,1250,data\sub-09\ses-1\eeg\sub-09_ses-1_task-eyesopen_eeg.set,945
sub-09,ses-1,eyesopen,0,NS,46,250.0,61,1250,3,61,1250,data\sub-09\ses-1\eeg\sub-09_ses-1_task-eyesopen_eeg.set,946
sub-09,ses-1,eyesopen,0,NS,47,250.0,61,1250,3,61,1250,data\sub-09\ses-1\eeg\sub-09_ses-1_task-eyesopen_eeg.set,947
sub-09,ses-1,eyesopen,0,NS,48,250.0,61,1250,3,61,1250,data\sub-09\ses-1\eeg\sub-09_ses-1_task-eyesopen_eeg.set,948
sub-09,ses-1,eyesopen,0,NS,49,250.0,61,1250,3,61,1250,data\sub-09\ses-1\eeg\sub-09_ses-1_task-eyesopen_eeg.set,949
sub-09,ses-1,eyesopen,0,NS,50,250.0,61,1250,3,61,1250,data\sub-09\ses-1\eeg\sub-09_ses-1_task-eyesopen_eeg.set,950
sub-09,ses-1,eyesopen,0,NS,51,250.0,61,1250,3,61,1250,data\sub-09\ses-1\eeg\sub-09_ses-1_task-eyesopen_eeg.set,951
sub-09,ses-1,eyesopen,0,NS,52,250.0,61,1250,3,61,1250,data\sub-09\ses-1\eeg\sub-09_ses-1_task-eyesopen_eeg.set,952
sub-09,ses-1,eyesopen,0,NS,53,250.0,61,1250,3,61,1250,data\sub-09\ses-1\eeg\sub-09_ses-1_task-eyesopen_eeg.set,953
sub-09,ses-1,eyesopen,0,NS,54,250.0,61,1250,3,61,1250,data\sub-09\ses-1\eeg\sub-09_ses-1_task-eyesopen_eeg.set,954
sub-09,ses-1,eyesopen,0,NS,55,250.0,61,1250,3,61,1250,data\sub-09\ses-1\eeg\sub-09_ses-1_task-eyesopen_eeg.set,955
sub-09,ses-1,eyesopen,0,NS,56,250.0,61,1250,3,61,1250,data\sub-09\ses-1\eeg\sub-09_ses-1_task-eyesopen_eeg.set,956
sub-09,ses-1,eyesopen,0,NS,57,250.0,61,1250,3,61,1250,data\sub-09\ses-1\eeg\sub-09_ses-1_task-eyesopen_eeg.set,957
sub-09,ses-1,eyesopen,0,NS,58,250.0,61,1250,3,61,1250,data\sub-09\ses-1\eeg\sub-09_ses-1_task-eyesopen_eeg.set,958
sub-09,ses-1,eyesopen,0,NS,59,250.0,61,1250,3,61,1250,data\sub-09\ses-1\eeg\sub-09_ses-1_task-eyesopen_eeg.set,959
sub-09,ses-2,eyesopen,1,SD,0,250.0,61,1250,3,61,1250,data\sub-09\ses-2\eeg\sub-09_ses-2_task-eyesopen_eeg.set,960
sub-09,ses-2,eyesopen,1,SD,1,250.0,61,1250,3,61,1250,data\sub-09\ses-2\eeg\sub-09_ses-2_task-eyesopen_eeg.set,961
sub-09,ses-2,eyesopen,1,SD,2,250.0,61,1250,3,61,1250,data\sub-09\ses-2\eeg\sub-09_ses-2_task-eyesopen_eeg.set,962
sub-09,ses-2,eyesopen,1,SD,3,250.0,61,1250,3,61,1250,data\sub-09\ses-2\eeg\sub-09_ses-2_task-eyesopen_eeg.set,963
sub-09,ses-2,eyesopen,1,SD,4,250.0,61,1250,3,61,1250,data\sub-09\ses-2\eeg\sub-09_ses-2_task-eyesopen_eeg.set,964
sub-09,ses-2,eyesopen,1,SD,5,250.0,61,1250,3,61,1250,data\sub-09\ses-2\eeg\sub-09_ses-2_task-eyesopen_eeg.set,965
sub-09,ses-2,eyesopen,1,SD,6,250.0,61,1250,3,61,1250,data\sub-09\ses-2\eeg\sub-09_ses-2_task-eyesopen_eeg.set,966
sub-09,ses-2,eyesopen,1,SD,7,250.0,61,1250,3,61,1250,data\sub-09\ses-2\eeg\sub-09_ses-2_task-eyesopen_eeg.set,967
sub-09,ses-2,eyesopen,1,SD,8,250.0,61,1250,3,61,1250,data\sub-09\ses-2\eeg\sub-09_ses-2_task-eyesopen_eeg.set,968
sub-09,ses-2,eyesopen,1,SD,9,250.0,61,1250,3,61,1250,data\sub-09\ses-2\eeg\sub-09_ses-2_task-eyesopen_eeg.set,969
sub-09,ses-2,eyesopen,1,SD,10,250.0,61,1250,3,61,1250,data\sub-09\ses-2\eeg\sub-09_ses-2_task-eyesopen_eeg.set,970
sub-09,ses-2,eyesopen,1,SD,11,250.0,61,1250,3,61,1250,data\sub-09\ses-2\eeg\sub-09_ses-2_task-eyesopen_eeg.set,971
sub-09,ses-2,eyesopen,1,SD,12,250.0,61,1250,3,61,1250,data\sub-09\ses-2\eeg\sub-09_ses-2_task-eyesopen_eeg.set,972
sub-09,ses-2,eyesopen,1,SD,13,250.0,61,1250,3,61,1250,data\sub-09\ses-2\eeg\sub-09_ses-2_task-eyesopen_eeg.set,973
sub-09,ses-2,eyesopen,1,SD,14,250.0,61,1250,3,61,1250,data\sub-09\ses-2\eeg\sub-09_ses-2_task-eyesopen_eeg.set,974
sub-09,ses-2,eyesopen,1,SD,15,250.0,61,1250,3,61,1250,data\sub-09\ses-2\eeg\sub-09_ses-2_task-eyesopen_eeg.set,975
sub-09,ses-2,eyesopen,1,SD,16,250.0,61,1250,3,61,1250,data\sub-09\ses-2\eeg\sub-09_ses-2_task-eyesopen_eeg.set,976
sub-09,ses-2,eyesopen,1,SD,17,250.0,61,1250,3,61,1250,data\sub-09\ses-2\eeg\sub-09_ses-2_task-eyesopen_eeg.set,977
sub-09,ses-2,eyesopen,1,SD,18,250.0,61,1250,3,61,1250,data\sub-09\ses-2\eeg\sub-09_ses-2_task-eyesopen_eeg.set,978
sub-09,ses-2,eyesopen,1,SD,19,250.0,61,1250,3,61,1250,data\sub-09\ses-2\eeg\sub-09_ses-2_task-eyesopen_eeg.set,979
sub-09,ses-2,eyesopen,1,SD,20,250.0,61,1250,3,61,1250,data\sub-09\ses-2\eeg\sub-09_ses-2_task-eyesopen_eeg.set,980
sub-09,ses-2,eyesopen,1,SD,21,250.0,61,1250,3,61,1250,data\sub-09\ses-2\eeg\sub-09_ses-2_task-eyesopen_eeg.set,981
sub-09,ses-2,eyesopen,1,SD,22,250.0,61,1250,3,61,1250,data\sub-09\ses-2\eeg\sub-09_ses-2_task-eyesopen_eeg.set,982
sub-09,ses-2,eyesopen,1,SD,23,250.0,61,1250,3,61,1250,data\sub-09\ses-2\eeg\sub-09_ses-2_task-eyesopen_eeg.set,983
sub-09,ses-2,eyesopen,1,SD,24,250.0,61,1250,3,61,1250,data\sub-09\ses-2\eeg\sub-09_ses-2_task-eyesopen_eeg.set,984
sub-09,ses-2,eyesopen,1,SD,25,250.0,61,1250,3,61,1250,data\sub-09\ses-2\eeg\sub-09_ses-2_task-eyesopen_eeg.set,985
sub-09,ses-2,eyesopen,1,SD,26,250.0,61,1250,3,61,1250,data\sub-09\ses-2\eeg\sub-09_ses-2_task-eyesopen_eeg.set,986
sub-09,ses-2,eyesopen,1,SD,27,250.0,61,1250,3,61,1250,data\sub-09\ses-2\eeg\sub-09_ses-2_task-eyesopen_eeg.set,987
sub-09,ses-2,eyesopen,1,SD,28,250.0,61,1250,3,61,1250,data\sub-09\ses-2\eeg\sub-09_ses-2_task-eyesopen_eeg.set,988
sub-09,ses-2,eyesopen,1,SD,29,250.0,61,1250,3,61,1250,data\sub-09\ses-2\eeg\sub-09_ses-2_task-eyesopen_eeg.set,989
sub-09,ses-2,eyesopen,1,SD,30,250.0,61,1250,3,61,1250,data\sub-09\ses-2\eeg\sub-09_ses-2_task-eyesopen_eeg.set,990
sub-09,ses-2,eyesopen,1,SD,31,250.0,61,1250,3,61,1250,data\sub-09\ses-2\eeg\sub-09_ses-2_task-eyesopen_eeg.set,991
sub-09,ses-2,eyesopen,1,SD,32,250.0,61,1250,3,61,1250,data\sub-09\ses-2\eeg\sub-09_ses-2_task-eyesopen_eeg.set,992
sub-09,ses-2,eyesopen,1,SD,33,250.0,61,1250,3,61,1250,data\sub-09\ses-2\eeg\sub-09_ses-2_task-eyesopen_eeg.set,993
sub-09,ses-2,eyesopen,1,SD,34,250.0,61,1250,3,61,1250,data\sub-09\ses-2\eeg\sub-09_ses-2_task-eyesopen_eeg.set,994
sub-09,ses-2,eyesopen,1,SD,35,250.0,61,1250,3,61,1250,data\sub-09\ses-2\eeg\sub-09_ses-2_task-eyesopen_eeg.set,995
sub-09,ses-2,eyesopen,1,SD,36,250.0,61,1250,3,61,1250,data\sub-09\ses-2\eeg\sub-09_ses-2_task-eyesopen_eeg.set,996
sub-09,ses-2,eyesopen,1,SD,37,250.0,61,1250,3,61,1250,data\sub-09\ses-2\eeg\sub-09_ses-2_task-eyesopen_eeg.set,997
sub-09,ses-2,eyesopen,1,SD,38,250.0,61,1250,3,61,1250,data\sub-09\ses-2\eeg\sub-09_ses-2_task-eyesopen_eeg.set,998
sub-09,ses-2,eyesopen,1,SD,39,250.0,61,1250,3,61,1250,data\sub-09\ses-2\eeg\sub-09_ses-2_task-eyesopen_eeg.set,999
sub-09,ses-2,eyesopen,1,SD,40,250.0,61,1250,3,61,1250,data\sub-09\ses-2\eeg\sub-09_ses-2_task-eyesopen_eeg.set,1000
sub-09,ses-2,eyesopen,1,SD,41,250.0,61,1250,3,61,1250,data\sub-09\ses-2\eeg\sub-09_ses-2_task-eyesopen_eeg.set,1001
sub-09,ses-2,eyesopen,1,SD,42,250.0,61,1250,3,61,1250,data\sub-09\ses-2\eeg\sub-09_ses-2_task-eyesopen_eeg.set,1002
sub-09,ses-2,eyesopen,1,SD,43,250.0,61,1250,3,61,1250,data\sub-09\ses-2\eeg\sub-09_ses-2_task-eyesopen_eeg.set,1003
sub-09,ses-2,eyesopen,1,SD,44,250.0,61,1250,3,61,1250,data\sub-09\ses-2\eeg\sub-09_ses-2_task-eyesopen_eeg.set,1004
sub-09,ses-2,eyesopen,1,SD,45,250.0,61,1250,3,61,1250,data\sub-09\ses-2\eeg\sub-09_ses-2_task-eyesopen_eeg.set,1005
sub-09,ses-2,eyesopen,1,SD,46,250.0,61,1250,3,61,1250,data\sub-09\ses-2\eeg\sub-09_ses-2_task-eyesopen_eeg.set,1006
sub-09,ses-2,eyesopen,1,SD,47,250.0,61,1250,3,61,1250,data\sub-09\ses-2\eeg\sub-09_ses-2_task-eyesopen_eeg.set,1007
sub-09,ses-2,eyesopen,1,SD,48,250.0,61,1250,3,61,1250,data\sub-09\ses-2\eeg\sub-09_ses-2_task-eyesopen_eeg.set,1008
sub-09,ses-2,eyesopen,1,SD,49,250.0,61,1250,3,61,1250,data\sub-09\ses-2\eeg\sub-09_ses-2_task-eyesopen_eeg.set,1009
sub-09,ses-2,eyesopen,1,SD,50,250.0,61,1250,3,61,1250,data\sub-09\ses-2\eeg\sub-09_ses-2_task-eyesopen_eeg.set,1010
sub-09,ses-2,eyesopen,1,SD,51,250.0,61,1250,3,61,1250,data\sub-09\ses-2\eeg\sub-09_ses-2_task-eyesopen_eeg.set,1011
sub-09,ses-2,eyesopen,1,SD,52,250.0,61,1250,3,61,1250,data\sub-09\ses-2\eeg\sub-09_ses-2_task-eyesopen_eeg.set,1012
sub-09,ses-2,eyesopen,1,SD,53,250.0,61,1250,3,61,1250,data\sub-09\ses-2\eeg\sub-09_ses-2_task-eyesopen_eeg.set,1013
sub-09,ses-2,eyesopen,1,SD,54,250.0,61,1250,3,61,1250,data\sub-09\ses-2\eeg\sub-09_ses-2_task-eyesopen_eeg.set,1014
sub-09,ses-2,eyesopen,1,SD,55,250.0,61,1250,3,61,1250,data\sub-09\ses-2\eeg\sub-09_ses-2_task-eyesopen_eeg.set,1015
sub-09,ses-2,eyesopen,1,SD,56,250.0,61,1250,3,61,1250,data\sub-09\ses-2\eeg\sub-09_ses-2_task-eyesopen_eeg.set,1016
sub-09,ses-2,eyesopen,1,SD,57,250.0,61,1250,3,61,1250,data\sub-09\ses-2\eeg\sub-09_ses-2_task-eyesopen_eeg.set,1017
sub-09,ses-2,eyesopen,1,SD,58,250.0,61,1250,3,61,1250,data\sub-09\ses-2\eeg\sub-09_ses-2_task-eyesopen_eeg.set,1018
sub-09,ses-2,eyesopen,1,SD,59,250.0,61,1250,3,61,1250,data\sub-09\ses-2\eeg\sub-09_ses-2_task-eyesopen_eeg.set,1019
sub-12,ses-1,eyesopen,0,NS,0,250.0,61,1250,3,61,1250,data\sub-12\ses-1\eeg\sub-12_ses-1_task-eyesopen_eeg.set,1260
sub-12,ses-1,eyesopen,0,NS,1,250.0,61,1250,3,61,1250,data\sub-12\ses-1\eeg\sub-12_ses-1_task-eyesopen_eeg.set,1261
sub-12,ses-1,eyesopen,0,NS,2,250.0,61,1250,3,61,1250,data\sub-12\ses-1\eeg\sub-12_ses-1_task-eyesopen_eeg.set,1262
sub-12,ses-1,eyesopen,0,NS,3,250.0,61,1250,3,61,1250,data\sub-12\ses-1\eeg\sub-12_ses-1_task-eyesopen_eeg.set,1263
sub-12,ses-1,eyesopen,0,NS,4,250.0,61,1250,3,61,1250,data\sub-12\ses-1\eeg\sub-12_ses-1_task-eyesopen_eeg.set,1264
sub-12,ses-1,eyesopen,0,NS,5,250.0,61,1250,3,61,1250,data\sub-12\ses-1\eeg\sub-12_ses-1_task-eyesopen_eeg.set,1265
sub-12,ses-1,eyesopen,0,NS,6,250.0,61,1250,3,61,1250,data\sub-12\ses-1\eeg\sub-12_ses-1_task-eyesopen_eeg.set,1266
sub-12,ses-1,eyesopen,0,NS,7,250.0,61,1250,3,61,1250,data\sub-12\ses-1\eeg\sub-12_ses-1_task-eyesopen_eeg.set,1267
sub-12,ses-1,eyesopen,0,NS,8,250.0,61,1250,3,61,1250,data\sub-12\ses-1\eeg\sub-12_ses-1_task-eyesopen_eeg.set,1268
sub-12,ses-1,eyesopen,0,NS,9,250.0,61,1250,3,61,1250,data\sub-12\ses-1\eeg\sub-12_ses-1_task-eyesopen_eeg.set,1269
sub-12,ses-1,eyesopen,0,NS,10,250.0,61,1250,3,61,1250,data\sub-12\ses-1\eeg\sub-12_ses-1_task-eyesopen_eeg.set,1270
sub-12,ses-1,eyesopen,0,NS,11,250.0,61,1250,3,61,1250,data\sub-12\ses-1\eeg\sub-12_ses-1_task-eyesopen_eeg.set,1271
sub-12,ses-1,eyesopen,0,NS,12,250.0,61,1250,3,61,1250,data\sub-12\ses-1\eeg\sub-12_ses-1_task-eyesopen_eeg.set,1272
sub-12,ses-1,eyesopen,0,NS,13,250.0,61,1250,3,61,1250,data\sub-12\ses-1\eeg\sub-12_ses-1_task-eyesopen_eeg.set,1273
sub-12,ses-1,eyesopen,0,NS,14,250.0,61,1250,3,61,1250,data\sub-12\ses-1\eeg\sub-12_ses-1_task-eyesopen_eeg.set,1274
sub-12,ses-1,eyesopen,0,NS,15,250.0,61,1250,3,61,1250,data\sub-12\ses-1\eeg\sub-12_ses-1_task-eyesopen_eeg.set,1275
sub-12,ses-1,eyesopen,0,NS,16,250.0,61,1250,3,61,1250,data\sub-12\ses-1\eeg\sub-12_ses-1_task-eyesopen_eeg.set,1276
sub-12,ses-1,eyesopen,0,NS,17,250.0,61,1250,3,61,1250,data\sub-12\ses-1\eeg\sub-12_ses-1_task-eyesopen_eeg.set,1277
sub-12,ses-1,eyesopen,0,NS,18,250.0,61,1250,3,61,1250,data\sub-12\ses-1\eeg\sub-12_ses-1_task-eyesopen_eeg.set,1278
sub-12,ses-1,eyesopen,0,NS,19,250.0,61,1250,3,61,1250,data\sub-12\ses-1\eeg\sub-12_ses-1_task-eyesopen_eeg.set,1279
sub-12,ses-1,eyesopen,0,NS,20,250.0,61,1250,3,61,1250,data\sub-12\ses-1\eeg\sub-12_ses-1_task-eyesopen_eeg.set,1280
sub-12,ses-1,eyesopen,0,NS,21,250.0,61,1250,3,61,1250,data\sub-12\ses-1\eeg\sub-12_ses-1_task-eyesopen_eeg.set,1281
sub-12,ses-1,eyesopen,0,NS,22,250.0,61,1250,3,61,1250,data\sub-12\ses-1\eeg\sub-12_ses-1_task-eyesopen_eeg.set,1282
sub-12,ses-1,eyesopen,0,NS,23,250.0,61,1250,3,61,1250,data\sub-12\ses-1\eeg\sub-12_ses-1_task-eyesopen_eeg.set,1283
sub-12,ses-1,eyesopen,0,NS,24,250.0,61,1250,3,61,1250,data\sub-12\ses-1\eeg\sub-12_ses-1_task-eyesopen_eeg.set,1284
sub-12,ses-1,eyesopen,0,NS,25,250.0,61,1250,3,61,1250,data\sub-12\ses-1\eeg\sub-12_ses-1_task-eyesopen_eeg.set,1285
sub-12,ses-1,eyesopen,0,NS,26,250.0,61,1250,3,61,1250,data\sub-12\ses-1\eeg\sub-12_ses-1_task-eyesopen_eeg.set,1286
sub-12,ses-1,eyesopen,0,NS,27,250.0,61,1250,3,61,1250,data\sub-12\ses-1\eeg\sub-12_ses-1_task-eyesopen_eeg.set,1287
sub-12,ses-1,eyesopen,0,NS,28,250.0,61,1250,3,61,1250,data\sub-12\ses-1\eeg\sub-12_ses-1_task-eyesopen_eeg.set,1288
sub-12,ses-1,eyesopen,0,NS,29,250.0,61,1250,3,61,1250,data\sub-12\ses-1\eeg\sub-12_ses-1_task-eyesopen_eeg.set,1289
sub-12,ses-1,eyesopen,0,NS,30,250.0,61,1250,3,61,1250,data\sub-12\ses-1\eeg\sub-12_ses-1_task-eyesopen_eeg.set,1290
sub-12,ses-1,eyesopen,0,NS,31,250.0,61,1250,3,61,1250,data\sub-12\ses-1\eeg\sub-12_ses-1_task-eyesopen_eeg.set,1291
sub-12,ses-1,eyesopen,0,NS,32,250.0,61,1250,3,61,1250,data\sub-12\ses-1\eeg\sub-12_ses-1_task-eyesopen_eeg.set,1292
sub-12,ses-1,eyesopen,0,NS,33,250.0,61,1250,3,61,1250,data\sub-12\ses-1\eeg\sub-12_ses-1_task-eyesopen_eeg.set,1293
sub-12,ses-1,eyesopen,0,NS,34,250.0,61,1250,3,61,1250,data\sub-12\ses-1\eeg\sub-12_ses-1_task-eyesopen_eeg.set,1294
sub-12,ses-1,eyesopen,0,NS,35,250.0,61,1250,3,61,1250,data\sub-12\ses-1\eeg\sub-12_ses-1_task-eyesopen_eeg.set,1295
sub-12,ses-1,eyesopen,0,NS,36,250.0,61,1250,3,61,1250,data\sub-12\ses-1\eeg\sub-12_ses-1_task-eyesopen_eeg.set,1296
sub-12,ses-1,eyesopen,0,NS,37,250.0,61,1250,3,61,1250,data\sub-12\ses-1\eeg\sub-12_ses-1_task-eyesopen_eeg.set,1297
sub-12,ses-1,eyesopen,0,NS,38,250.0,61,1250,3,61,1250,data\sub-12\ses-1\eeg\sub-12_ses-1_task-eyesopen_eeg.set,1298
sub-12,ses-1,eyesopen,0,NS,39,250.0,61,1250,3,61,1250,data\sub-12\ses-1\eeg\sub-12_ses-1_task-eyesopen_eeg.set,1299
sub-12,ses-1,eyesopen,0,NS,40,250.0,61,1250,3,61,1250,data\sub-12\ses-1\eeg\sub-12_ses-1_task-eyesopen_eeg.set,1300
sub-12,ses-1,eyesopen,0,NS,41,250.0,61,1250,3,61,1250,data\sub-12\ses-1\eeg\sub-12_ses-1_task-eyesopen_eeg.set,1301
sub-12,ses-1,eyesopen,0,NS,42,250.0,61,1250,3,61,1250,data\sub-12\ses-1\eeg\sub-12_ses-1_task-eyesopen_eeg.set,1302
sub-12,ses-1,eyesopen,0,NS,43,250.0,61,1250,3,61,1250,data\sub-12\ses-1\eeg\sub-12_ses-1_task-eyesopen_eeg.set,1303
sub-12,ses-1,eyesopen,0,NS,44,250.0,61,1250,3,61,1250,data\sub-12\ses-1\eeg\sub-12_ses-1_task-eyesopen_eeg.set,1304
sub-12,ses-1,eyesopen,0,NS,45,250.0,61,1250,3,61,1250,data\sub-12\ses-1\eeg\sub-12_ses-1_task-eyesopen_eeg.set,1305
sub-12,ses-1,eyesopen,0,NS,46,250.0,61,1250,3,61,1250,data\sub-12\ses-1\eeg\sub-12_ses-1_task-eyesopen_eeg.set,1306
sub-12,ses-1,eyesopen,0,NS,47,250.0,61,1250,3,61,1250,data\sub-12\ses-1\eeg\sub-12_ses-1_task-eyesopen_eeg.set,1307
sub-12,ses-1,eyesopen,0,NS,48,250.0,61,1250,3,61,1250,data\sub-12\ses-1\eeg\sub-12_ses-1_task-eyesopen_eeg.set,1308
sub-12,ses-1,eyesopen,0,NS,49,250.0,61,1250,3,61,1250,data\sub-12\ses-1\eeg\sub-12_ses-1_task-eyesopen_eeg.set,1309
sub-12,ses-1,eyesopen,0,NS,50,250.0,61,1250,3,61,1250,data\sub-12\ses-1\eeg\sub-12_ses-1_task-eyesopen_eeg.set,1310
sub-12,ses-1,eyesopen,0,NS,51,250.0,61,1250,3,61,1250,data\sub-12\ses-1\eeg\sub-12_ses-1_task-eyesopen_eeg.set,1311
sub-12,ses-1,eyesopen,0,NS,52,250.0,61,1250,3,61,1250,data\sub-12\ses-1\eeg\sub-12_ses-1_task-eyesopen_eeg.set,1312
sub-12,ses-1,eyesopen,0,NS,53,250.0,61,1250,3,61,1250,data\sub-12\ses-1\eeg\sub-12_ses-1_task-eyesopen_eeg.set,1313
sub-12,ses-1,eyesopen,0,NS,54,250.0,61,1250,3,61,1250,data\sub-12\ses-1\eeg\sub-12_ses-1_task-eyesopen_eeg.set,1314
sub-12,ses-1,eyesopen,0,NS,55,250.0,61,1250,3,61,1250,data\sub-12\ses-1\eeg\sub-12_ses-1_task-eyesopen_eeg.set,1315
sub-12,ses-1,eyesopen,0,NS,56,250.0,61,1250,3,61,1250,data\sub-12\ses-1\eeg\sub-12_ses-1_task-eyesopen_eeg.set,1316
sub-12,ses-1,eyesopen,0,NS,57,250.0,61,1250,3,61,1250,data\sub-12\ses-1\eeg\sub-12_ses-1_task-eyesopen_eeg.set,1317
sub-12,ses-1,eyesopen,0,NS,58,250.0,61,1250,3,61,1250,data\sub-12\ses-1\eeg\sub-12_ses-1_task-eyesopen_eeg.set,1318
sub-12,ses-1,eyesopen,0,NS,59,250.0,61,1250,3,61,1250,data\sub-12\ses-1\eeg\sub-12_ses-1_task-eyesopen_eeg.set,1319
sub-12,ses-2,eyesopen,1,SD,0,250.0,61,1250,3,61,1250,data\sub-12\ses-2\eeg\sub-12_ses-2_task-eyesopen_eeg.set,1320
sub-12,ses-2,eyesopen,1,SD,1,250.0,61,1250,3,61,1250,data\sub-12\ses-2\eeg\sub-12_ses-2_task-eyesopen_eeg.set,1321
sub-12,ses-2,eyesopen,1,SD,2,250.0,61,1250,3,61,1250,data\sub-12\ses-2\eeg\sub-12_ses-2_task-eyesopen_eeg.set,1322
sub-12,ses-2,eyesopen,1,SD,3,250.0,61,1250,3,61,1250,data\sub-12\ses-2\eeg\sub-12_ses-2_task-eyesopen_eeg.set,1323
sub-12,ses-2,eyesopen,1,SD,4,250.0,61,1250,3,61,1250,data\sub-12\ses-2\eeg\sub-12_ses-2_task-eyesopen_eeg.set,1324
sub-12,ses-2,eyesopen,1,SD,5,250.0,61,1250,3,61,1250,data\sub-12\ses-2\eeg\sub-12_ses-2_task-eyesopen_eeg.set,1325
sub-12,ses-2,eyesopen,1,SD,6,250.0,61,1250,3,61,1250,data\sub-12\ses-2\eeg\sub-12_ses-2_task-eyesopen_eeg.set,1326
sub-12,ses-2,eyesopen,1,SD,7,250.0,61,1250,3,61,1250,data\sub-12\ses-2\eeg\sub-12_ses-2_task-eyesopen_eeg.set,1327
sub-12,ses-2,eyesopen,1,SD,8,250.0,61,1250,3,61,1250,data\sub-12\ses-2\eeg\sub-12_ses-2_task-eyesopen_eeg.set,1328
sub-12,ses-2,eyesopen,1,SD,9,250.0,61,1250,3,61,1250,data\sub-12\ses-2\eeg\sub-12_ses-2_task-eyesopen_eeg.set,1329
sub-12,ses-2,eyesopen,1,SD,10,250.0,61,1250,3,61,1250,data\sub-12\ses-2\eeg\sub-12_ses-2_task-eyesopen_eeg.set,1330
sub-12,ses-2,eyesopen,1,SD,11,250.0,61,1250,3,61,1250,data\sub-12\ses-2\eeg\sub-12_ses-2_task-eyesopen_eeg.set,1331
sub-12,ses-2,eyesopen,1,SD,12,250.0,61,1250,3,61,1250,data\sub-12\ses-2\eeg\sub-12_ses-2_task-eyesopen_eeg.set,1332
sub-12,ses-2,eyesopen,1,SD,13,250.0,61,1250,3,61,1250,data\sub-12\ses-2\eeg\sub-12_ses-2_task-eyesopen_eeg.set,1333
sub-12,ses-2,eyesopen,1,SD,14,250.0,61,1250,3,61,1250,data\sub-12\ses-2\eeg\sub-12_ses-2_task-eyesopen_eeg.set,1334
sub-12,ses-2,eyesopen,1,SD,15,250.0,61,1250,3,61,1250,data\sub-12\ses-2\eeg\sub-12_ses-2_task-eyesopen_eeg.set,1335
sub-12,ses-2,eyesopen,1,SD,16,250.0,61,1250,3,61,1250,data\sub-12\ses-2\eeg\sub-12_ses-2_task-eyesopen_eeg.set,1336
sub-12,ses-2,eyesopen,1,SD,17,250.0,61,1250,3,61,1250,data\sub-12\ses-2\eeg\sub-12_ses-2_task-eyesopen_eeg.set,1337
sub-12,ses-2,eyesopen,1,SD,18,250.0,61,1250,3,61,1250,data\sub-12\ses-2\eeg\sub-12_ses-2_task-eyesopen_eeg.set,1338
sub-12,ses-2,eyesopen,1,SD,19,250.0,61,1250,3,61,1250,data\sub-12\ses-2\eeg\sub-12_ses-2_task-eyesopen_eeg.set,1339
sub-12,ses-2,eyesopen,1,SD,20,250.0,61,1250,3,61,1250,data\sub-12\ses-2\eeg\sub-12_ses-2_task-eyesopen_eeg.set,1340
sub-12,ses-2,eyesopen,1,SD,21,250.0,61,1250,3,61,1250,data\sub-12\ses-2\eeg\sub-12_ses-2_task-eyesopen_eeg.set,1341
sub-12,ses-2,eyesopen,1,SD,22,250.0,61,1250,3,61,1250,data\sub-12\ses-2\eeg\sub-12_ses-2_task-eyesopen_eeg.set,1342
sub-12,ses-2,eyesopen,1,SD,23,250.0,61,1250,3,61,1250,data\sub-12\ses-2\eeg\sub-12_ses-2_task-eyesopen_eeg.set,1343
sub-12,ses-2,eyesopen,1,SD,24,250.0,61,1250,3,61,1250,data\sub-12\ses-2\eeg\sub-12_ses-2_task-eyesopen_eeg.set,1344
sub-12,ses-2,eyesopen,1,SD,25,250.0,61,1250,3,61,1250,data\sub-12\ses-2\eeg\sub-12_ses-2_task-eyesopen_eeg.set,1345
sub-12,ses-2,eyesopen,1,SD,26,250.0,61,1250,3,61,1250,data\sub-12\ses-2\eeg\sub-12_ses-2_task-eyesopen_eeg.set,1346
sub-12,ses-2,eyesopen,1,SD,27,250.0,61,1250,3,61,1250,data\sub-12\ses-2\eeg\sub-12_ses-2_task-eyesopen_eeg.set,1347
sub-12,ses-2,eyesopen,1,SD,28,250.0,61,1250,3,61,1250,data\sub-12\ses-2\eeg\sub-12_ses-2_task-eyesopen_eeg.set,1348
sub-12,ses-2,eyesopen,1,SD,29,250.0,61,1250,3,61,1250,data\sub-12\ses-2\eeg\sub-12_ses-2_task-eyesopen_eeg.set,1349
sub-12,ses-2,eyesopen,1,SD,30,250.0,61,1250,3,61,1250,data\sub-12\ses-2\eeg\sub-12_ses-2_task-eyesopen_eeg.set,1350
sub-12,ses-2,eyesopen,1,SD,31,250.0,61,1250,3,61,1250,data\sub-12\ses-2\eeg\sub-12_ses-2_task-eyesopen_eeg.set,1351
sub-12,ses-2,eyesopen,1,SD,32,250.0,61,1250,3,61,1250,data\sub-12\ses-2\eeg\sub-12_ses-2_task-eyesopen_eeg.set,1352
sub-12,ses-2,eyesopen,1,SD,33,250.0,61,1250,3,61,1250,data\sub-12\ses-2\eeg\sub-12_ses-2_task-eyesopen_eeg.set,1353
sub-12,ses-2,eyesopen,1,SD,34,250.0,61,1250,3,61,1250,data\sub-12\ses-2\eeg\sub-12_ses-2_task-eyesopen_eeg.set,1354
sub-12,ses-2,eyesopen,1,SD,35,250.0,61,1250,3,61,1250,data\sub-12\ses-2\eeg\sub-12_ses-2_task-eyesopen_eeg.set,1355
sub-12,ses-2,eyesopen,1,SD,36,250.0,61,1250,3,61,1250,data\sub-12\ses-2\eeg\sub-12_ses-2_task-eyesopen_eeg.set,1356
sub-12,ses-2,eyesopen,1,SD,37,250.0,61,1250,3,61,1250,data\sub-12\ses-2\eeg\sub-12_ses-2_task-eyesopen_eeg.set,1357
sub-12,ses-2,eyesopen,1,SD,38,250.0,61,1250,3,61,1250,data\sub-12\ses-2\eeg\sub-12_ses-2_task-eyesopen_eeg.set,1358
sub-12,ses-2,eyesopen,1,SD,39,250.0,61,1250,3,61,1250,data\sub-12\ses-2\eeg\sub-12_ses-2_task-eyesopen_eeg.set,1359
sub-12,ses-2,eyesopen,1,SD,40,250.0,61,1250,3,61,1250,data\sub-12\ses-2\eeg\sub-12_ses-2_task-eyesopen_eeg.set,1360
sub-12,ses-2,eyesopen,1,SD,41,250.0,61,1250,3,61,1250,data\sub-12\ses-2\eeg\sub-12_ses-2_task-eyesopen_eeg.set,1361
sub-12,ses-2,eyesopen,1,SD,42,250.0,61,1250,3,61,1250,data\sub-12\ses-2\eeg\sub-12_ses-2_task-eyesopen_eeg.set,1362
sub-12,ses-2,eyesopen,1,SD,43,250.0,61,1250,3,61,1250,data\sub-12\ses-2\eeg\sub-12_ses-2_task-eyesopen_eeg.set,1363
sub-12,ses-2,eyesopen,1,SD,44,250.0,61,1250,3,61,1250,data\sub-12\ses-2\eeg\sub-12_ses-2_task-eyesopen_eeg.set,1364
sub-12,ses-2,eyesopen,1,SD,45,250.0,61,1250,3,61,1250,data\sub-12\ses-2\eeg\sub-12_ses-2_task-eyesopen_eeg.set,1365
sub-12,ses-2,eyesopen,1,SD,46,250.0,61,1250,3,61,1250,data\sub-12\ses-2\eeg\sub-12_ses-2_task-eyesopen_eeg.set,1366
sub-12,ses-2,eyesopen,1,SD,47,250.0,61,1250,3,61,1250,data\sub-12\ses-2\eeg\sub-12_ses-2_task-eyesopen_eeg.set,1367
sub-12,ses-2,eyesopen,1,SD,48,250.0,61,1250,3,61,1250,data\sub-12\ses-2\eeg\sub-12_ses-2_task-eyesopen_eeg.set,1368
sub-12,ses-2,eyesopen,1,SD,49,250.0,61,1250,3,61,1250,data\sub-12\ses-2\eeg\sub-12_ses-2_task-eyesopen_eeg.set,1369
sub-12,ses-2,eyesopen,1,SD,50,250.0,61,1250,3,61,1250,data\sub-12\ses-2\eeg\sub-12_ses-2_task-eyesopen_eeg.set,1370
sub-12,ses-2,eyesopen,1,SD,51,250.0,61,1250,3,61,1250,data\sub-12\ses-2\eeg\sub-12_ses-2_task-eyesopen_eeg.set,1371
sub-12,ses-2,eyesopen,1,SD,52,250.0,61,1250,3,61,1250,data\sub-12\ses-2\eeg\sub-12_ses-2_task-eyesopen_eeg.set,1372
sub-12,ses-2,eyesopen,1,SD,53,250.0,61,1250,3,61,1250,data\sub-12\ses-2\eeg\sub-12_ses-2_task-eyesopen_eeg.set,1373
sub-12,ses-2,eyesopen,1,SD,54,250.0,61,1250,3,61,1250,data\sub-12\ses-2\eeg\sub-12_ses-2_task-eyesopen_eeg.set,1374
sub-12,ses-2,eyesopen,1,SD,55,250.0,61,1250,3,61,1250,data\sub-12\ses-2\eeg\sub-12_ses-2_task-eyesopen_eeg.set,1375
sub-12,ses-2,eyesopen,1,SD,56,250.0,61,1250,3,61,1250,data\sub-12\ses-2\eeg\sub-12_ses-2_task-eyesopen_eeg.set,1376
sub-12,ses-2,eyesopen,1,SD,57,250.0,61,1250,3,61,1250,data\sub-12\ses-2\eeg\sub-12_ses-2_task-eyesopen_eeg.set,1377
sub-12,ses-2,eyesopen,1,SD,58,250.0,61,1250,3,61,1250,data\sub-12\ses-2\eeg\sub-12_ses-2_task-eyesopen_eeg.set,1378
sub-12,ses-2,eyesopen,1,SD,59,250.0,61,1250,3,61,1250,data\sub-12\ses-2\eeg\sub-12_ses-2_task-eyesopen_eeg.set,1379
sub-14,ses-1,eyesopen,0,NS,0,250.0,61,1250,3,61,1250,data\sub-14\ses-1\eeg\sub-14_ses-1_task-eyesopen_eeg.set,1500
sub-14,ses-1,eyesopen,0,NS,1,250.0,61,1250,3,61,1250,data\sub-14\ses-1\eeg\sub-14_ses-1_task-eyesopen_eeg.set,1501
sub-14,ses-1,eyesopen,0,NS,2,250.0,61,1250,3,61,1250,data\sub-14\ses-1\eeg\sub-14_ses-1_task-eyesopen_eeg.set,1502
sub-14,ses-1,eyesopen,0,NS,3,250.0,61,1250,3,61,1250,data\sub-14\ses-1\eeg\sub-14_ses-1_task-eyesopen_eeg.set,1503
sub-14,ses-1,eyesopen,0,NS,4,250.0,61,1250,3,61,1250,data\sub-14\ses-1\eeg\sub-14_ses-1_task-eyesopen_eeg.set,1504
sub-14,ses-1,eyesopen,0,NS,5,250.0,61,1250,3,61,1250,data\sub-14\ses-1\eeg\sub-14_ses-1_task-eyesopen_eeg.set,1505
sub-14,ses-1,eyesopen,0,NS,6,250.0,61,1250,3,61,1250,data\sub-14\ses-1\eeg\sub-14_ses-1_task-eyesopen_eeg.set,1506
sub-14,ses-1,eyesopen,0,NS,7,250.0,61,1250,3,61,1250,data\sub-14\ses-1\eeg\sub-14_ses-1_task-eyesopen_eeg.set,1507
sub-14,ses-1,eyesopen,0,NS,8,250.0,61,1250,3,61,1250,data\sub-14\ses-1\eeg\sub-14_ses-1_task-eyesopen_eeg.set,1508
sub-14,ses-1,eyesopen,0,NS,9,250.0,61,1250,3,61,1250,data\sub-14\ses-1\eeg\sub-14_ses-1_task-eyesopen_eeg.set,1509
sub-14,ses-1,eyesopen,0,NS,10,250.0,61,1250,3,61,1250,data\sub-14\ses-1\eeg\sub-14_ses-1_task-eyesopen_eeg.set,1510
sub-14,ses-1,eyesopen,0,NS,11,250.0,61,1250,3,61,1250,data\sub-14\ses-1\eeg\sub-14_ses-1_task-eyesopen_eeg.set,1511
sub-14,ses-1,eyesopen,0,NS,12,250.0,61,1250,3,61,1250,data\sub-14\ses-1\eeg\sub-14_ses-1_task-eyesopen_eeg.set,1512
sub-14,ses-1,eyesopen,0,NS,13,250.0,61,1250,3,61,1250,data\sub-14\ses-1\eeg\sub-14_ses-1_task-eyesopen_eeg.set,1513
sub-14,ses-1,eyesopen,0,NS,14,250.0,61,1250,3,61,1250,data\sub-14\ses-1\eeg\sub-14_ses-1_task-eyesopen_eeg.set,1514
sub-14,ses-1,eyesopen,0,NS,15,250.0,61,1250,3,61,1250,data\sub-14\ses-1\eeg\sub-14_ses-1_task-eyesopen_eeg.set,1515
sub-14,ses-1,eyesopen,0,NS,16,250.0,61,1250,3,61,1250,data\sub-14\ses-1\eeg\sub-14_ses-1_task-eyesopen_eeg.set,1516
sub-14,ses-1,eyesopen,0,NS,17,250.0,61,1250,3,61,1250,data\sub-14\ses-1\eeg\sub-14_ses-1_task-eyesopen_eeg.set,1517
sub-14,ses-1,eyesopen,0,NS,18,250.0,61,1250,3,61,1250,data\sub-14\ses-1\eeg\sub-14_ses-1_task-eyesopen_eeg.set,1518
sub-14,ses-1,eyesopen,0,NS,19,250.0,61,1250,3,61,1250,data\sub-14\ses-1\eeg\sub-14_ses-1_task-eyesopen_eeg.set,1519
sub-14,ses-1,eyesopen,0,NS,20,250.0,61,1250,3,61,1250,data\sub-14\ses-1\eeg\sub-14_ses-1_task-eyesopen_eeg.set,1520
sub-14,ses-1,eyesopen,0,NS,21,250.0,61,1250,3,61,1250,data\sub-14\ses-1\eeg\sub-14_ses-1_task-eyesopen_eeg.set,1521
sub-14,ses-1,eyesopen,0,NS,22,250.0,61,1250,3,61,1250,data\sub-14\ses-1\eeg\sub-14_ses-1_task-eyesopen_eeg.set,1522
sub-14,ses-1,eyesopen,0,NS,23,250.0,61,1250,3,61,1250,data\sub-14\ses-1\eeg\sub-14_ses-1_task-eyesopen_eeg.set,1523
sub-14,ses-1,eyesopen,0,NS,24,250.0,61,1250,3,61,1250,data\sub-14\ses-1\eeg\sub-14_ses-1_task-eyesopen_eeg.set,1524
sub-14,ses-1,eyesopen,0,NS,25,250.0,61,1250,3,61,1250,data\sub-14\ses-1\eeg\sub-14_ses-1_task-eyesopen_eeg.set,1525
sub-14,ses-1,eyesopen,0,NS,26,250.0,61,1250,3,61,1250,data\sub-14\ses-1\eeg\sub-14_ses-1_task-eyesopen_eeg.set,1526
sub-14,ses-1,eyesopen,0,NS,27,250.0,61,1250,3,61,1250,data\sub-14\ses-1\eeg\sub-14_ses-1_task-eyesopen_eeg.set,1527
sub-14,ses-1,eyesopen,0,NS,28,250.0,61,1250,3,61,1250,data\sub-14\ses-1\eeg\sub-14_ses-1_task-eyesopen_eeg.set,1528
sub-14,ses-1,eyesopen,0,NS,29,250.0,61,1250,3,61,1250,data\sub-14\ses-1\eeg\sub-14_ses-1_task-eyesopen_eeg.set,1529
sub-14,ses-1,eyesopen,0,NS,30,250.0,61,1250,3,61,1250,data\sub-14\ses-1\eeg\sub-14_ses-1_task-eyesopen_eeg.set,1530
sub-14,ses-1,eyesopen,0,NS,31,250.0,61,1250,3,61,1250,data\sub-14\ses-1\eeg\sub-14_ses-1_task-eyesopen_eeg.set,1531
sub-14,ses-1,eyesopen,0,NS,32,250.0,61,1250,3,61,1250,data\sub-14\ses-1\eeg\sub-14_ses-1_task-eyesopen_eeg.set,1532
sub-14,ses-1,eyesopen,0,NS,33,250.0,61,1250,3,61,1250,data\sub-14\ses-1\eeg\sub-14_ses-1_task-eyesopen_eeg.set,1533
sub-14,ses-1,eyesopen,0,NS,34,250.0,61,1250,3,61,1250,data\sub-14\ses-1\eeg\sub-14_ses-1_task-eyesopen_eeg.set,1534
sub-14,ses-1,eyesopen,0,NS,35,250.0,61,1250,3,61,1250,data\sub-14\ses-1\eeg\sub-14_ses-1_task-eyesopen_eeg.set,1535
sub-14,ses-1,eyesopen,0,NS,36,250.0,61,1250,3,61,1250,data\sub-14\ses-1\eeg\sub-14_ses-1_task-eyesopen_eeg.set,1536
sub-14,ses-1,eyesopen,0,NS,37,250.0,61,1250,3,61,1250,data\sub-14\ses-1\eeg\sub-14_ses-1_task-eyesopen_eeg.set,1537
sub-14,ses-1,eyesopen,0,NS,38,250.0,61,1250,3,61,1250,data\sub-14\ses-1\eeg\sub-14_ses-1_task-eyesopen_eeg.set,1538
sub-14,ses-1,eyesopen,0,NS,39,250.0,61,1250,3,61,1250,data\sub-14\ses-1\eeg\sub-14_ses-1_task-eyesopen_eeg.set,1539
sub-14,ses-1,eyesopen,0,NS,40,250.0,61,1250,3,61,1250,data\sub-14\ses-1\eeg\sub-14_ses-1_task-eyesopen_eeg.set,1540
sub-14,ses-1,eyesopen,0,NS,41,250.0,61,1250,3,61,1250,data\sub-14\ses-1\eeg\sub-14_ses-1_task-eyesopen_eeg.set,1541
sub-14,ses-1,eyesopen,0,NS,42,250.0,61,1250,3,61,1250,data\sub-14\ses-1\eeg\sub-14_ses-1_task-eyesopen_eeg.set,1542
sub-14,ses-1,eyesopen,0,NS,43,250.0,61,1250,3,61,1250,data\sub-14\ses-1\eeg\sub-14_ses-1_task-eyesopen_eeg.set,1543
sub-14,ses-1,eyesopen,0,NS,44,250.0,61,1250,3,61,1250,data\sub-14\ses-1\eeg\sub-14_ses-1_task-eyesopen_eeg.set,1544
sub-14,ses-1,eyesopen,0,NS,45,250.0,61,1250,3,61,1250,data\sub-14\ses-1\eeg\sub-14_ses-1_task-eyesopen_eeg.set,1545
sub-14,ses-1,eyesopen,0,NS,46,250.0,61,1250,3,61,1250,data\sub-14\ses-1\eeg\sub-14_ses-1_task-eyesopen_eeg.set,1546
sub-14,ses-1,eyesopen,0,NS,47,250.0,61,1250,3,61,1250,data\sub-14\ses-1\eeg\sub-14_ses-1_task-eyesopen_eeg.set,1547
sub-14,ses-1,eyesopen,0,NS,48,250.0,61,1250,3,61,1250,data\sub-14\ses-1\eeg\sub-14_ses-1_task-eyesopen_eeg.set,1548
sub-14,ses-1,eyesopen,0,NS,49,250.0,61,1250,3,61,1250,data\sub-14\ses-1\eeg\sub-14_ses-1_task-eyesopen_eeg.set,1549
sub-14,ses-1,eyesopen,0,NS,50,250.0,61,1250,3,61,1250,data\sub-14\ses-1\eeg\sub-14_ses-1_task-eyesopen_eeg.set,1550
sub-14,ses-1,eyesopen,0,NS,51,250.0,61,1250,3,61,1250,data\sub-14\ses-1\eeg\sub-14_ses-1_task-eyesopen_eeg.set,1551
sub-14,ses-1,eyesopen,0,NS,52,250.0,61,1250,3,61,1250,data\sub-14\ses-1\eeg\sub-14_ses-1_task-eyesopen_eeg.set,1552
sub-14,ses-1,eyesopen,0,NS,53,250.0,61,1250,3,61,1250,data\sub-14\ses-1\eeg\sub-14_ses-1_task-eyesopen_eeg.set,1553
sub-14,ses-1,eyesopen,0,NS,54,250.0,61,1250,3,61,1250,data\sub-14\ses-1\eeg\sub-14_ses-1_task-eyesopen_eeg.set,1554
sub-14,ses-1,eyesopen,0,NS,55,250.0,61,1250,3,61,1250,data\sub-14\ses-1\eeg\sub-14_ses-1_task-eyesopen_eeg.set,1555
sub-14,ses-1,eyesopen,0,NS,56,250.0,61,1250,3,61,1250,data\sub-14\ses-1\eeg\sub-14_ses-1_task-eyesopen_eeg.set,1556
sub-14,ses-1,eyesopen,0,NS,57,250.0,61,1250,3,61,1250,data\sub-14\ses-1\eeg\sub-14_ses-1_task-eyesopen_eeg.set,1557
sub-14,ses-1,eyesopen,0,NS,58,250.0,61,1250,3,61,1250,data\sub-14\ses-1\eeg\sub-14_ses-1_task-eyesopen_eeg.set,1558
sub-14,ses-1,eyesopen,0,NS,59,250.0,61,1250,3,61,1250,data\sub-14\ses-1\eeg\sub-14_ses-1_task-eyesopen_eeg.set,1559
sub-14,ses-2,eyesopen,1,SD,0,250.0,61,1250,3,61,1250,data\sub-14\ses-2\eeg\sub-14_ses-2_task-eyesopen_eeg.set,1560
sub-14,ses-2,eyesopen,1,SD,1,250.0,61,1250,3,61,1250,data\sub-14\ses-2\eeg\sub-14_ses-2_task-eyesopen_eeg.set,1561
sub-14,ses-2,eyesopen,1,SD,2,250.0,61,1250,3,61,1250,data\sub-14\ses-2\eeg\sub-14_ses-2_task-eyesopen_eeg.set,1562
sub-14,ses-2,eyesopen,1,SD,3,250.0,61,1250,3,61,1250,data\sub-14\ses-2\eeg\sub-14_ses-2_task-eyesopen_eeg.set,1563
sub-14,ses-2,eyesopen,1,SD,4,250.0,61,1250,3,61,1250,data\sub-14\ses-2\eeg\sub-14_ses-2_task-eyesopen_eeg.set,1564
sub-14,ses-2,eyesopen,1,SD,5,250.0,61,1250,3,61,1250,data\sub-14\ses-2\eeg\sub-14_ses-2_task-eyesopen_eeg.set,1565
sub-14,ses-2,eyesopen,1,SD,6,250.0,61,1250,3,61,1250,data\sub-14\ses-2\eeg\sub-14_ses-2_task-eyesopen_eeg.set,1566
sub-14,ses-2,eyesopen,1,SD,7,250.0,61,1250,3,61,1250,data\sub-14\ses-2\eeg\sub-14_ses-2_task-eyesopen_eeg.set,1567
sub-14,ses-2,eyesopen,1,SD,8,250.0,61,1250,3,61,1250,data\sub-14\ses-2\eeg\sub-14_ses-2_task-eyesopen_eeg.set,1568
sub-14,ses-2,eyesopen,1,SD,9,250.0,61,1250,3,61,1250,data\sub-14\ses-2\eeg\sub-14_ses-2_task-eyesopen_eeg.set,1569
sub-14,ses-2,eyesopen,1,SD,10,250.0,61,1250,3,61,1250,data\sub-14\ses-2\eeg\sub-14_ses-2_task-eyesopen_eeg.set,1570
sub-14,ses-2,eyesopen,1,SD,11,250.0,61,1250,3,61,1250,data\sub-14\ses-2\eeg\sub-14_ses-2_task-eyesopen_eeg.set,1571
sub-14,ses-2,eyesopen,1,SD,12,250.0,61,1250,3,61,1250,data\sub-14\ses-2\eeg\sub-14_ses-2_task-eyesopen_eeg.set,1572
sub-14,ses-2,eyesopen,1,SD,13,250.0,61,1250,3,61,1250,data\sub-14\ses-2\eeg\sub-14_ses-2_task-eyesopen_eeg.set,1573
sub-14,ses-2,eyesopen,1,SD,14,250.0,61,1250,3,61,1250,data\sub-14\ses-2\eeg\sub-14_ses-2_task-eyesopen_eeg.set,1574
sub-14,ses-2,eyesopen,1,SD,15,250.0,61,1250,3,61,1250,data\sub-14\ses-2\eeg\sub-14_ses-2_task-eyesopen_eeg.set,1575
sub-14,ses-2,eyesopen,1,SD,16,250.0,61,1250,3,61,1250,data\sub-14\ses-2\eeg\sub-14_ses-2_task-eyesopen_eeg.set,1576
sub-14,ses-2,eyesopen,1,SD,17,250.0,61,1250,3,61,1250,data\sub-14\ses-2\eeg\sub-14_ses-2_task-eyesopen_eeg.set,1577
sub-14,ses-2,eyesopen,1,SD,18,250.0,61,1250,3,61,1250,data\sub-14\ses-2\eeg\sub-14_ses-2_task-eyesopen_eeg.set,1578
sub-14,ses-2,eyesopen,1,SD,19,250.0,61,1250,3,61,1250,data\sub-14\ses-2\eeg\sub-14_ses-2_task-eyesopen_eeg.set,1579
sub-14,ses-2,eyesopen,1,SD,20,250.0,61,1250,3,61,1250,data\sub-14\ses-2\eeg\sub-14_ses-2_task-eyesopen_eeg.set,1580
sub-14,ses-2,eyesopen,1,SD,21,250.0,61,1250,3,61,1250,data\sub-14\ses-2\eeg\sub-14_ses-2_task-eyesopen_eeg.set,1581
sub-14,ses-2,eyesopen,1,SD,22,250.0,61,1250,3,61,1250,data\sub-14\ses-2\eeg\sub-14_ses-2_task-eyesopen_eeg.set,1582
sub-14,ses-2,eyesopen,1,SD,23,250.0,61,1250,3,61,1250,data\sub-14\ses-2\eeg\sub-14_ses-2_task-eyesopen_eeg.set,1583
sub-14,ses-2,eyesopen,1,SD,24,250.0,61,1250,3,61,1250,data\sub-14\ses-2\eeg\sub-14_ses-2_task-eyesopen_eeg.set,1584
sub-14,ses-2,eyesopen,1,SD,25,250.0,61,1250,3,61,1250,data\sub-14\ses-2\eeg\sub-14_ses-2_task-eyesopen_eeg.set,1585
sub-14,ses-2,eyesopen,1,SD,26,250.0,61,1250,3,61,1250,data\sub-14\ses-2\eeg\sub-14_ses-2_task-eyesopen_eeg.set,1586
sub-14,ses-2,eyesopen,1,SD,27,250.0,61,1250,3,61,1250,data\sub-14\ses-2\eeg\sub-14_ses-2_task-eyesopen_eeg.set,1587
sub-14,ses-2,eyesopen,1,SD,28,250.0,61,1250,3,61,1250,data\sub-14\ses-2\eeg\sub-14_ses-2_task-eyesopen_eeg.set,1588
sub-14,ses-2,eyesopen,1,SD,29,250.0,61,1250,3,61,1250,data\sub-14\ses-2\eeg\sub-14_ses-2_task-eyesopen_eeg.set,1589
sub-14,ses-2,eyesopen,1,SD,30,250.0,61,1250,3,61,1250,data\sub-14\ses-2\eeg\sub-14_ses-2_task-eyesopen_eeg.set,1590
sub-14,ses-2,eyesopen,1,SD,31,250.0,61,1250,3,61,1250,data\sub-14\ses-2\eeg\sub-14_ses-2_task-eyesopen_eeg.set,1591
sub-14,ses-2,eyesopen,1,SD,32,250.0,61,1250,3,61,1250,data\sub-14\ses-2\eeg\sub-14_ses-2_task-eyesopen_eeg.set,1592
sub-14,ses-2,eyesopen,1,SD,33,250.0,61,1250,3,61,1250,data\sub-14\ses-2\eeg\sub-14_ses-2_task-eyesopen_eeg.set,1593
sub-14,ses-2,eyesopen,1,SD,34,250.0,61,1250,3,61,1250,data\sub-14\ses-2\eeg\sub-14_ses-2_task-eyesopen_eeg.set,1594
sub-14,ses-2,eyesopen,1,SD,35,250.0,61,1250,3,61,1250,data\sub-14\ses-2\eeg\sub-14_ses-2_task-eyesopen_eeg.set,1595
sub-14,ses-2,eyesopen,1,SD,36,250.0,61,1250,3,61,1250,data\sub-14\ses-2\eeg\sub-14_ses-2_task-eyesopen_eeg.set,1596
sub-14,ses-2,eyesopen,1,SD,37,250.0,61,1250,3,61,1250,data\sub-14\ses-2\eeg\sub-14_ses-2_task-eyesopen_eeg.set,1597
sub-14,ses-2,eyesopen,1,SD,38,250.0,61,1250,3,61,1250,data\sub-14\ses-2\eeg\sub-14_ses-2_task-eyesopen_eeg.set,1598
sub-14,ses-2,eyesopen,1,SD,39,250.0,61,1250,3,61,1250,data\sub-14\ses-2\eeg\sub-14_ses-2_task-eyesopen_eeg.set,1599
sub-14,ses-2,eyesopen,1,SD,40,250.0,61,1250,3,61,1250,data\sub-14\ses-2\eeg\sub-14_ses-2_task-eyesopen_eeg.set,1600
sub-14,ses-2,eyesopen,1,SD,41,250.0,61,1250,3,61,1250,data\sub-14\ses-2\eeg\sub-14_ses-2_task-eyesopen_eeg.set,1601
sub-14,ses-2,eyesopen,1,SD,42,250.0,61,1250,3,61,1250,data\sub-14\ses-2\eeg\sub-14_ses-2_task-eyesopen_eeg.set,1602
sub-14,ses-2,eyesopen,1,SD,43,250.0,61,1250,3,61,1250,data\sub-14\ses-2\eeg\sub-14_ses-2_task-eyesopen_eeg.set,1603
sub-14,ses-2,eyesopen,1,SD,44,250.0,61,1250,3,61,1250,data\sub-14\ses-2\eeg\sub-14_ses-2_task-eyesopen_eeg.set,1604
sub-14,ses-2,eyesopen,1,SD,45,250.0,61,1250,3,61,1250,data\sub-14\ses-2\eeg\sub-14_ses-2_task-eyesopen_eeg.set,1605
sub-14,ses-2,eyesopen,1,SD,46,250.0,61,1250,3,61,1250,data\sub-14\ses-2\eeg\sub-14_ses-2_task-eyesopen_eeg.set,1606
sub-14,ses-2,eyesopen,1,SD,47,250.0,61,1250,3,61,1250,data\sub-14\ses-2\eeg\sub-14_ses-2_task-eyesopen_eeg.set,1607
sub-14,ses-2,eyesopen,1,SD,48,250.0,61,1250,3,61,1250,data\sub-14\ses-2\eeg\sub-14_ses-2_task-eyesopen_eeg.set,1608
sub-14,ses-2,eyesopen,1,SD,49,250.0,61,1250,3,61,1250,data\sub-14\ses-2\eeg\sub-14_ses-2_task-eyesopen_eeg.set,1609
sub-14,ses-2,eyesopen,1,SD,50,250.0,61,1250,3,61,1250,data\sub-14\ses-2\eeg\sub-14_ses-2_task-eyesopen_eeg.set,1610
sub-14,ses-2,eyesopen,1,SD,51,250.0,61,1250,3,61,1250,data\sub-14\ses-2\eeg\sub-14_ses-2_task-eyesopen_eeg.set,1611
sub-14,ses-2,eyesopen,1,SD,52,250.0,61,1250,3,61,1250,data\sub-14\ses-2\eeg\sub-14_ses-2_task-eyesopen_eeg.set,1612
sub-14,ses-2,eyesopen,1,SD,53,250.0,61,1250,3,61,1250,data\sub-14\ses-2\eeg\sub-14_ses-2_task-eyesopen_eeg.set,1613
sub-14,ses-2,eyesopen,1,SD,54,250.0,61,1250,3,61,1250,data\sub-14\ses-2\eeg\sub-14_ses-2_task-eyesopen_eeg.set,1614
sub-14,ses-2,eyesopen,1,SD,55,250.0,61,1250,3,61,1250,data\sub-14\ses-2\eeg\sub-14_ses-2_task-eyesopen_eeg.set,1615
sub-14,ses-2,eyesopen,1,SD,56,250.0,61,1250,3,61,1250,data\sub-14\ses-2\eeg\sub-14_ses-2_task-eyesopen_eeg.set,1616
sub-14,ses-2,eyesopen,1,SD,57,250.0,61,1250,3,61,1250,data\sub-14\ses-2\eeg\sub-14_ses-2_task-eyesopen_eeg.set,1617
sub-14,ses-2,eyesopen,1,SD,58,250.0,61,1250,3,61,1250,data\sub-14\ses-2\eeg\sub-14_ses-2_task-eyesopen_eeg.set,1618
sub-14,ses-2,eyesopen,1,SD,59,250.0,61,1250,3,61,1250,data\sub-14\ses-2\eeg\sub-14_ses-2_task-eyesopen_eeg.set,1619
sub-15,ses-1,eyesopen,0,NS,0,250.0,61,1250,3,61,1250,data\sub-15\ses-1\eeg\sub-15_ses-1_task-eyesopen_eeg.set,1620
sub-15,ses-1,eyesopen,0,NS,1,250.0,61,1250,3,61,1250,data\sub-15\ses-1\eeg\sub-15_ses-1_task-eyesopen_eeg.set,1621
sub-15,ses-1,eyesopen,0,NS,2,250.0,61,1250,3,61,1250,data\sub-15\ses-1\eeg\sub-15_ses-1_task-eyesopen_eeg.set,1622
sub-15,ses-1,eyesopen,0,NS,3,250.0,61,1250,3,61,1250,data\sub-15\ses-1\eeg\sub-15_ses-1_task-eyesopen_eeg.set,1623
sub-15,ses-1,eyesopen,0,NS,4,250.0,61,1250,3,61,1250,data\sub-15\ses-1\eeg\sub-15_ses-1_task-eyesopen_eeg.set,1624
sub-15,ses-1,eyesopen,0,NS,5,250.0,61,1250,3,61,1250,data\sub-15\ses-1\eeg\sub-15_ses-1_task-eyesopen_eeg.set,1625
sub-15,ses-1,eyesopen,0,NS,6,250.0,61,1250,3,61,1250,data\sub-15\ses-1\eeg\sub-15_ses-1_task-eyesopen_eeg.set,1626
sub-15,ses-1,eyesopen,0,NS,7,250.0,61,1250,3,61,1250,data\sub-15\ses-1\eeg\sub-15_ses-1_task-eyesopen_eeg.set,1627
sub-15,ses-1,eyesopen,0,NS,8,250.0,61,1250,3,61,1250,data\sub-15\ses-1\eeg\sub-15_ses-1_task-eyesopen_eeg.set,1628
sub-15,ses-1,eyesopen,0,NS,9,250.0,61,1250,3,61,1250,data\sub-15\ses-1\eeg\sub-15_ses-1_task-eyesopen_eeg.set,1629
sub-15,ses-1,eyesopen,0,NS,10,250.0,61,1250,3,61,1250,data\sub-15\ses-1\eeg\sub-15_ses-1_task-eyesopen_eeg.set,1630
sub-15,ses-1,eyesopen,0,NS,11,250.0,61,1250,3,61,1250,data\sub-15\ses-1\eeg\sub-15_ses-1_task-eyesopen_eeg.set,1631
sub-15,ses-1,eyesopen,0,NS,12,250.0,61,1250,3,61,1250,data\sub-15\ses-1\eeg\sub-15_ses-1_task-eyesopen_eeg.set,1632
sub-15,ses-1,eyesopen,0,NS,13,250.0,61,1250,3,61,1250,data\sub-15\ses-1\eeg\sub-15_ses-1_task-eyesopen_eeg.set,1633
sub-15,ses-1,eyesopen,0,NS,14,250.0,61,1250,3,61,1250,data\sub-15\ses-1\eeg\sub-15_ses-1_task-eyesopen_eeg.set,1634
sub-15,ses-1,eyesopen,0,NS,15,250.0,61,1250,3,61,1250,data\sub-15\ses-1\eeg\sub-15_ses-1_task-eyesopen_eeg.set,1635
sub-15,ses-1,eyesopen,0,NS,16,250.0,61,1250,3,61,1250,data\sub-15\ses-1\eeg\sub-15_ses-1_task-eyesopen_eeg.set,1636
sub-15,ses-1,eyesopen,0,NS,17,250.0,61,1250,3,61,1250,data\sub-15\ses-1\eeg\sub-15_ses-1_task-eyesopen_eeg.set,1637
sub-15,ses-1,eyesopen,0,NS,18,250.0,61,1250,3,61,1250,data\sub-15\ses-1\eeg\sub-15_ses-1_task-eyesopen_eeg.set,1638
sub-15,ses-1,eyesopen,0,NS,19,250.0,61,1250,3,61,1250,data\sub-15\ses-1\eeg\sub-15_ses-1_task-eyesopen_eeg.set,1639
sub-15,ses-1,eyesopen,0,NS,20,250.0,61,1250,3,61,1250,data\sub-15\ses-1\eeg\sub-15_ses-1_task-eyesopen_eeg.set,1640
sub-15,ses-1,eyesopen,0,NS,21,250.0,61,1250,3,61,1250,data\sub-15\ses-1\eeg\sub-15_ses-1_task-eyesopen_eeg.set,1641
sub-15,ses-1,eyesopen,0,NS,22,250.0,61,1250,3,61,1250,data\sub-15\ses-1\eeg\sub-15_ses-1_task-eyesopen_eeg.set,1642
sub-15,ses-1,eyesopen,0,NS,23,250.0,61,1250,3,61,1250,data\sub-15\ses-1\eeg\sub-15_ses-1_task-eyesopen_eeg.set,1643
sub-15,ses-1,eyesopen,0,NS,24,250.0,61,1250,3,61,1250,data\sub-15\ses-1\eeg\sub-15_ses-1_task-eyesopen_eeg.set,1644
sub-15,ses-1,eyesopen,0,NS,25,250.0,61,1250,3,61,1250,data\sub-15\ses-1\eeg\sub-15_ses-1_task-eyesopen_eeg.set,1645
sub-15,ses-1,eyesopen,0,NS,26,250.0,61,1250,3,61,1250,data\sub-15\ses-1\eeg\sub-15_ses-1_task-eyesopen_eeg.set,1646
sub-15,ses-1,eyesopen,0,NS,27,250.0,61,1250,3,61,1250,data\sub-15\ses-1\eeg\sub-15_ses-1_task-eyesopen_eeg.set,1647
sub-15,ses-1,eyesopen,0,NS,28,250.0,61,1250,3,61,1250,data\sub-15\ses-1\eeg\sub-15_ses-1_task-eyesopen_eeg.set,1648
sub-15,ses-1,eyesopen,0,NS,29,250.0,61,1250,3,61,1250,data\sub-15\ses-1\eeg\sub-15_ses-1_task-eyesopen_eeg.set,1649
sub-15,ses-1,eyesopen,0,NS,30,250.0,61,1250,3,61,1250,data\sub-15\ses-1\eeg\sub-15_ses-1_task-eyesopen_eeg.set,1650
sub-15,ses-1,eyesopen,0,NS,31,250.0,61,1250,3,61,1250,data\sub-15\ses-1\eeg\sub-15_ses-1_task-eyesopen_eeg.set,1651
sub-15,ses-1,eyesopen,0,NS,32,250.0,61,1250,3,61,1250,data\sub-15\ses-1\eeg\sub-15_ses-1_task-eyesopen_eeg.set,1652
sub-15,ses-1,eyesopen,0,NS,33,250.0,61,1250,3,61,1250,data\sub-15\ses-1\eeg\sub-15_ses-1_task-eyesopen_eeg.set,1653
sub-15,ses-1,eyesopen,0,NS,34,250.0,61,1250,3,61,1250,data\sub-15\ses-1\eeg\sub-15_ses-1_task-eyesopen_eeg.set,1654
sub-15,ses-1,eyesopen,0,NS,35,250.0,61,1250,3,61,1250,data\sub-15\ses-1\eeg\sub-15_ses-1_task-eyesopen_eeg.set,1655
sub-15,ses-1,eyesopen,0,NS,36,250.0,61,1250,3,61,1250,data\sub-15\ses-1\eeg\sub-15_ses-1_task-eyesopen_eeg.set,1656
sub-15,ses-1,eyesopen,0,NS,37,250.0,61,1250,3,61,1250,data\sub-15\ses-1\eeg\sub-15_ses-1_task-eyesopen_eeg.set,1657
sub-15,ses-1,eyesopen,0,NS,38,250.0,61,1250,3,61,1250,data\sub-15\ses-1\eeg\sub-15_ses-1_task-eyesopen_eeg.set,1658
sub-15,ses-1,eyesopen,0,NS,39,250.0,61,1250,3,61,1250,data\sub-15\ses-1\eeg\sub-15_ses-1_task-eyesopen_eeg.set,1659
sub-15,ses-1,eyesopen,0,NS,40,250.0,61,1250,3,61,1250,data\sub-15\ses-1\eeg\sub-15_ses-1_task-eyesopen_eeg.set,1660
sub-15,ses-1,eyesopen,0,NS,41,250.0,61,1250,3,61,1250,data\sub-15\ses-1\eeg\sub-15_ses-1_task-eyesopen_eeg.set,1661
sub-15,ses-1,eyesopen,0,NS,42,250.0,61,1250,3,61,1250,data\sub-15\ses-1\eeg\sub-15_ses-1_task-eyesopen_eeg.set,1662
sub-15,ses-1,eyesopen,0,NS,43,250.0,61,1250,3,61,1250,data\sub-15\ses-1\eeg\sub-15_ses-1_task-eyesopen_eeg.set,1663
sub-15,ses-1,eyesopen,0,NS,44,250.0,61,1250,3,61,1250,data\sub-15\ses-1\eeg\sub-15_ses-1_task-eyesopen_eeg.set,1664
sub-15,ses-1,eyesopen,0,NS,45,250.0,61,1250,3,61,1250,data\sub-15\ses-1\eeg\sub-15_ses-1_task-eyesopen_eeg.set,1665
sub-15,ses-1,eyesopen,0,NS,46,250.0,61,1250,3,61,1250,data\sub-15\ses-1\eeg\sub-15_ses-1_task-eyesopen_eeg.set,1666
sub-15,ses-1,eyesopen,0,NS,47,250.0,61,1250,3,61,1250,data\sub-15\ses-1\eeg\sub-15_ses-1_task-eyesopen_eeg.set,1667
sub-15,ses-1,eyesopen,0,NS,48,250.0,61,1250,3,61,1250,data\sub-15\ses-1\eeg\sub-15_ses-1_task-eyesopen_eeg.set,1668
sub-15,ses-1,eyesopen,0,NS,49,250.0,61,1250,3,61,1250,data\sub-15\ses-1\eeg\sub-15_ses-1_task-eyesopen_eeg.set,1669
sub-15,ses-1,eyesopen,0,NS,50,250.0,61,1250,3,61,1250,data\sub-15\ses-1\eeg\sub-15_ses-1_task-eyesopen_eeg.set,1670
sub-15,ses-1,eyesopen,0,NS,51,250.0,61,1250,3,61,1250,data\sub-15\ses-1\eeg\sub-15_ses-1_task-eyesopen_eeg.set,1671
sub-15,ses-1,eyesopen,0,NS,52,250.0,61,1250,3,61,1250,data\sub-15\ses-1\eeg\sub-15_ses-1_task-eyesopen_eeg.set,1672
sub-15,ses-1,eyesopen,0,NS,53,250.0,61,1250,3,61,1250,data\sub-15\ses-1\eeg\sub-15_ses-1_task-eyesopen_eeg.set,1673
sub-15,ses-1,eyesopen,0,NS,54,250.0,61,1250,3,61,1250,data\sub-15\ses-1\eeg\sub-15_ses-1_task-eyesopen_eeg.set,1674
sub-15,ses-1,eyesopen,0,NS,55,250.0,61,1250,3,61,1250,data\sub-15\ses-1\eeg\sub-15_ses-1_task-eyesopen_eeg.set,1675
sub-15,ses-1,eyesopen,0,NS,56,250.0,61,1250,3,61,1250,data\sub-15\ses-1\eeg\sub-15_ses-1_task-eyesopen_eeg.set,1676
sub-15,ses-1,eyesopen,0,NS,57,250.0,61,1250,3,61,1250,data\sub-15\ses-1\eeg\sub-15_ses-1_task-eyesopen_eeg.set,1677
sub-15,ses-1,eyesopen,0,NS,58,250.0,61,1250,3,61,1250,data\sub-15\ses-1\eeg\sub-15_ses-1_task-eyesopen_eeg.set,1678
sub-15,ses-1,eyesopen,0,NS,59,250.0,61,1250,3,61,1250,data\sub-15\ses-1\eeg\sub-15_ses-1_task-eyesopen_eeg.set,1679
sub-15,ses-2,eyesopen,1,SD,0,250.0,61,1250,3,61,1250,data\sub-15\ses-2\eeg\sub-15_ses-2_task-eyesopen_eeg.set,1680
sub-15,ses-2,eyesopen,1,SD,1,250.0,61,1250,3,61,1250,data\sub-15\ses-2\eeg\sub-15_ses-2_task-eyesopen_eeg.set,1681
sub-15,ses-2,eyesopen,1,SD,2,250.0,61,1250,3,61,1250,data\sub-15\ses-2\eeg\sub-15_ses-2_task-eyesopen_eeg.set,1682
sub-15,ses-2,eyesopen,1,SD,3,250.0,61,1250,3,61,1250,data\sub-15\ses-2\eeg\sub-15_ses-2_task-eyesopen_eeg.set,1683
sub-15,ses-2,eyesopen,1,SD,4,250.0,61,1250,3,61,1250,data\sub-15\ses-2\eeg\sub-15_ses-2_task-eyesopen_eeg.set,1684
sub-15,ses-2,eyesopen,1,SD,5,250.0,61,1250,3,61,1250,data\sub-15\ses-2\eeg\sub-15_ses-2_task-eyesopen_eeg.set,1685
sub-15,ses-2,eyesopen,1,SD,6,250.0,61,1250,3,61,1250,data\sub-15\ses-2\eeg\sub-15_ses-2_task-eyesopen_eeg.set,1686
sub-15,ses-2,eyesopen,1,SD,7,250.0,61,1250,3,61,1250,data\sub-15\ses-2\eeg\sub-15_ses-2_task-eyesopen_eeg.set,1687
sub-15,ses-2,eyesopen,1,SD,8,250.0,61,1250,3,61,1250,data\sub-15\ses-2\eeg\sub-15_ses-2_task-eyesopen_eeg.set,1688
sub-15,ses-2,eyesopen,1,SD,9,250.0,61,1250,3,61,1250,data\sub-15\ses-2\eeg\sub-15_ses-2_task-eyesopen_eeg.set,1689
sub-15,ses-2,eyesopen,1,SD,10,250.0,61,1250,3,61,1250,data\sub-15\ses-2\eeg\sub-15_ses-2_task-eyesopen_eeg.set,1690
sub-15,ses-2,eyesopen,1,SD,11,250.0,61,1250,3,61,1250,data\sub-15\ses-2\eeg\sub-15_ses-2_task-eyesopen_eeg.set,1691
sub-15,ses-2,eyesopen,1,SD,12,250.0,61,1250,3,61,1250,data\sub-15\ses-2\eeg\sub-15_ses-2_task-eyesopen_eeg.set,1692
sub-15,ses-2,eyesopen,1,SD,13,250.0,61,1250,3,61,1250,data\sub-15\ses-2\eeg\sub-15_ses-2_task-eyesopen_eeg.set,1693
sub-15,ses-2,eyesopen,1,SD,14,250.0,61,1250,3,61,1250,data\sub-15\ses-2\eeg\sub-15_ses-2_task-eyesopen_eeg.set,1694
sub-15,ses-2,eyesopen,1,SD,15,250.0,61,1250,3,61,1250,data\sub-15\ses-2\eeg\sub-15_ses-2_task-eyesopen_eeg.set,1695
sub-15,ses-2,eyesopen,1,SD,16,250.0,61,1250,3,61,1250,data\sub-15\ses-2\eeg\sub-15_ses-2_task-eyesopen_eeg.set,1696
sub-15,ses-2,eyesopen,1,SD,17,250.0,61,1250,3,61,1250,data\sub-15\ses-2\eeg\sub-15_ses-2_task-eyesopen_eeg.set,1697
sub-15,ses-2,eyesopen,1,SD,18,250.0,61,1250,3,61,1250,data\sub-15\ses-2\eeg\sub-15_ses-2_task-eyesopen_eeg.set,1698
sub-15,ses-2,eyesopen,1,SD,19,250.0,61,1250,3,61,1250,data\sub-15\ses-2\eeg\sub-15_ses-2_task-eyesopen_eeg.set,1699
sub-15,ses-2,eyesopen,1,SD,20,250.0,61,1250,3,61,1250,data\sub-15\ses-2\eeg\sub-15_ses-2_task-eyesopen_eeg.set,1700
sub-15,ses-2,eyesopen,1,SD,21,250.0,61,1250,3,61,1250,data\sub-15\ses-2\eeg\sub-15_ses-2_task-eyesopen_eeg.set,1701
sub-15,ses-2,eyesopen,1,SD,22,250.0,61,1250,3,61,1250,data\sub-15\ses-2\eeg\sub-15_ses-2_task-eyesopen_eeg.set,1702
sub-15,ses-2,eyesopen,1,SD,23,250.0,61,1250,3,61,1250,data\sub-15\ses-2\eeg\sub-15_ses-2_task-eyesopen_eeg.set,1703
sub-15,ses-2,eyesopen,1,SD,24,250.0,61,1250,3,61,1250,data\sub-15\ses-2\eeg\sub-15_ses-2_task-eyesopen_eeg.set,1704
sub-15,ses-2,eyesopen,1,SD,25,250.0,61,1250,3,61,1250,data\sub-15\ses-2\eeg\sub-15_ses-2_task-eyesopen_eeg.set,1705
sub-15,ses-2,eyesopen,1,SD,26,250.0,61,1250,3,61,1250,data\sub-15\ses-2\eeg\sub-15_ses-2_task-eyesopen_eeg.set,1706
sub-15,ses-2,eyesopen,1,SD,27,250.0,61,1250,3,61,1250,data\sub-15\ses-2\eeg\sub-15_ses-2_task-eyesopen_eeg.set,1707
sub-15,ses-2,eyesopen,1,SD,28,250.0,61,1250,3,61,1250,data\sub-15\ses-2\eeg\sub-15_ses-2_task-eyesopen_eeg.set,1708
sub-15,ses-2,eyesopen,1,SD,29,250.0,61,1250,3,61,1250,data\sub-15\ses-2\eeg\sub-15_ses-2_task-eyesopen_eeg.set,1709
sub-15,ses-2,eyesopen,1,SD,30,250.0,61,1250,3,61,1250,data\sub-15\ses-2\eeg\sub-15_ses-2_task-eyesopen_eeg.set,1710
sub-15,ses-2,eyesopen,1,SD,31,250.0,61,1250,3,61,1250,data\sub-15\ses-2\eeg\sub-15_ses-2_task-eyesopen_eeg.set,1711
sub-15,ses-2,eyesopen,1,SD,32,250.0,61,1250,3,61,1250,data\sub-15\ses-2\eeg\sub-15_ses-2_task-eyesopen_eeg.set,1712
sub-15,ses-2,eyesopen,1,SD,33,250.0,61,1250,3,61,1250,data\sub-15\ses-2\eeg\sub-15_ses-2_task-eyesopen_eeg.set,1713
sub-15,ses-2,eyesopen,1,SD,34,250.0,61,1250,3,61,1250,data\sub-15\ses-2\eeg\sub-15_ses-2_task-eyesopen_eeg.set,1714
sub-15,ses-2,eyesopen,1,SD,35,250.0,61,1250,3,61,1250,data\sub-15\ses-2\eeg\sub-15_ses-2_task-eyesopen_eeg.set,1715
sub-15,ses-2,eyesopen,1,SD,36,250.0,61,1250,3,61,1250,data\sub-15\ses-2\eeg\sub-15_ses-2_task-eyesopen_eeg.set,1716
sub-15,ses-2,eyesopen,1,SD,37,250.0,61,1250,3,61,1250,data\sub-15\ses-2\eeg\sub-15_ses-2_task-eyesopen_eeg.set,1717
sub-15,ses-2,eyesopen,1,SD,38,250.0,61,1250,3,61,1250,data\sub-15\ses-2\eeg\sub-15_ses-2_task-eyesopen_eeg.set,1718
sub-15,ses-2,eyesopen,1,SD,39,250.0,61,1250,3,61,1250,data\sub-15\ses-2\eeg\sub-15_ses-2_task-eyesopen_eeg.set,1719
sub-15,ses-2,eyesopen,1,SD,40,250.0,61,1250,3,61,1250,data\sub-15\ses-2\eeg\sub-15_ses-2_task-eyesopen_eeg.set,1720
sub-15,ses-2,eyesopen,1,SD,41,250.0,61,1250,3,61,1250,data\sub-15\ses-2\eeg\sub-15_ses-2_task-eyesopen_eeg.set,1721
sub-15,ses-2,eyesopen,1,SD,42,250.0,61,1250,3,61,1250,data\sub-15\ses-2\eeg\sub-15_ses-2_task-eyesopen_eeg.set,1722
sub-15,ses-2,eyesopen,1,SD,43,250.0,61,1250,3,61,1250,data\sub-15\ses-2\eeg\sub-15_ses-2_task-eyesopen_eeg.set,1723
sub-15,ses-2,eyesopen,1,SD,44,250.0,61,1250,3,61,1250,data\sub-15\ses-2\eeg\sub-15_ses-2_task-eyesopen_eeg.set,1724
sub-15,ses-2,eyesopen,1,SD,45,250.0,61,1250,3,61,1250,data\sub-15\ses-2\eeg\sub-15_ses-2_task-eyesopen_eeg.set,1725
sub-15,ses-2,eyesopen,1,SD,46,250.0,61,1250,3,61,1250,data\sub-15\ses-2\eeg\sub-15_ses-2_task-eyesopen_eeg.set,1726
sub-15,ses-2,eyesopen,1,SD,47,250.0,61,1250,3,61,1250,data\sub-15\ses-2\eeg\sub-15_ses-2_task-eyesopen_eeg.set,1727
sub-15,ses-2,eyesopen,1,SD,48,250.0,61,1250,3,61,1250,data\sub-15\ses-2\eeg\sub-15_ses-2_task-eyesopen_eeg.set,1728
sub-15,ses-2,eyesopen,1,SD,49,250.0,61,1250,3,61,1250,data\sub-15\ses-2\eeg\sub-15_ses-2_task-eyesopen_eeg.set,1729
sub-15,ses-2,eyesopen,1,SD,50,250.0,61,1250,3,61,1250,data\sub-15\ses-2\eeg\sub-15_ses-2_task-eyesopen_eeg.set,1730
sub-15,ses-2,eyesopen,1,SD,51,250.0,61,1250,3,61,1250,data\sub-15\ses-2\eeg\sub-15_ses-2_task-eyesopen_eeg.set,1731
sub-15,ses-2,eyesopen,1,SD,52,250.0,61,1250,3,61,1250,data\sub-15\ses-2\eeg\sub-15_ses-2_task-eyesopen_eeg.set,1732
sub-15,ses-2,eyesopen,1,SD,53,250.0,61,1250,3,61,1250,data\sub-15\ses-2\eeg\sub-15_ses-2_task-eyesopen_eeg.set,1733
sub-15,ses-2,eyesopen,1,SD,54,250.0,61,1250,3,61,1250,data\sub-15\ses-2\eeg\sub-15_ses-2_task-eyesopen_eeg.set,1734
sub-15,ses-2,eyesopen,1,SD,55,250.0,61,1250,3,61,1250,data\sub-15\ses-2\eeg\sub-15_ses-2_task-eyesopen_eeg.set,1735
sub-15,ses-2,eyesopen,1,SD,56,250.0,61,1250,3,61,1250,data\sub-15\ses-2\eeg\sub-15_ses-2_task-eyesopen_eeg.set,1736
sub-15,ses-2,eyesopen,1,SD,57,250.0,61,1250,3,61,1250,data\sub-15\ses-2\eeg\sub-15_ses-2_task-eyesopen_eeg.set,1737
sub-15,ses-2,eyesopen,1,SD,58,250.0,61,1250,3,61,1250,data\sub-15\ses-2\eeg\sub-15_ses-2_task-eyesopen_eeg.set,1738
sub-15,ses-2,eyesopen,1,SD,59,250.0,61,1250,3,61,1250,data\sub-15\ses-2\eeg\sub-15_ses-2_task-eyesopen_eeg.set,1739
sub-16,ses-1,eyesopen,0,NS,0,250.0,61,1250,3,61,1250,data\sub-16\ses-1\eeg\sub-16_ses-1_task-eyesopen_eeg.set,1740
sub-16,ses-1,eyesopen,0,NS,1,250.0,61,1250,3,61,1250,data\sub-16\ses-1\eeg\sub-16_ses-1_task-eyesopen_eeg.set,1741
sub-16,ses-1,eyesopen,0,NS,2,250.0,61,1250,3,61,1250,data\sub-16\ses-1\eeg\sub-16_ses-1_task-eyesopen_eeg.set,1742
sub-16,ses-1,eyesopen,0,NS,3,250.0,61,1250,3,61,1250,data\sub-16\ses-1\eeg\sub-16_ses-1_task-eyesopen_eeg.set,1743
sub-16,ses-1,eyesopen,0,NS,4,250.0,61,1250,3,61,1250,data\sub-16\ses-1\eeg\sub-16_ses-1_task-eyesopen_eeg.set,1744
sub-16,ses-1,eyesopen,0,NS,5,250.0,61,1250,3,61,1250,data\sub-16\ses-1\eeg\sub-16_ses-1_task-eyesopen_eeg.set,1745
sub-16,ses-1,eyesopen,0,NS,6,250.0,61,1250,3,61,1250,data\sub-16\ses-1\eeg\sub-16_ses-1_task-eyesopen_eeg.set,1746
sub-16,ses-1,eyesopen,0,NS,7,250.0,61,1250,3,61,1250,data\sub-16\ses-1\eeg\sub-16_ses-1_task-eyesopen_eeg.set,1747
sub-16,ses-1,eyesopen,0,NS,8,250.0,61,1250,3,61,1250,data\sub-16\ses-1\eeg\sub-16_ses-1_task-eyesopen_eeg.set,1748
sub-16,ses-1,eyesopen,0,NS,9,250.0,61,1250,3,61,1250,data\sub-16\ses-1\eeg\sub-16_ses-1_task-eyesopen_eeg.set,1749
sub-16,ses-1,eyesopen,0,NS,10,250.0,61,1250,3,61,1250,data\sub-16\ses-1\eeg\sub-16_ses-1_task-eyesopen_eeg.set,1750
sub-16,ses-1,eyesopen,0,NS,11,250.0,61,1250,3,61,1250,data\sub-16\ses-1\eeg\sub-16_ses-1_task-eyesopen_eeg.set,1751
sub-16,ses-1,eyesopen,0,NS,12,250.0,61,1250,3,61,1250,data\sub-16\ses-1\eeg\sub-16_ses-1_task-eyesopen_eeg.set,1752
sub-16,ses-1,eyesopen,0,NS,13,250.0,61,1250,3,61,1250,data\sub-16\ses-1\eeg\sub-16_ses-1_task-eyesopen_eeg.set,1753
sub-16,ses-1,eyesopen,0,NS,14,250.0,61,1250,3,61,1250,data\sub-16\ses-1\eeg\sub-16_ses-1_task-eyesopen_eeg.set,1754
sub-16,ses-1,eyesopen,0,NS,15,250.0,61,1250,3,61,1250,data\sub-16\ses-1\eeg\sub-16_ses-1_task-eyesopen_eeg.set,1755
sub-16,ses-1,eyesopen,0,NS,16,250.0,61,1250,3,61,1250,data\sub-16\ses-1\eeg\sub-16_ses-1_task-eyesopen_eeg.set,1756
sub-16,ses-1,eyesopen,0,NS,17,250.0,61,1250,3,61,1250,data\sub-16\ses-1\eeg\sub-16_ses-1_task-eyesopen_eeg.set,1757
sub-16,ses-1,eyesopen,0,NS,18,250.0,61,1250,3,61,1250,data\sub-16\ses-1\eeg\sub-16_ses-1_task-eyesopen_eeg.set,1758
sub-16,ses-1,eyesopen,0,NS,19,250.0,61,1250,3,61,1250,data\sub-16\ses-1\eeg\sub-16_ses-1_task-eyesopen_eeg.set,1759
sub-16,ses-1,eyesopen,0,NS,20,250.0,61,1250,3,61,1250,data\sub-16\ses-1\eeg\sub-16_ses-1_task-eyesopen_eeg.set,1760
sub-16,ses-1,eyesopen,0,NS,21,250.0,61,1250,3,61,1250,data\sub-16\ses-1\eeg\sub-16_ses-1_task-eyesopen_eeg.set,1761
sub-16,ses-1,eyesopen,0,NS,22,250.0,61,1250,3,61,1250,data\sub-16\ses-1\eeg\sub-16_ses-1_task-eyesopen_eeg.set,1762
sub-16,ses-1,eyesopen,0,NS,23,250.0,61,1250,3,61,1250,data\sub-16\ses-1\eeg\sub-16_ses-1_task-eyesopen_eeg.set,1763
sub-16,ses-1,eyesopen,0,NS,24,250.0,61,1250,3,61,1250,data\sub-16\ses-1\eeg\sub-16_ses-1_task-eyesopen_eeg.set,1764
sub-16,ses-1,eyesopen,0,NS,25,250.0,61,1250,3,61,1250,data\sub-16\ses-1\eeg\sub-16_ses-1_task-eyesopen_eeg.set,1765
sub-16,ses-1,eyesopen,0,NS,26,250.0,61,1250,3,61,1250,data\sub-16\ses-1\eeg\sub-16_ses-1_task-eyesopen_eeg.set,1766
sub-16,ses-1,eyesopen,0,NS,27,250.0,61,1250,3,61,1250,data\sub-16\ses-1\eeg\sub-16_ses-1_task-eyesopen_eeg.set,1767
sub-16,ses-1,eyesopen,0,NS,28,250.0,61,1250,3,61,1250,data\sub-16\ses-1\eeg\sub-16_ses-1_task-eyesopen_eeg.set,1768
sub-16,ses-1,eyesopen,0,NS,29,250.0,61,1250,3,61,1250,data\sub-16\ses-1\eeg\sub-16_ses-1_task-eyesopen_eeg.set,1769
sub-16,ses-1,eyesopen,0,NS,30,250.0,61,1250,3,61,1250,data\sub-16\ses-1\eeg\sub-16_ses-1_task-eyesopen_eeg.set,1770
sub-16,ses-1,eyesopen,0,NS,31,250.0,61,1250,3,61,1250,data\sub-16\ses-1\eeg\sub-16_ses-1_task-eyesopen_eeg.set,1771
sub-16,ses-1,eyesopen,0,NS,32,250.0,61,1250,3,61,1250,data\sub-16\ses-1\eeg\sub-16_ses-1_task-eyesopen_eeg.set,1772
sub-16,ses-1,eyesopen,0,NS,33,250.0,61,1250,3,61,1250,data\sub-16\ses-1\eeg\sub-16_ses-1_task-eyesopen_eeg.set,1773
sub-16,ses-1,eyesopen,0,NS,34,250.0,61,1250,3,61,1250,data\sub-16\ses-1\eeg\sub-16_ses-1_task-eyesopen_eeg.set,1774
sub-16,ses-1,eyesopen,0,NS,35,250.0,61,1250,3,61,1250,data\sub-16\ses-1\eeg\sub-16_ses-1_task-eyesopen_eeg.set,1775
sub-16,ses-1,eyesopen,0,NS,36,250.0,61,1250,3,61,1250,data\sub-16\ses-1\eeg\sub-16_ses-1_task-eyesopen_eeg.set,1776
sub-16,ses-1,eyesopen,0,NS,37,250.0,61,1250,3,61,1250,data\sub-16\ses-1\eeg\sub-16_ses-1_task-eyesopen_eeg.set,1777
sub-16,ses-1,eyesopen,0,NS,38,250.0,61,1250,3,61,1250,data\sub-16\ses-1\eeg\sub-16_ses-1_task-eyesopen_eeg.set,1778
sub-16,ses-1,eyesopen,0,NS,39,250.0,61,1250,3,61,1250,data\sub-16\ses-1\eeg\sub-16_ses-1_task-eyesopen_eeg.set,1779
sub-16,ses-1,eyesopen,0,NS,40,250.0,61,1250,3,61,1250,data\sub-16\ses-1\eeg\sub-16_ses-1_task-eyesopen_eeg.set,1780
sub-16,ses-1,eyesopen,0,NS,41,250.0,61,1250,3,61,1250,data\sub-16\ses-1\eeg\sub-16_ses-1_task-eyesopen_eeg.set,1781
sub-16,ses-1,eyesopen,0,NS,42,250.0,61,1250,3,61,1250,data\sub-16\ses-1\eeg\sub-16_ses-1_task-eyesopen_eeg.set,1782
sub-16,ses-1,eyesopen,0,NS,43,250.0,61,1250,3,61,1250,data\sub-16\ses-1\eeg\sub-16_ses-1_task-eyesopen_eeg.set,1783
sub-16,ses-1,eyesopen,0,NS,44,250.0,61,1250,3,61,1250,data\sub-16\ses-1\eeg\sub-16_ses-1_task-eyesopen_eeg.set,1784
sub-16,ses-1,eyesopen,0,NS,45,250.0,61,1250,3,61,1250,data\sub-16\ses-1\eeg\sub-16_ses-1_task-eyesopen_eeg.set,1785
sub-16,ses-1,eyesopen,0,NS,46,250.0,61,1250,3,61,1250,data\sub-16\ses-1\eeg\sub-16_ses-1_task-eyesopen_eeg.set,1786
sub-16,ses-1,eyesopen,0,NS,47,250.0,61,1250,3,61,1250,data\sub-16\ses-1\eeg\sub-16_ses-1_task-eyesopen_eeg.set,1787
sub-16,ses-1,eyesopen,0,NS,48,250.0,61,1250,3,61,1250,data\sub-16\ses-1\eeg\sub-16_ses-1_task-eyesopen_eeg.set,1788
sub-16,ses-1,eyesopen,0,NS,49,250.0,61,1250,3,61,1250,data\sub-16\ses-1\eeg\sub-16_ses-1_task-eyesopen_eeg.set,1789
sub-16,ses-1,eyesopen,0,NS,50,250.0,61,1250,3,61,1250,data\sub-16\ses-1\eeg\sub-16_ses-1_task-eyesopen_eeg.set,1790
sub-16,ses-1,eyesopen,0,NS,51,250.0,61,1250,3,61,1250,data\sub-16\ses-1\eeg\sub-16_ses-1_task-eyesopen_eeg.set,1791
sub-16,ses-1,eyesopen,0,NS,52,250.0,61,1250,3,61,1250,data\sub-16\ses-1\eeg\sub-16_ses-1_task-eyesopen_eeg.set,1792
sub-16,ses-1,eyesopen,0,NS,53,250.0,61,1250,3,61,1250,data\sub-16\ses-1\eeg\sub-16_ses-1_task-eyesopen_eeg.set,1793
sub-16,ses-1,eyesopen,0,NS,54,250.0,61,1250,3,61,1250,data\sub-16\ses-1\eeg\sub-16_ses-1_task-eyesopen_eeg.set,1794
sub-16,ses-1,eyesopen,0,NS,55,250.0,61,1250,3,61,1250,data\sub-16\ses-1\eeg\sub-16_ses-1_task-eyesopen_eeg.set,1795
sub-16,ses-1,eyesopen,0,NS,56,250.0,61,1250,3,61,1250,data\sub-16\ses-1\eeg\sub-16_ses-1_task-eyesopen_eeg.set,1796
sub-16,ses-1,eyesopen,0,NS,57,250.0,61,1250,3,61,1250,data\sub-16\ses-1\eeg\sub-16_ses-1_task-eyesopen_eeg.set,1797
sub-16,ses-1,eyesopen,0,NS,58,250.0,61,1250,3,61,1250,data\sub-16\ses-1\eeg\sub-16_ses-1_task-eyesopen_eeg.set,1798
sub-16,ses-1,eyesopen,0,NS,59,250.0,61,1250,3,61,1250,data\sub-16\ses-1\eeg\sub-16_ses-1_task-eyesopen_eeg.set,1799
sub-16,ses-2,eyesopen,1,SD,0,250.0,61,1250,3,61,1250,data\sub-16\ses-2\eeg\sub-16_ses-2_task-eyesopen_eeg.set,1800
sub-16,ses-2,eyesopen,1,SD,1,250.0,61,1250,3,61,1250,data\sub-16\ses-2\eeg\sub-16_ses-2_task-eyesopen_eeg.set,1801
sub-16,ses-2,eyesopen,1,SD,2,250.0,61,1250,3,61,1250,data\sub-16\ses-2\eeg\sub-16_ses-2_task-eyesopen_eeg.set,1802
sub-16,ses-2,eyesopen,1,SD,3,250.0,61,1250,3,61,1250,data\sub-16\ses-2\eeg\sub-16_ses-2_task-eyesopen_eeg.set,1803
sub-16,ses-2,eyesopen,1,SD,4,250.0,61,1250,3,61,1250,data\sub-16\ses-2\eeg\sub-16_ses-2_task-eyesopen_eeg.set,1804
sub-16,ses-2,eyesopen,1,SD,5,250.0,61,1250,3,61,1250,data\sub-16\ses-2\eeg\sub-16_ses-2_task-eyesopen_eeg.set,1805
sub-16,ses-2,eyesopen,1,SD,6,250.0,61,1250,3,61,1250,data\sub-16\ses-2\eeg\sub-16_ses-2_task-eyesopen_eeg.set,1806
sub-16,ses-2,eyesopen,1,SD,7,250.0,61,1250,3,61,1250,data\sub-16\ses-2\eeg\sub-16_ses-2_task-eyesopen_eeg.set,1807
sub-16,ses-2,eyesopen,1,SD,8,250.0,61,1250,3,61,1250,data\sub-16\ses-2\eeg\sub-16_ses-2_task-eyesopen_eeg.set,1808
sub-16,ses-2,eyesopen,1,SD,9,250.0,61,1250,3,61,1250,data\sub-16\ses-2\eeg\sub-16_ses-2_task-eyesopen_eeg.set,1809
sub-16,ses-2,eyesopen,1,SD,10,250.0,61,1250,3,61,1250,data\sub-16\ses-2\eeg\sub-16_ses-2_task-eyesopen_eeg.set,1810
sub-16,ses-2,eyesopen,1,SD,11,250.0,61,1250,3,61,1250,data\sub-16\ses-2\eeg\sub-16_ses-2_task-eyesopen_eeg.set,1811
sub-16,ses-2,eyesopen,1,SD,12,250.0,61,1250,3,61,1250,data\sub-16\ses-2\eeg\sub-16_ses-2_task-eyesopen_eeg.set,1812
sub-16,ses-2,eyesopen,1,SD,13,250.0,61,1250,3,61,1250,data\sub-16\ses-2\eeg\sub-16_ses-2_task-eyesopen_eeg.set,1813
sub-16,ses-2,eyesopen,1,SD,14,250.0,61,1250,3,61,1250,data\sub-16\ses-2\eeg\sub-16_ses-2_task-eyesopen_eeg.set,1814
sub-16,ses-2,eyesopen,1,SD,15,250.0,61,1250,3,61,1250,data\sub-16\ses-2\eeg\sub-16_ses-2_task-eyesopen_eeg.set,1815
sub-16,ses-2,eyesopen,1,SD,16,250.0,61,1250,3,61,1250,data\sub-16\ses-2\eeg\sub-16_ses-2_task-eyesopen_eeg.set,1816
sub-16,ses-2,eyesopen,1,SD,17,250.0,61,1250,3,61,1250,data\sub-16\ses-2\eeg\sub-16_ses-2_task-eyesopen_eeg.set,1817
sub-16,ses-2,eyesopen,1,SD,18,250.0,61,1250,3,61,1250,data\sub-16\ses-2\eeg\sub-16_ses-2_task-eyesopen_eeg.set,1818
sub-16,ses-2,eyesopen,1,SD,19,250.0,61,1250,3,61,1250,data\sub-16\ses-2\eeg\sub-16_ses-2_task-eyesopen_eeg.set,1819
sub-16,ses-2,eyesopen,1,SD,20,250.0,61,1250,3,61,1250,data\sub-16\ses-2\eeg\sub-16_ses-2_task-eyesopen_eeg.set,1820
sub-16,ses-2,eyesopen,1,SD,21,250.0,61,1250,3,61,1250,data\sub-16\ses-2\eeg\sub-16_ses-2_task-eyesopen_eeg.set,1821
sub-16,ses-2,eyesopen,1,SD,22,250.0,61,1250,3,61,1250,data\sub-16\ses-2\eeg\sub-16_ses-2_task-eyesopen_eeg.set,1822
sub-16,ses-2,eyesopen,1,SD,23,250.0,61,1250,3,61,1250,data\sub-16\ses-2\eeg\sub-16_ses-2_task-eyesopen_eeg.set,1823
sub-16,ses-2,eyesopen,1,SD,24,250.0,61,1250,3,61,1250,data\sub-16\ses-2\eeg\sub-16_ses-2_task-eyesopen_eeg.set,1824
sub-16,ses-2,eyesopen,1,SD,25,250.0,61,1250,3,61,1250,data\sub-16\ses-2\eeg\sub-16_ses-2_task-eyesopen_eeg.set,1825
sub-16,ses-2,eyesopen,1,SD,26,250.0,61,1250,3,61,1250,data\sub-16\ses-2\eeg\sub-16_ses-2_task-eyesopen_eeg.set,1826
sub-16,ses-2,eyesopen,1,SD,27,250.0,61,1250,3,61,1250,data\sub-16\ses-2\eeg\sub-16_ses-2_task-eyesopen_eeg.set,1827
sub-16,ses-2,eyesopen,1,SD,28,250.0,61,1250,3,61,1250,data\sub-16\ses-2\eeg\sub-16_ses-2_task-eyesopen_eeg.set,1828
sub-16,ses-2,eyesopen,1,SD,29,250.0,61,1250,3,61,1250,data\sub-16\ses-2\eeg\sub-16_ses-2_task-eyesopen_eeg.set,1829
sub-16,ses-2,eyesopen,1,SD,30,250.0,61,1250,3,61,1250,data\sub-16\ses-2\eeg\sub-16_ses-2_task-eyesopen_eeg.set,1830
sub-16,ses-2,eyesopen,1,SD,31,250.0,61,1250,3,61,1250,data\sub-16\ses-2\eeg\sub-16_ses-2_task-eyesopen_eeg.set,1831
sub-16,ses-2,eyesopen,1,SD,32,250.0,61,1250,3,61,1250,data\sub-16\ses-2\eeg\sub-16_ses-2_task-eyesopen_eeg.set,1832
sub-16,ses-2,eyesopen,1,SD,33,250.0,61,1250,3,61,1250,data\sub-16\ses-2\eeg\sub-16_ses-2_task-eyesopen_eeg.set,1833
sub-16,ses-2,eyesopen,1,SD,34,250.0,61,1250,3,61,1250,data\sub-16\ses-2\eeg\sub-16_ses-2_task-eyesopen_eeg.set,1834
sub-16,ses-2,eyesopen,1,SD,35,250.0,61,1250,3,61,1250,data\sub-16\ses-2\eeg\sub-16_ses-2_task-eyesopen_eeg.set,1835
sub-16,ses-2,eyesopen,1,SD,36,250.0,61,1250,3,61,1250,data\sub-16\ses-2\eeg\sub-16_ses-2_task-eyesopen_eeg.set,1836
sub-16,ses-2,eyesopen,1,SD,37,250.0,61,1250,3,61,1250,data\sub-16\ses-2\eeg\sub-16_ses-2_task-eyesopen_eeg.set,1837
sub-16,ses-2,eyesopen,1,SD,38,250.0,61,1250,3,61,1250,data\sub-16\ses-2\eeg\sub-16_ses-2_task-eyesopen_eeg.set,1838
sub-16,ses-2,eyesopen,1,SD,39,250.0,61,1250,3,61,1250,data\sub-16\ses-2\eeg\sub-16_ses-2_task-eyesopen_eeg.set,1839
sub-16,ses-2,eyesopen,1,SD,40,250.0,61,1250,3,61,1250,data\sub-16\ses-2\eeg\sub-16_ses-2_task-eyesopen_eeg.set,1840
sub-16,ses-2,eyesopen,1,SD,41,250.0,61,1250,3,61,1250,data\sub-16\ses-2\eeg\sub-16_ses-2_task-eyesopen_eeg.set,1841
sub-16,ses-2,eyesopen,1,SD,42,250.0,61,1250,3,61,1250,data\sub-16\ses-2\eeg\sub-16_ses-2_task-eyesopen_eeg.set,1842
sub-16,ses-2,eyesopen,1,SD,43,250.0,61,1250,3,61,1250,data\sub-16\ses-2\eeg\sub-16_ses-2_task-eyesopen_eeg.set,1843
sub-16,ses-2,eyesopen,1,SD,44,250.0,61,1250,3,61,1250,data\sub-16\ses-2\eeg\sub-16_ses-2_task-eyesopen_eeg.set,1844
sub-16,ses-2,eyesopen,1,SD,45,250.0,61,1250,3,61,1250,data\sub-16\ses-2\eeg\sub-16_ses-2_task-eyesopen_eeg.set,1845
sub-16,ses-2,eyesopen,1,SD,46,250.0,61,1250,3,61,1250,data\sub-16\ses-2\eeg\sub-16_ses-2_task-eyesopen_eeg.set,1846
sub-16,ses-2,eyesopen,1,SD,47,250.0,61,1250,3,61,1250,data\sub-16\ses-2\eeg\sub-16_ses-2_task-eyesopen_eeg.set,1847
sub-16,ses-2,eyesopen,1,SD,48,250.0,61,1250,3,61,1250,data\sub-16\ses-2\eeg\sub-16_ses-2_task-eyesopen_eeg.set,1848
sub-16,ses-2,eyesopen,1,SD,49,250.0,61,1250,3,61,1250,data\sub-16\ses-2\eeg\sub-16_ses-2_task-eyesopen_eeg.set,1849
sub-16,ses-2,eyesopen,1,SD,50,250.0,61,1250,3,61,1250,data\sub-16\ses-2\eeg\sub-16_ses-2_task-eyesopen_eeg.set,1850
sub-16,ses-2,eyesopen,1,SD,51,250.0,61,1250,3,61,1250,data\sub-16\ses-2\eeg\sub-16_ses-2_task-eyesopen_eeg.set,1851
sub-16,ses-2,eyesopen,1,SD,52,250.0,61,1250,3,61,1250,data\sub-16\ses-2\eeg\sub-16_ses-2_task-eyesopen_eeg.set,1852
sub-16,ses-2,eyesopen,1,SD,53,250.0,61,1250,3,61,1250,data\sub-16\ses-2\eeg\sub-16_ses-2_task-eyesopen_eeg.set,1853
sub-16,ses-2,eyesopen,1,SD,54,250.0,61,1250,3,61,1250,data\sub-16\ses-2\eeg\sub-16_ses-2_task-eyesopen_eeg.set,1854
sub-16,ses-2,eyesopen,1,SD,55,250.0,61,1250,3,61,1250,data\sub-16\ses-2\eeg\sub-16_ses-2_task-eyesopen_eeg.set,1855
sub-16,ses-2,eyesopen,1,SD,56,250.0,61,1250,3,61,1250,data\sub-16\ses-2\eeg\sub-16_ses-2_task-eyesopen_eeg.set,1856
sub-16,ses-2,eyesopen,1,SD,57,250.0,61,1250,3,61,1250,data\sub-16\ses-2\eeg\sub-16_ses-2_task-eyesopen_eeg.set,1857
sub-16,ses-2,eyesopen,1,SD,58,250.0,61,1250,3,61,1250,data\sub-16\ses-2\eeg\sub-16_ses-2_task-eyesopen_eeg.set,1858
sub-16,ses-2,eyesopen,1,SD,59,250.0,61,1250,3,61,1250,data\sub-16\ses-2\eeg\sub-16_ses-2_task-eyesopen_eeg.set,1859
sub-18,ses-1,eyesopen,0,NS,0,250.0,61,1250,3,61,1250,data\sub-18\ses-1\eeg\sub-18_ses-1_task-eyesopen_eeg.set,1980
sub-18,ses-1,eyesopen,0,NS,1,250.0,61,1250,3,61,1250,data\sub-18\ses-1\eeg\sub-18_ses-1_task-eyesopen_eeg.set,1981
sub-18,ses-1,eyesopen,0,NS,2,250.0,61,1250,3,61,1250,data\sub-18\ses-1\eeg\sub-18_ses-1_task-eyesopen_eeg.set,1982
sub-18,ses-1,eyesopen,0,NS,3,250.0,61,1250,3,61,1250,data\sub-18\ses-1\eeg\sub-18_ses-1_task-eyesopen_eeg.set,1983
sub-18,ses-1,eyesopen,0,NS,4,250.0,61,1250,3,61,1250,data\sub-18\ses-1\eeg\sub-18_ses-1_task-eyesopen_eeg.set,1984
sub-18,ses-1,eyesopen,0,NS,5,250.0,61,1250,3,61,1250,data\sub-18\ses-1\eeg\sub-18_ses-1_task-eyesopen_eeg.set,1985
sub-18,ses-1,eyesopen,0,NS,6,250.0,61,1250,3,61,1250,data\sub-18\ses-1\eeg\sub-18_ses-1_task-eyesopen_eeg.set,1986
sub-18,ses-1,eyesopen,0,NS,7,250.0,61,1250,3,61,1250,data\sub-18\ses-1\eeg\sub-18_ses-1_task-eyesopen_eeg.set,1987
sub-18,ses-1,eyesopen,0,NS,8,250.0,61,1250,3,61,1250,data\sub-18\ses-1\eeg\sub-18_ses-1_task-eyesopen_eeg.set,1988
sub-18,ses-1,eyesopen,0,NS,9,250.0,61,1250,3,61,1250,data\sub-18\ses-1\eeg\sub-18_ses-1_task-eyesopen_eeg.set,1989
sub-18,ses-1,eyesopen,0,NS,10,250.0,61,1250,3,61,1250,data\sub-18\ses-1\eeg\sub-18_ses-1_task-eyesopen_eeg.set,1990
sub-18,ses-1,eyesopen,0,NS,11,250.0,61,1250,3,61,1250,data\sub-18\ses-1\eeg\sub-18_ses-1_task-eyesopen_eeg.set,1991
sub-18,ses-1,eyesopen,0,NS,12,250.0,61,1250,3,61,1250,data\sub-18\ses-1\eeg\sub-18_ses-1_task-eyesopen_eeg.set,1992
sub-18,ses-1,eyesopen,0,NS,13,250.0,61,1250,3,61,1250,data\sub-18\ses-1\eeg\sub-18_ses-1_task-eyesopen_eeg.set,1993
sub-18,ses-1,eyesopen,0,NS,14,250.0,61,1250,3,61,1250,data\sub-18\ses-1\eeg\sub-18_ses-1_task-eyesopen_eeg.set,1994
sub-18,ses-1,eyesopen,0,NS,15,250.0,61,1250,3,61,1250,data\sub-18\ses-1\eeg\sub-18_ses-1_task-eyesopen_eeg.set,1995
sub-18,ses-1,eyesopen,0,NS,16,250.0,61,1250,3,61,1250,data\sub-18\ses-1\eeg\sub-18_ses-1_task-eyesopen_eeg.set,1996
sub-18,ses-1,eyesopen,0,NS,17,250.0,61,1250,3,61,1250,data\sub-18\ses-1\eeg\sub-18_ses-1_task-eyesopen_eeg.set,1997
sub-18,ses-1,eyesopen,0,NS,18,250.0,61,1250,3,61,1250,data\sub-18\ses-1\eeg\sub-18_ses-1_task-eyesopen_eeg.set,1998
sub-18,ses-1,eyesopen,0,NS,19,250.0,61,1250,3,61,1250,data\sub-18\ses-1\eeg\sub-18_ses-1_task-eyesopen_eeg.set,1999
sub-18,ses-1,eyesopen,0,NS,20,250.0,61,1250,3,61,1250,data\sub-18\ses-1\eeg\sub-18_ses-1_task-eyesopen_eeg.set,2000
sub-18,ses-1,eyesopen,0,NS,21,250.0,61,1250,3,61,1250,data\sub-18\ses-1\eeg\sub-18_ses-1_task-eyesopen_eeg.set,2001
sub-18,ses-1,eyesopen,0,NS,22,250.0,61,1250,3,61,1250,data\sub-18\ses-1\eeg\sub-18_ses-1_task-eyesopen_eeg.set,2002
sub-18,ses-1,eyesopen,0,NS,23,250.0,61,1250,3,61,1250,data\sub-18\ses-1\eeg\sub-18_ses-1_task-eyesopen_eeg.set,2003
sub-18,ses-1,eyesopen,0,NS,24,250.0,61,1250,3,61,1250,data\sub-18\ses-1\eeg\sub-18_ses-1_task-eyesopen_eeg.set,2004
sub-18,ses-1,eyesopen,0,NS,25,250.0,61,1250,3,61,1250,data\sub-18\ses-1\eeg\sub-18_ses-1_task-eyesopen_eeg.set,2005
sub-18,ses-1,eyesopen,0,NS,26,250.0,61,1250,3,61,1250,data\sub-18\ses-1\eeg\sub-18_ses-1_task-eyesopen_eeg.set,2006
sub-18,ses-1,eyesopen,0,NS,27,250.0,61,1250,3,61,1250,data\sub-18\ses-1\eeg\sub-18_ses-1_task-eyesopen_eeg.set,2007
sub-18,ses-1,eyesopen,0,NS,28,250.0,61,1250,3,61,1250,data\sub-18\ses-1\eeg\sub-18_ses-1_task-eyesopen_eeg.set,2008
sub-18,ses-1,eyesopen,0,NS,29,250.0,61,1250,3,61,1250,data\sub-18\ses-1\eeg\sub-18_ses-1_task-eyesopen_eeg.set,2009
sub-18,ses-1,eyesopen,0,NS,30,250.0,61,1250,3,61,1250,data\sub-18\ses-1\eeg\sub-18_ses-1_task-eyesopen_eeg.set,2010
sub-18,ses-1,eyesopen,0,NS,31,250.0,61,1250,3,61,1250,data\sub-18\ses-1\eeg\sub-18_ses-1_task-eyesopen_eeg.set,2011
sub-18,ses-1,eyesopen,0,NS,32,250.0,61,1250,3,61,1250,data\sub-18\ses-1\eeg\sub-18_ses-1_task-eyesopen_eeg.set,2012
sub-18,ses-1,eyesopen,0,NS,33,250.0,61,1250,3,61,1250,data\sub-18\ses-1\eeg\sub-18_ses-1_task-eyesopen_eeg.set,2013
sub-18,ses-1,eyesopen,0,NS,34,250.0,61,1250,3,61,1250,data\sub-18\ses-1\eeg\sub-18_ses-1_task-eyesopen_eeg.set,2014
sub-18,ses-1,eyesopen,0,NS,35,250.0,61,1250,3,61,1250,data\sub-18\ses-1\eeg\sub-18_ses-1_task-eyesopen_eeg.set,2015
sub-18,ses-1,eyesopen,0,NS,36,250.0,61,1250,3,61,1250,data\sub-18\ses-1\eeg\sub-18_ses-1_task-eyesopen_eeg.set,2016
sub-18,ses-1,eyesopen,0,NS,37,250.0,61,1250,3,61,1250,data\sub-18\ses-1\eeg\sub-18_ses-1_task-eyesopen_eeg.set,2017
sub-18,ses-1,eyesopen,0,NS,38,250.0,61,1250,3,61,1250,data\sub-18\ses-1\eeg\sub-18_ses-1_task-eyesopen_eeg.set,2018
sub-18,ses-1,eyesopen,0,NS,39,250.0,61,1250,3,61,1250,data\sub-18\ses-1\eeg\sub-18_ses-1_task-eyesopen_eeg.set,2019
sub-18,ses-1,eyesopen,0,NS,40,250.0,61,1250,3,61,1250,data\sub-18\ses-1\eeg\sub-18_ses-1_task-eyesopen_eeg.set,2020
sub-18,ses-1,eyesopen,0,NS,41,250.0,61,1250,3,61,1250,data\sub-18\ses-1\eeg\sub-18_ses-1_task-eyesopen_eeg.set,2021
sub-18,ses-1,eyesopen,0,NS,42,250.0,61,1250,3,61,1250,data\sub-18\ses-1\eeg\sub-18_ses-1_task-eyesopen_eeg.set,2022
sub-18,ses-1,eyesopen,0,NS,43,250.0,61,1250,3,61,1250,data\sub-18\ses-1\eeg\sub-18_ses-1_task-eyesopen_eeg.set,2023
sub-18,ses-1,eyesopen,0,NS,44,250.0,61,1250,3,61,1250,data\sub-18\ses-1\eeg\sub-18_ses-1_task-eyesopen_eeg.set,2024
sub-18,ses-1,eyesopen,0,NS,45,250.0,61,1250,3,61,1250,data\sub-18\ses-1\eeg\sub-18_ses-1_task-eyesopen_eeg.set,2025
sub-18,ses-1,eyesopen,0,NS,46,250.0,61,1250,3,61,1250,data\sub-18\ses-1\eeg\sub-18_ses-1_task-eyesopen_eeg.set,2026
sub-18,ses-1,eyesopen,0,NS,47,250.0,61,1250,3,61,1250,data\sub-18\ses-1\eeg\sub-18_ses-1_task-eyesopen_eeg.set,2027
sub-18,ses-1,eyesopen,0,NS,48,250.0,61,1250,3,61,1250,data\sub-18\ses-1\eeg\sub-18_ses-1_task-eyesopen_eeg.set,2028
sub-18,ses-1,eyesopen,0,NS,49,250.0,61,1250,3,61,1250,data\sub-18\ses-1\eeg\sub-18_ses-1_task-eyesopen_eeg.set,2029
sub-18,ses-1,eyesopen,0,NS,50,250.0,61,1250,3,61,1250,data\sub-18\ses-1\eeg\sub-18_ses-1_task-eyesopen_eeg.set,2030
sub-18,ses-1,eyesopen,0,NS,51,250.0,61,1250,3,61,1250,data\sub-18\ses-1\eeg\sub-18_ses-1_task-eyesopen_eeg.set,2031
sub-18,ses-1,eyesopen,0,NS,52,250.0,61,1250,3,61,1250,data\sub-18\ses-1\eeg\sub-18_ses-1_task-eyesopen_eeg.set,2032
sub-18,ses-1,eyesopen,0,NS,53,250.0,61,1250,3,61,1250,data\sub-18\ses-1\eeg\sub-18_ses-1_task-eyesopen_eeg.set,2033
sub-18,ses-1,eyesopen,0,NS,54,250.0,61,1250,3,61,1250,data\sub-18\ses-1\eeg\sub-18_ses-1_task-eyesopen_eeg.set,2034
sub-18,ses-1,eyesopen,0,NS,55,250.0,61,1250,3,61,1250,data\sub-18\ses-1\eeg\sub-18_ses-1_task-eyesopen_eeg.set,2035
sub-18,ses-1,eyesopen,0,NS,56,250.0,61,1250,3,61,1250,data\sub-18\ses-1\eeg\sub-18_ses-1_task-eyesopen_eeg.set,2036
sub-18,ses-1,eyesopen,0,NS,57,250.0,61,1250,3,61,1250,data\sub-18\ses-1\eeg\sub-18_ses-1_task-eyesopen_eeg.set,2037
sub-18,ses-1,eyesopen,0,NS,58,250.0,61,1250,3,61,1250,data\sub-18\ses-1\eeg\sub-18_ses-1_task-eyesopen_eeg.set,2038
sub-18,ses-1,eyesopen,0,NS,59,250.0,61,1250,3,61,1250,data\sub-18\ses-1\eeg\sub-18_ses-1_task-eyesopen_eeg.set,2039
sub-18,ses-2,eyesopen,1,SD,0,250.0,61,1250,3,61,1250,data\sub-18\ses-2\eeg\sub-18_ses-2_task-eyesopen_eeg.set,2040
sub-18,ses-2,eyesopen,1,SD,1,250.0,61,1250,3,61,1250,data\sub-18\ses-2\eeg\sub-18_ses-2_task-eyesopen_eeg.set,2041
sub-18,ses-2,eyesopen,1,SD,2,250.0,61,1250,3,61,1250,data\sub-18\ses-2\eeg\sub-18_ses-2_task-eyesopen_eeg.set,2042
sub-18,ses-2,eyesopen,1,SD,3,250.0,61,1250,3,61,1250,data\sub-18\ses-2\eeg\sub-18_ses-2_task-eyesopen_eeg.set,2043
sub-18,ses-2,eyesopen,1,SD,4,250.0,61,1250,3,61,1250,data\sub-18\ses-2\eeg\sub-18_ses-2_task-eyesopen_eeg.set,2044
sub-18,ses-2,eyesopen,1,SD,5,250.0,61,1250,3,61,1250,data\sub-18\ses-2\eeg\sub-18_ses-2_task-eyesopen_eeg.set,2045
sub-18,ses-2,eyesopen,1,SD,6,250.0,61,1250,3,61,1250,data\sub-18\ses-2\eeg\sub-18_ses-2_task-eyesopen_eeg.set,2046
sub-18,ses-2,eyesopen,1,SD,7,250.0,61,1250,3,61,1250,data\sub-18\ses-2\eeg\sub-18_ses-2_task-eyesopen_eeg.set,2047
sub-18,ses-2,eyesopen,1,SD,8,250.0,61,1250,3,61,1250,data\sub-18\ses-2\eeg\sub-18_ses-2_task-eyesopen_eeg.set,2048
sub-18,ses-2,eyesopen,1,SD,9,250.0,61,1250,3,61,1250,data\sub-18\ses-2\eeg\sub-18_ses-2_task-eyesopen_eeg.set,2049
sub-18,ses-2,eyesopen,1,SD,10,250.0,61,1250,3,61,1250,data\sub-18\ses-2\eeg\sub-18_ses-2_task-eyesopen_eeg.set,2050
sub-18,ses-2,eyesopen,1,SD,11,250.0,61,1250,3,61,1250,data\sub-18\ses-2\eeg\sub-18_ses-2_task-eyesopen_eeg.set,2051
sub-18,ses-2,eyesopen,1,SD,12,250.0,61,1250,3,61,1250,data\sub-18\ses-2\eeg\sub-18_ses-2_task-eyesopen_eeg.set,2052
sub-18,ses-2,eyesopen,1,SD,13,250.0,61,1250,3,61,1250,data\sub-18\ses-2\eeg\sub-18_ses-2_task-eyesopen_eeg.set,2053
sub-18,ses-2,eyesopen,1,SD,14,250.0,61,1250,3,61,1250,data\sub-18\ses-2\eeg\sub-18_ses-2_task-eyesopen_eeg.set,2054
sub-18,ses-2,eyesopen,1,SD,15,250.0,61,1250,3,61,1250,data\sub-18\ses-2\eeg\sub-18_ses-2_task-eyesopen_eeg.set,2055
sub-18,ses-2,eyesopen,1,SD,16,250.0,61,1250,3,61,1250,data\sub-18\ses-2\eeg\sub-18_ses-2_task-eyesopen_eeg.set,2056
sub-18,ses-2,eyesopen,1,SD,17,250.0,61,1250,3,61,1250,data\sub-18\ses-2\eeg\sub-18_ses-2_task-eyesopen_eeg.set,2057
sub-18,ses-2,eyesopen,1,SD,18,250.0,61,1250,3,61,1250,data\sub-18\ses-2\eeg\sub-18_ses-2_task-eyesopen_eeg.set,2058
sub-18,ses-2,eyesopen,1,SD,19,250.0,61,1250,3,61,1250,data\sub-18\ses-2\eeg\sub-18_ses-2_task-eyesopen_eeg.set,2059
sub-18,ses-2,eyesopen,1,SD,20,250.0,61,1250,3,61,1250,data\sub-18\ses-2\eeg\sub-18_ses-2_task-eyesopen_eeg.set,2060
sub-18,ses-2,eyesopen,1,SD,21,250.0,61,1250,3,61,1250,data\sub-18\ses-2\eeg\sub-18_ses-2_task-eyesopen_eeg.set,2061
sub-18,ses-2,eyesopen,1,SD,22,250.0,61,1250,3,61,1250,data\sub-18\ses-2\eeg\sub-18_ses-2_task-eyesopen_eeg.set,2062
sub-18,ses-2,eyesopen,1,SD,23,250.0,61,1250,3,61,1250,data\sub-18\ses-2\eeg\sub-18_ses-2_task-eyesopen_eeg.set,2063
sub-18,ses-2,eyesopen,1,SD,24,250.0,61,1250,3,61,1250,data\sub-18\ses-2\eeg\sub-18_ses-2_task-eyesopen_eeg.set,2064
sub-18,ses-2,eyesopen,1,SD,25,250.0,61,1250,3,61,1250,data\sub-18\ses-2\eeg\sub-18_ses-2_task-eyesopen_eeg.set,2065
sub-18,ses-2,eyesopen,1,SD,26,250.0,61,1250,3,61,1250,data\sub-18\ses-2\eeg\sub-18_ses-2_task-eyesopen_eeg.set,2066
sub-18,ses-2,eyesopen,1,SD,27,250.0,61,1250,3,61,1250,data\sub-18\ses-2\eeg\sub-18_ses-2_task-eyesopen_eeg.set,2067
sub-18,ses-2,eyesopen,1,SD,28,250.0,61,1250,3,61,1250,data\sub-18\ses-2\eeg\sub-18_ses-2_task-eyesopen_eeg.set,2068
sub-18,ses-2,eyesopen,1,SD,29,250.0,61,1250,3,61,1250,data\sub-18\ses-2\eeg\sub-18_ses-2_task-eyesopen_eeg.set,2069
sub-18,ses-2,eyesopen,1,SD,30,250.0,61,1250,3,61,1250,data\sub-18\ses-2\eeg\sub-18_ses-2_task-eyesopen_eeg.set,2070
sub-18,ses-2,eyesopen,1,SD,31,250.0,61,1250,3,61,1250,data\sub-18\ses-2\eeg\sub-18_ses-2_task-eyesopen_eeg.set,2071
sub-18,ses-2,eyesopen,1,SD,32,250.0,61,1250,3,61,1250,data\sub-18\ses-2\eeg\sub-18_ses-2_task-eyesopen_eeg.set,2072
sub-18,ses-2,eyesopen,1,SD,33,250.0,61,1250,3,61,1250,data\sub-18\ses-2\eeg\sub-18_ses-2_task-eyesopen_eeg.set,2073
sub-18,ses-2,eyesopen,1,SD,34,250.0,61,1250,3,61,1250,data\sub-18\ses-2\eeg\sub-18_ses-2_task-eyesopen_eeg.set,2074
sub-18,ses-2,eyesopen,1,SD,35,250.0,61,1250,3,61,1250,data\sub-18\ses-2\eeg\sub-18_ses-2_task-eyesopen_eeg.set,2075
sub-18,ses-2,eyesopen,1,SD,36,250.0,61,1250,3,61,1250,data\sub-18\ses-2\eeg\sub-18_ses-2_task-eyesopen_eeg.set,2076
sub-18,ses-2,eyesopen,1,SD,37,250.0,61,1250,3,61,1250,data\sub-18\ses-2\eeg\sub-18_ses-2_task-eyesopen_eeg.set,2077
sub-18,ses-2,eyesopen,1,SD,38,250.0,61,1250,3,61,1250,data\sub-18\ses-2\eeg\sub-18_ses-2_task-eyesopen_eeg.set,2078
sub-18,ses-2,eyesopen,1,SD,39,250.0,61,1250,3,61,1250,data\sub-18\ses-2\eeg\sub-18_ses-2_task-eyesopen_eeg.set,2079
sub-18,ses-2,eyesopen,1,SD,40,250.0,61,1250,3,61,1250,data\sub-18\ses-2\eeg\sub-18_ses-2_task-eyesopen_eeg.set,2080
sub-18,ses-2,eyesopen,1,SD,41,250.0,61,1250,3,61,1250,data\sub-18\ses-2\eeg\sub-18_ses-2_task-eyesopen_eeg.set,2081
sub-18,ses-2,eyesopen,1,SD,42,250.0,61,1250,3,61,1250,data\sub-18\ses-2\eeg\sub-18_ses-2_task-eyesopen_eeg.set,2082
sub-18,ses-2,eyesopen,1,SD,43,250.0,61,1250,3,61,1250,data\sub-18\ses-2\eeg\sub-18_ses-2_task-eyesopen_eeg.set,2083
sub-18,ses-2,eyesopen,1,SD,44,250.0,61,1250,3,61,1250,data\sub-18\ses-2\eeg\sub-18_ses-2_task-eyesopen_eeg.set,2084
sub-18,ses-2,eyesopen,1,SD,45,250.0,61,1250,3,61,1250,data\sub-18\ses-2\eeg\sub-18_ses-2_task-eyesopen_eeg.set,2085
sub-18,ses-2,eyesopen,1,SD,46,250.0,61,1250,3,61,1250,data\sub-18\ses-2\eeg\sub-18_ses-2_task-eyesopen_eeg.set,2086
sub-18,ses-2,eyesopen,1,SD,47,250.0,61,1250,3,61,1250,data\sub-18\ses-2\eeg\sub-18_ses-2_task-eyesopen_eeg.set,2087
sub-18,ses-2,eyesopen,1,SD,48,250.0,61,1250,3,61,1250,data\sub-18\ses-2\eeg\sub-18_ses-2_task-eyesopen_eeg.set,2088
sub-18,ses-2,eyesopen,1,SD,49,250.0,61,1250,3,61,1250,data\sub-18\ses-2\eeg\sub-18_ses-2_task-eyesopen_eeg.set,2089
sub-18,ses-2,eyesopen,1,SD,50,250.0,61,1250,3,61,1250,data\sub-18\ses-2\eeg\sub-18_ses-2_task-eyesopen_eeg.set,2090
sub-18,ses-2,eyesopen,1,SD,51,250.0,61,1250,3,61,1250,data\sub-18\ses-2\eeg\sub-18_ses-2_task-eyesopen_eeg.set,2091
sub-18,ses-2,eyesopen,1,SD,52,250.0,61,1250,3,61,1250,data\sub-18\ses-2\eeg\sub-18_ses-2_task-eyesopen_eeg.set,2092
sub-18,ses-2,eyesopen,1,SD,53,250.0,61,1250,3,61,1250,data\sub-18\ses-2\eeg\sub-18_ses-2_task-eyesopen_eeg.set,2093
sub-18,ses-2,eyesopen,1,SD,54,250.0,61,1250,3,61,1250,data\sub-18\ses-2\eeg\sub-18_ses-2_task-eyesopen_eeg.set,2094
sub-18,ses-2,eyesopen,1,SD,55,250.0,61,1250,3,61,1250,data\sub-18\ses-2\eeg\sub-18_ses-2_task-eyesopen_eeg.set,2095
sub-18,ses-2,eyesopen,1,SD,56,250.0,61,1250,3,61,1250,data\sub-18\ses-2\eeg\sub-18_ses-2_task-eyesopen_eeg.set,2096
sub-18,ses-2,eyesopen,1,SD,57,250.0,61,1250,3,61,1250,data\sub-18\ses-2\eeg\sub-18_ses-2_task-eyesopen_eeg.set,2097
sub-18,ses-2,eyesopen,1,SD,58,250.0,61,1250,3,61,1250,data\sub-18\ses-2\eeg\sub-18_ses-2_task-eyesopen_eeg.set,2098
sub-18,ses-2,eyesopen,1,SD,59,250.0,61,1250,3,61,1250,data\sub-18\ses-2\eeg\sub-18_ses-2_task-eyesopen_eeg.set,2099
sub-20,ses-1,eyesopen,0,NS,0,250.0,61,1250,3,61,1250,data\sub-20\ses-1\eeg\sub-20_ses-1_task-eyesopen_eeg.set,2220
sub-20,ses-1,eyesopen,0,NS,1,250.0,61,1250,3,61,1250,data\sub-20\ses-1\eeg\sub-20_ses-1_task-eyesopen_eeg.set,2221
sub-20,ses-1,eyesopen,0,NS,2,250.0,61,1250,3,61,1250,data\sub-20\ses-1\eeg\sub-20_ses-1_task-eyesopen_eeg.set,2222
sub-20,ses-1,eyesopen,0,NS,3,250.0,61,1250,3,61,1250,data\sub-20\ses-1\eeg\sub-20_ses-1_task-eyesopen_eeg.set,2223
sub-20,ses-1,eyesopen,0,NS,4,250.0,61,1250,3,61,1250,data\sub-20\ses-1\eeg\sub-20_ses-1_task-eyesopen_eeg.set,2224
sub-20,ses-1,eyesopen,0,NS,5,250.0,61,1250,3,61,1250,data\sub-20\ses-1\eeg\sub-20_ses-1_task-eyesopen_eeg.set,2225
sub-20,ses-1,eyesopen,0,NS,6,250.0,61,1250,3,61,1250,data\sub-20\ses-1\eeg\sub-20_ses-1_task-eyesopen_eeg.set,2226
sub-20,ses-1,eyesopen,0,NS,7,250.0,61,1250,3,61,1250,data\sub-20\ses-1\eeg\sub-20_ses-1_task-eyesopen_eeg.set,2227
sub-20,ses-1,eyesopen,0,NS,8,250.0,61,1250,3,61,1250,data\sub-20\ses-1\eeg\sub-20_ses-1_task-eyesopen_eeg.set,2228
sub-20,ses-1,eyesopen,0,NS,9,250.0,61,1250,3,61,1250,data\sub-20\ses-1\eeg\sub-20_ses-1_task-eyesopen_eeg.set,2229
sub-20,ses-1,eyesopen,0,NS,10,250.0,61,1250,3,61,1250,data\sub-20\ses-1\eeg\sub-20_ses-1_task-eyesopen_eeg.set,2230
sub-20,ses-1,eyesopen,0,NS,11,250.0,61,1250,3,61,1250,data\sub-20\ses-1\eeg\sub-20_ses-1_task-eyesopen_eeg.set,2231
sub-20,ses-1,eyesopen,0,NS,12,250.0,61,1250,3,61,1250,data\sub-20\ses-1\eeg\sub-20_ses-1_task-eyesopen_eeg.set,2232
sub-20,ses-1,eyesopen,0,NS,13,250.0,61,1250,3,61,1250,data\sub-20\ses-1\eeg\sub-20_ses-1_task-eyesopen_eeg.set,2233
sub-20,ses-1,eyesopen,0,NS,14,250.0,61,1250,3,61,1250,data\sub-20\ses-1\eeg\sub-20_ses-1_task-eyesopen_eeg.set,2234
sub-20,ses-1,eyesopen,0,NS,15,250.0,61,1250,3,61,1250,data\sub-20\ses-1\eeg\sub-20_ses-1_task-eyesopen_eeg.set,2235
sub-20,ses-1,eyesopen,0,NS,16,250.0,61,1250,3,61,1250,data\sub-20\ses-1\eeg\sub-20_ses-1_task-eyesopen_eeg.set,2236
sub-20,ses-1,eyesopen,0,NS,17,250.0,61,1250,3,61,1250,data\sub-20\ses-1\eeg\sub-20_ses-1_task-eyesopen_eeg.set,2237
sub-20,ses-1,eyesopen,0,NS,18,250.0,61,1250,3,61,1250,data\sub-20\ses-1\eeg\sub-20_ses-1_task-eyesopen_eeg.set,2238
sub-20,ses-1,eyesopen,0,NS,19,250.0,61,1250,3,61,1250,data\sub-20\ses-1\eeg\sub-20_ses-1_task-eyesopen_eeg.set,2239
sub-20,ses-1,eyesopen,0,NS,20,250.0,61,1250,3,61,1250,data\sub-20\ses-1\eeg\sub-20_ses-1_task-eyesopen_eeg.set,2240
sub-20,ses-1,eyesopen,0,NS,21,250.0,61,1250,3,61,1250,data\sub-20\ses-1\eeg\sub-20_ses-1_task-eyesopen_eeg.set,2241
sub-20,ses-1,eyesopen,0,NS,22,250.0,61,1250,3,61,1250,data\sub-20\ses-1\eeg\sub-20_ses-1_task-eyesopen_eeg.set,2242
sub-20,ses-1,eyesopen,0,NS,23,250.0,61,1250,3,61,1250,data\sub-20\ses-1\eeg\sub-20_ses-1_task-eyesopen_eeg.set,2243
sub-20,ses-1,eyesopen,0,NS,24,250.0,61,1250,3,61,1250,data\sub-20\ses-1\eeg\sub-20_ses-1_task-eyesopen_eeg.set,2244
sub-20,ses-1,eyesopen,0,NS,25,250.0,61,1250,3,61,1250,data\sub-20\ses-1\eeg\sub-20_ses-1_task-eyesopen_eeg.set,2245
sub-20,ses-1,eyesopen,0,NS,26,250.0,61,1250,3,61,1250,data\sub-20\ses-1\eeg\sub-20_ses-1_task-eyesopen_eeg.set,2246
sub-20,ses-1,eyesopen,0,NS,27,250.0,61,1250,3,61,1250,data\sub-20\ses-1\eeg\sub-20_ses-1_task-eyesopen_eeg.set,2247
sub-20,ses-1,eyesopen,0,NS,28,250.0,61,1250,3,61,1250,data\sub-20\ses-1\eeg\sub-20_ses-1_task-eyesopen_eeg.set,2248
sub-20,ses-1,eyesopen,0,NS,29,250.0,61,1250,3,61,1250,data\sub-20\ses-1\eeg\sub-20_ses-1_task-eyesopen_eeg.set,2249
sub-20,ses-1,eyesopen,0,NS,30,250.0,61,1250,3,61,1250,data\sub-20\ses-1\eeg\sub-20_ses-1_task-eyesopen_eeg.set,2250
sub-20,ses-1,eyesopen,0,NS,31,250.0,61,1250,3,61,1250,data\sub-20\ses-1\eeg\sub-20_ses-1_task-eyesopen_eeg.set,2251
sub-20,ses-1,eyesopen,0,NS,32,250.0,61,1250,3,61,1250,data\sub-20\ses-1\eeg\sub-20_ses-1_task-eyesopen_eeg.set,2252
sub-20,ses-1,eyesopen,0,NS,33,250.0,61,1250,3,61,1250,data\sub-20\ses-1\eeg\sub-20_ses-1_task-eyesopen_eeg.set,2253
sub-20,ses-1,eyesopen,0,NS,34,250.0,61,1250,3,61,1250,data\sub-20\ses-1\eeg\sub-20_ses-1_task-eyesopen_eeg.set,2254
sub-20,ses-1,eyesopen,0,NS,35,250.0,61,1250,3,61,1250,data\sub-20\ses-1\eeg\sub-20_ses-1_task-eyesopen_eeg.set,2255
sub-20,ses-1,eyesopen,0,NS,36,250.0,61,1250,3,61,1250,data\sub-20\ses-1\eeg\sub-20_ses-1_task-eyesopen_eeg.set,2256
sub-20,ses-1,eyesopen,0,NS,37,250.0,61,1250,3,61,1250,data\sub-20\ses-1\eeg\sub-20_ses-1_task-eyesopen_eeg.set,2257
sub-20,ses-1,eyesopen,0,NS,38,250.0,61,1250,3,61,1250,data\sub-20\ses-1\eeg\sub-20_ses-1_task-eyesopen_eeg.set,2258
sub-20,ses-1,eyesopen,0,NS,39,250.0,61,1250,3,61,1250,data\sub-20\ses-1\eeg\sub-20_ses-1_task-eyesopen_eeg.set,2259
sub-20,ses-1,eyesopen,0,NS,40,250.0,61,1250,3,61,1250,data\sub-20\ses-1\eeg\sub-20_ses-1_task-eyesopen_eeg.set,2260
sub-20,ses-1,eyesopen,0,NS,41,250.0,61,1250,3,61,1250,data\sub-20\ses-1\eeg\sub-20_ses-1_task-eyesopen_eeg.set,2261
sub-20,ses-1,eyesopen,0,NS,42,250.0,61,1250,3,61,1250,data\sub-20\ses-1\eeg\sub-20_ses-1_task-eyesopen_eeg.set,2262
sub-20,ses-1,eyesopen,0,NS,43,250.0,61,1250,3,61,1250,data\sub-20\ses-1\eeg\sub-20_ses-1_task-eyesopen_eeg.set,2263
sub-20,ses-1,eyesopen,0,NS,44,250.0,61,1250,3,61,1250,data\sub-20\ses-1\eeg\sub-20_ses-1_task-eyesopen_eeg.set,2264
sub-20,ses-1,eyesopen,0,NS,45,250.0,61,1250,3,61,1250,data\sub-20\ses-1\eeg\sub-20_ses-1_task-eyesopen_eeg.set,2265
sub-20,ses-1,eyesopen,0,NS,46,250.0,61,1250,3,61,1250,data\sub-20\ses-1\eeg\sub-20_ses-1_task-eyesopen_eeg.set,2266
sub-20,ses-1,eyesopen,0,NS,47,250.0,61,1250,3,61,1250,data\sub-20\ses-1\eeg\sub-20_ses-1_task-eyesopen_eeg.set,2267
sub-20,ses-1,eyesopen,0,NS,48,250.0,61,1250,3,61,1250,data\sub-20\ses-1\eeg\sub-20_ses-1_task-eyesopen_eeg.set,2268
sub-20,ses-1,eyesopen,0,NS,49,250.0,61,1250,3,61,1250,data\sub-20\ses-1\eeg\sub-20_ses-1_task-eyesopen_eeg.set,2269
sub-20,ses-1,eyesopen,0,NS,50,250.0,61,1250,3,61,1250,data\sub-20\ses-1\eeg\sub-20_ses-1_task-eyesopen_eeg.set,2270
sub-20,ses-1,eyesopen,0,NS,51,250.0,61,1250,3,61,1250,data\sub-20\ses-1\eeg\sub-20_ses-1_task-eyesopen_eeg.set,2271
sub-20,ses-1,eyesopen,0,NS,52,250.0,61,1250,3,61,1250,data\sub-20\ses-1\eeg\sub-20_ses-1_task-eyesopen_eeg.set,2272
sub-20,ses-1,eyesopen,0,NS,53,250.0,61,1250,3,61,1250,data\sub-20\ses-1\eeg\sub-20_ses-1_task-eyesopen_eeg.set,2273
sub-20,ses-1,eyesopen,0,NS,54,250.0,61,1250,3,61,1250,data\sub-20\ses-1\eeg\sub-20_ses-1_task-eyesopen_eeg.set,2274
sub-20,ses-1,eyesopen,0,NS,55,250.0,61,1250,3,61,1250,data\sub-20\ses-1\eeg\sub-20_ses-1_task-eyesopen_eeg.set,2275
sub-20,ses-1,eyesopen,0,NS,56,250.0,61,1250,3,61,1250,data\sub-20\ses-1\eeg\sub-20_ses-1_task-eyesopen_eeg.set,2276
sub-20,ses-1,eyesopen,0,NS,57,250.0,61,1250,3,61,1250,data\sub-20\ses-1\eeg\sub-20_ses-1_task-eyesopen_eeg.set,2277
sub-20,ses-1,eyesopen,0,NS,58,250.0,61,1250,3,61,1250,data\sub-20\ses-1\eeg\sub-20_ses-1_task-eyesopen_eeg.set,2278
sub-20,ses-1,eyesopen,0,NS,59,250.0,61,1250,3,61,1250,data\sub-20\ses-1\eeg\sub-20_ses-1_task-eyesopen_eeg.set,2279
sub-20,ses-2,eyesopen,1,SD,0,250.0,61,1250,3,61,1250,data\sub-20\ses-2\eeg\sub-20_ses-2_task-eyesopen_eeg.set,2280
sub-20,ses-2,eyesopen,1,SD,1,250.0,61,1250,3,61,1250,data\sub-20\ses-2\eeg\sub-20_ses-2_task-eyesopen_eeg.set,2281
sub-20,ses-2,eyesopen,1,SD,2,250.0,61,1250,3,61,1250,data\sub-20\ses-2\eeg\sub-20_ses-2_task-eyesopen_eeg.set,2282
sub-20,ses-2,eyesopen,1,SD,3,250.0,61,1250,3,61,1250,data\sub-20\ses-2\eeg\sub-20_ses-2_task-eyesopen_eeg.set,2283
sub-20,ses-2,eyesopen,1,SD,4,250.0,61,1250,3,61,1250,data\sub-20\ses-2\eeg\sub-20_ses-2_task-eyesopen_eeg.set,2284
sub-20,ses-2,eyesopen,1,SD,5,250.0,61,1250,3,61,1250,data\sub-20\ses-2\eeg\sub-20_ses-2_task-eyesopen_eeg.set,2285
sub-20,ses-2,eyesopen,1,SD,6,250.0,61,1250,3,61,1250,data\sub-20\ses-2\eeg\sub-20_ses-2_task-eyesopen_eeg.set,2286
sub-20,ses-2,eyesopen,1,SD,7,250.0,61,1250,3,61,1250,data\sub-20\ses-2\eeg\sub-20_ses-2_task-eyesopen_eeg.set,2287
sub-20,ses-2,eyesopen,1,SD,8,250.0,61,1250,3,61,1250,data\sub-20\ses-2\eeg\sub-20_ses-2_task-eyesopen_eeg.set,2288
sub-20,ses-2,eyesopen,1,SD,9,250.0,61,1250,3,61,1250,data\sub-20\ses-2\eeg\sub-20_ses-2_task-eyesopen_eeg.set,2289
sub-20,ses-2,eyesopen,1,SD,10,250.0,61,1250,3,61,1250,data\sub-20\ses-2\eeg\sub-20_ses-2_task-eyesopen_eeg.set,2290
sub-20,ses-2,eyesopen,1,SD,11,250.0,61,1250,3,61,1250,data\sub-20\ses-2\eeg\sub-20_ses-2_task-eyesopen_eeg.set,2291
sub-20,ses-2,eyesopen,1,SD,12,250.0,61,1250,3,61,1250,data\sub-20\ses-2\eeg\sub-20_ses-2_task-eyesopen_eeg.set,2292
sub-20,ses-2,eyesopen,1,SD,13,250.0,61,1250,3,61,1250,data\sub-20\ses-2\eeg\sub-20_ses-2_task-eyesopen_eeg.set,2293
sub-20,ses-2,eyesopen,1,SD,14,250.0,61,1250,3,61,1250,data\sub-20\ses-2\eeg\sub-20_ses-2_task-eyesopen_eeg.set,2294
sub-20,ses-2,eyesopen,1,SD,15,250.0,61,1250,3,61,1250,data\sub-20\ses-2\eeg\sub-20_ses-2_task-eyesopen_eeg.set,2295
sub-20,ses-2,eyesopen,1,SD,16,250.0,61,1250,3,61,1250,data\sub-20\ses-2\eeg\sub-20_ses-2_task-eyesopen_eeg.set,2296
sub-20,ses-2,eyesopen,1,SD,17,250.0,61,1250,3,61,1250,data\sub-20\ses-2\eeg\sub-20_ses-2_task-eyesopen_eeg.set,2297
sub-20,ses-2,eyesopen,1,SD,18,250.0,61,1250,3,61,1250,data\sub-20\ses-2\eeg\sub-20_ses-2_task-eyesopen_eeg.set,2298
sub-20,ses-2,eyesopen,1,SD,19,250.0,61,1250,3,61,1250,data\sub-20\ses-2\eeg\sub-20_ses-2_task-eyesopen_eeg.set,2299
sub-20,ses-2,eyesopen,1,SD,20,250.0,61,1250,3,61,1250,data\sub-20\ses-2\eeg\sub-20_ses-2_task-eyesopen_eeg.set,2300
sub-20,ses-2,eyesopen,1,SD,21,250.0,61,1250,3,61,1250,data\sub-20\ses-2\eeg\sub-20_ses-2_task-eyesopen_eeg.set,2301
sub-20,ses-2,eyesopen,1,SD,22,250.0,61,1250,3,61,1250,data\sub-20\ses-2\eeg\sub-20_ses-2_task-eyesopen_eeg.set,2302
sub-20,ses-2,eyesopen,1,SD,23,250.0,61,1250,3,61,1250,data\sub-20\ses-2\eeg\sub-20_ses-2_task-eyesopen_eeg.set,2303
sub-20,ses-2,eyesopen,1,SD,24,250.0,61,1250,3,61,1250,data\sub-20\ses-2\eeg\sub-20_ses-2_task-eyesopen_eeg.set,2304
sub-20,ses-2,eyesopen,1,SD,25,250.0,61,1250,3,61,1250,data\sub-20\ses-2\eeg\sub-20_ses-2_task-eyesopen_eeg.set,2305
sub-20,ses-2,eyesopen,1,SD,26,250.0,61,1250,3,61,1250,data\sub-20\ses-2\eeg\sub-20_ses-2_task-eyesopen_eeg.set,2306
sub-20,ses-2,eyesopen,1,SD,27,250.0,61,1250,3,61,1250,data\sub-20\ses-2\eeg\sub-20_ses-2_task-eyesopen_eeg.set,2307
sub-20,ses-2,eyesopen,1,SD,28,250.0,61,1250,3,61,1250,data\sub-20\ses-2\eeg\sub-20_ses-2_task-eyesopen_eeg.set,2308
sub-20,ses-2,eyesopen,1,SD,29,250.0,61,1250,3,61,1250,data\sub-20\ses-2\eeg\sub-20_ses-2_task-eyesopen_eeg.set,2309
sub-20,ses-2,eyesopen,1,SD,30,250.0,61,1250,3,61,1250,data\sub-20\ses-2\eeg\sub-20_ses-2_task-eyesopen_eeg.set,2310
sub-20,ses-2,eyesopen,1,SD,31,250.0,61,1250,3,61,1250,data\sub-20\ses-2\eeg\sub-20_ses-2_task-eyesopen_eeg.set,2311
sub-20,ses-2,eyesopen,1,SD,32,250.0,61,1250,3,61,1250,data\sub-20\ses-2\eeg\sub-20_ses-2_task-eyesopen_eeg.set,2312
sub-20,ses-2,eyesopen,1,SD,33,250.0,61,1250,3,61,1250,data\sub-20\ses-2\eeg\sub-20_ses-2_task-eyesopen_eeg.set,2313
sub-20,ses-2,eyesopen,1,SD,34,250.0,61,1250,3,61,1250,data\sub-20\ses-2\eeg\sub-20_ses-2_task-eyesopen_eeg.set,2314
sub-20,ses-2,eyesopen,1,SD,35,250.0,61,1250,3,61,1250,data\sub-20\ses-2\eeg\sub-20_ses-2_task-eyesopen_eeg.set,2315
sub-20,ses-2,eyesopen,1,SD,36,250.0,61,1250,3,61,1250,data\sub-20\ses-2\eeg\sub-20_ses-2_task-eyesopen_eeg.set,2316
sub-20,ses-2,eyesopen,1,SD,37,250.0,61,1250,3,61,1250,data\sub-20\ses-2\eeg\sub-20_ses-2_task-eyesopen_eeg.set,2317
sub-20,ses-2,eyesopen,1,SD,38,250.0,61,1250,3,61,1250,data\sub-20\ses-2\eeg\sub-20_ses-2_task-eyesopen_eeg.set,2318
sub-20,ses-2,eyesopen,1,SD,39,250.0,61,1250,3,61,1250,data\sub-20\ses-2\eeg\sub-20_ses-2_task-eyesopen_eeg.set,2319
sub-20,ses-2,eyesopen,1,SD,40,250.0,61,1250,3,61,1250,data\sub-20\ses-2\eeg\sub-20_ses-2_task-eyesopen_eeg.set,2320
sub-20,ses-2,eyesopen,1,SD,41,250.0,61,1250,3,61,1250,data\sub-20\ses-2\eeg\sub-20_ses-2_task-eyesopen_eeg.set,2321
sub-20,ses-2,eyesopen,1,SD,42,250.0,61,1250,3,61,1250,data\sub-20\ses-2\eeg\sub-20_ses-2_task-eyesopen_eeg.set,2322
sub-20,ses-2,eyesopen,1,SD,43,250.0,61,1250,3,61,1250,data\sub-20\ses-2\eeg\sub-20_ses-2_task-eyesopen_eeg.set,2323
sub-20,ses-2,eyesopen,1,SD,44,250.0,61,1250,3,61,1250,data\sub-20\ses-2\eeg\sub-20_ses-2_task-eyesopen_eeg.set,2324
sub-20,ses-2,eyesopen,1,SD,45,250.0,61,1250,3,61,1250,data\sub-20\ses-2\eeg\sub-20_ses-2_task-eyesopen_eeg.set,2325
sub-20,ses-2,eyesopen,1,SD,46,250.0,61,1250,3,61,1250,data\sub-20\ses-2\eeg\sub-20_ses-2_task-eyesopen_eeg.set,2326
sub-20,ses-2,eyesopen,1,SD,47,250.0,61,1250,3,61,1250,data\sub-20\ses-2\eeg\sub-20_ses-2_task-eyesopen_eeg.set,2327
sub-20,ses-2,eyesopen,1,SD,48,250.0,61,1250,3,61,1250,data\sub-20\ses-2\eeg\sub-20_ses-2_task-eyesopen_eeg.set,2328
sub-20,ses-2,eyesopen,1,SD,49,250.0,61,1250,3,61,1250,data\sub-20\ses-2\eeg\sub-20_ses-2_task-eyesopen_eeg.set,2329
sub-20,ses-2,eyesopen,1,SD,50,250.0,61,1250,3,61,1250,data\sub-20\ses-2\eeg\sub-20_ses-2_task-eyesopen_eeg.set,2330
sub-20,ses-2,eyesopen,1,SD,51,250.0,61,1250,3,61,1250,data\sub-20\ses-2\eeg\sub-20_ses-2_task-eyesopen_eeg.set,2331
sub-20,ses-2,eyesopen,1,SD,52,250.0,61,1250,3,61,1250,data\sub-20\ses-2\eeg\sub-20_ses-2_task-eyesopen_eeg.set,2332
sub-20,ses-2,eyesopen,1,SD,53,250.0,61,1250,3,61,1250,data\sub-20\ses-2\eeg\sub-20_ses-2_task-eyesopen_eeg.set,2333
sub-20,ses-2,eyesopen,1,SD,54,250.0,61,1250,3,61,1250,data\sub-20\ses-2\eeg\sub-20_ses-2_task-eyesopen_eeg.set,2334
sub-20,ses-2,eyesopen,1,SD,55,250.0,61,1250,3,61,1250,data\sub-20\ses-2\eeg\sub-20_ses-2_task-eyesopen_eeg.set,2335
sub-20,ses-2,eyesopen,1,SD,56,250.0,61,1250,3,61,1250,data\sub-20\ses-2\eeg\sub-20_ses-2_task-eyesopen_eeg.set,2336
sub-20,ses-2,eyesopen,1,SD,57,250.0,61,1250,3,61,1250,data\sub-20\ses-2\eeg\sub-20_ses-2_task-eyesopen_eeg.set,2337
sub-20,ses-2,eyesopen,1,SD,58,250.0,61,1250,3,61,1250,data\sub-20\ses-2\eeg\sub-20_ses-2_task-eyesopen_eeg.set,2338
sub-20,ses-2,eyesopen,1,SD,59,250.0,61,1250,3,61,1250,data\sub-20\ses-2\eeg\sub-20_ses-2_task-eyesopen_eeg.set,2339
sub-21,ses-1,eyesopen,0,NS,0,250.0,61,1250,3,61,1250,data\sub-21\ses-1\eeg\sub-21_ses-1_task-eyesopen_eeg.set,2340
sub-21,ses-1,eyesopen,0,NS,1,250.0,61,1250,3,61,1250,data\sub-21\ses-1\eeg\sub-21_ses-1_task-eyesopen_eeg.set,2341
sub-21,ses-1,eyesopen,0,NS,2,250.0,61,1250,3,61,1250,data\sub-21\ses-1\eeg\sub-21_ses-1_task-eyesopen_eeg.set,2342
sub-21,ses-1,eyesopen,0,NS,3,250.0,61,1250,3,61,1250,data\sub-21\ses-1\eeg\sub-21_ses-1_task-eyesopen_eeg.set,2343
sub-21,ses-1,eyesopen,0,NS,4,250.0,61,1250,3,61,1250,data\sub-21\ses-1\eeg\sub-21_ses-1_task-eyesopen_eeg.set,2344
sub-21,ses-1,eyesopen,0,NS,5,250.0,61,1250,3,61,1250,data\sub-21\ses-1\eeg\sub-21_ses-1_task-eyesopen_eeg.set,2345
sub-21,ses-1,eyesopen,0,NS,6,250.0,61,1250,3,61,1250,data\sub-21\ses-1\eeg\sub-21_ses-1_task-eyesopen_eeg.set,2346
sub-21,ses-1,eyesopen,0,NS,7,250.0,61,1250,3,61,1250,data\sub-21\ses-1\eeg\sub-21_ses-1_task-eyesopen_eeg.set,2347
sub-21,ses-1,eyesopen,0,NS,8,250.0,61,1250,3,61,1250,data\sub-21\ses-1\eeg\sub-21_ses-1_task-eyesopen_eeg.set,2348
sub-21,ses-1,eyesopen,0,NS,9,250.0,61,1250,3,61,1250,data\sub-21\ses-1\eeg\sub-21_ses-1_task-eyesopen_eeg.set,2349
sub-21,ses-1,eyesopen,0,NS,10,250.0,61,1250,3,61,1250,data\sub-21\ses-1\eeg\sub-21_ses-1_task-eyesopen_eeg.set,2350
sub-21,ses-1,eyesopen,0,NS,11,250.0,61,1250,3,61,1250,data\sub-21\ses-1\eeg\sub-21_ses-1_task-eyesopen_eeg.set,2351
sub-21,ses-1,eyesopen,0,NS,12,250.0,61,1250,3,61,1250,data\sub-21\ses-1\eeg\sub-21_ses-1_task-eyesopen_eeg.set,2352
sub-21,ses-1,eyesopen,0,NS,13,250.0,61,1250,3,61,1250,data\sub-21\ses-1\eeg\sub-21_ses-1_task-eyesopen_eeg.set,2353
sub-21,ses-1,eyesopen,0,NS,14,250.0,61,1250,3,61,1250,data\sub-21\ses-1\eeg\sub-21_ses-1_task-eyesopen_eeg.set,2354
sub-21,ses-1,eyesopen,0,NS,15,250.0,61,1250,3,61,1250,data\sub-21\ses-1\eeg\sub-21_ses-1_task-eyesopen_eeg.set,2355
sub-21,ses-1,eyesopen,0,NS,16,250.0,61,1250,3,61,1250,data\sub-21\ses-1\eeg\sub-21_ses-1_task-eyesopen_eeg.set,2356
sub-21,ses-1,eyesopen,0,NS,17,250.0,61,1250,3,61,1250,data\sub-21\ses-1\eeg\sub-21_ses-1_task-eyesopen_eeg.set,2357
sub-21,ses-1,eyesopen,0,NS,18,250.0,61,1250,3,61,1250,data\sub-21\ses-1\eeg\sub-21_ses-1_task-eyesopen_eeg.set,2358
sub-21,ses-1,eyesopen,0,NS,19,250.0,61,1250,3,61,1250,data\sub-21\ses-1\eeg\sub-21_ses-1_task-eyesopen_eeg.set,2359
sub-21,ses-1,eyesopen,0,NS,20,250.0,61,1250,3,61,1250,data\sub-21\ses-1\eeg\sub-21_ses-1_task-eyesopen_eeg.set,2360
sub-21,ses-1,eyesopen,0,NS,21,250.0,61,1250,3,61,1250,data\sub-21\ses-1\eeg\sub-21_ses-1_task-eyesopen_eeg.set,2361
sub-21,ses-1,eyesopen,0,NS,22,250.0,61,1250,3,61,1250,data\sub-21\ses-1\eeg\sub-21_ses-1_task-eyesopen_eeg.set,2362
sub-21,ses-1,eyesopen,0,NS,23,250.0,61,1250,3,61,1250,data\sub-21\ses-1\eeg\sub-21_ses-1_task-eyesopen_eeg.set,2363
sub-21,ses-1,eyesopen,0,NS,24,250.0,61,1250,3,61,1250,data\sub-21\ses-1\eeg\sub-21_ses-1_task-eyesopen_eeg.set,2364
sub-21,ses-1,eyesopen,0,NS,25,250.0,61,1250,3,61,1250,data\sub-21\ses-1\eeg\sub-21_ses-1_task-eyesopen_eeg.set,2365
sub-21,ses-1,eyesopen,0,NS,26,250.0,61,1250,3,61,1250,data\sub-21\ses-1\eeg\sub-21_ses-1_task-eyesopen_eeg.set,2366
sub-21,ses-1,eyesopen,0,NS,27,250.0,61,1250,3,61,1250,data\sub-21\ses-1\eeg\sub-21_ses-1_task-eyesopen_eeg.set,2367
sub-21,ses-1,eyesopen,0,NS,28,250.0,61,1250,3,61,1250,data\sub-21\ses-1\eeg\sub-21_ses-1_task-eyesopen_eeg.set,2368
sub-21,ses-1,eyesopen,0,NS,29,250.0,61,1250,3,61,1250,data\sub-21\ses-1\eeg\sub-21_ses-1_task-eyesopen_eeg.set,2369
sub-21,ses-1,eyesopen,0,NS,30,250.0,61,1250,3,61,1250,data\sub-21\ses-1\eeg\sub-21_ses-1_task-eyesopen_eeg.set,2370
sub-21,ses-1,eyesopen,0,NS,31,250.0,61,1250,3,61,1250,data\sub-21\ses-1\eeg\sub-21_ses-1_task-eyesopen_eeg.set,2371
sub-21,ses-1,eyesopen,0,NS,32,250.0,61,1250,3,61,1250,data\sub-21\ses-1\eeg\sub-21_ses-1_task-eyesopen_eeg.set,2372
sub-21,ses-1,eyesopen,0,NS,33,250.0,61,1250,3,61,1250,data\sub-21\ses-1\eeg\sub-21_ses-1_task-eyesopen_eeg.set,2373
sub-21,ses-1,eyesopen,0,NS,34,250.0,61,1250,3,61,1250,data\sub-21\ses-1\eeg\sub-21_ses-1_task-eyesopen_eeg.set,2374
sub-21,ses-1,eyesopen,0,NS,35,250.0,61,1250,3,61,1250,data\sub-21\ses-1\eeg\sub-21_ses-1_task-eyesopen_eeg.set,2375
sub-21,ses-1,eyesopen,0,NS,36,250.0,61,1250,3,61,1250,data\sub-21\ses-1\eeg\sub-21_ses-1_task-eyesopen_eeg.set,2376
sub-21,ses-1,eyesopen,0,NS,37,250.0,61,1250,3,61,1250,data\sub-21\ses-1\eeg\sub-21_ses-1_task-eyesopen_eeg.set,2377
sub-21,ses-1,eyesopen,0,NS,38,250.0,61,1250,3,61,1250,data\sub-21\ses-1\eeg\sub-21_ses-1_task-eyesopen_eeg.set,2378
sub-21,ses-1,eyesopen,0,NS,39,250.0,61,1250,3,61,1250,data\sub-21\ses-1\eeg\sub-21_ses-1_task-eyesopen_eeg.set,2379
sub-21,ses-1,eyesopen,0,NS,40,250.0,61,1250,3,61,1250,data\sub-21\ses-1\eeg\sub-21_ses-1_task-eyesopen_eeg.set,2380
sub-21,ses-1,eyesopen,0,NS,41,250.0,61,1250,3,61,1250,data\sub-21\ses-1\eeg\sub-21_ses-1_task-eyesopen_eeg.set,2381
sub-21,ses-1,eyesopen,0,NS,42,250.0,61,1250,3,61,1250,data\sub-21\ses-1\eeg\sub-21_ses-1_task-eyesopen_eeg.set,2382
sub-21,ses-1,eyesopen,0,NS,43,250.0,61,1250,3,61,1250,data\sub-21\ses-1\eeg\sub-21_ses-1_task-eyesopen_eeg.set,2383
sub-21,ses-1,eyesopen,0,NS,44,250.0,61,1250,3,61,1250,data\sub-21\ses-1\eeg\sub-21_ses-1_task-eyesopen_eeg.set,2384
sub-21,ses-1,eyesopen,0,NS,45,250.0,61,1250,3,61,1250,data\sub-21\ses-1\eeg\sub-21_ses-1_task-eyesopen_eeg.set,2385
sub-21,ses-1,eyesopen,0,NS,46,250.0,61,1250,3,61,1250,data\sub-21\ses-1\eeg\sub-21_ses-1_task-eyesopen_eeg.set,2386
sub-21,ses-1,eyesopen,0,NS,47,250.0,61,1250,3,61,1250,data\sub-21\ses-1\eeg\sub-21_ses-1_task-eyesopen_eeg.set,2387
sub-21,ses-1,eyesopen,0,NS,48,250.0,61,1250,3,61,1250,data\sub-21\ses-1\eeg\sub-21_ses-1_task-eyesopen_eeg.set,2388
sub-21,ses-1,eyesopen,0,NS,49,250.0,61,1250,3,61,1250,data\sub-21\ses-1\eeg\sub-21_ses-1_task-eyesopen_eeg.set,2389
sub-21,ses-1,eyesopen,0,NS,50,250.0,61,1250,3,61,1250,data\sub-21\ses-1\eeg\sub-21_ses-1_task-eyesopen_eeg.set,2390
sub-21,ses-1,eyesopen,0,NS,51,250.0,61,1250,3,61,1250,data\sub-21\ses-1\eeg\sub-21_ses-1_task-eyesopen_eeg.set,2391
sub-21,ses-1,eyesopen,0,NS,52,250.0,61,1250,3,61,1250,data\sub-21\ses-1\eeg\sub-21_ses-1_task-eyesopen_eeg.set,2392
sub-21,ses-1,eyesopen,0,NS,53,250.0,61,1250,3,61,1250,data\sub-21\ses-1\eeg\sub-21_ses-1_task-eyesopen_eeg.set,2393
sub-21,ses-1,eyesopen,0,NS,54,250.0,61,1250,3,61,1250,data\sub-21\ses-1\eeg\sub-21_ses-1_task-eyesopen_eeg.set,2394
sub-21,ses-1,eyesopen,0,NS,55,250.0,61,1250,3,61,1250,data\sub-21\ses-1\eeg\sub-21_ses-1_task-eyesopen_eeg.set,2395
sub-21,ses-1,eyesopen,0,NS,56,250.0,61,1250,3,61,1250,data\sub-21\ses-1\eeg\sub-21_ses-1_task-eyesopen_eeg.set,2396
sub-21,ses-1,eyesopen,0,NS,57,250.0,61,1250,3,61,1250,data\sub-21\ses-1\eeg\sub-21_ses-1_task-eyesopen_eeg.set,2397
sub-21,ses-1,eyesopen,0,NS,58,250.0,61,1250,3,61,1250,data\sub-21\ses-1\eeg\sub-21_ses-1_task-eyesopen_eeg.set,2398
sub-21,ses-1,eyesopen,0,NS,59,250.0,61,1250,3,61,1250,data\sub-21\ses-1\eeg\sub-21_ses-1_task-eyesopen_eeg.set,2399
sub-21,ses-2,eyesopen,1,SD,0,250.0,61,1250,3,61,1250,data\sub-21\ses-2\eeg\sub-21_ses-2_task-eyesopen_eeg.set,2400
sub-21,ses-2,eyesopen,1,SD,1,250.0,61,1250,3,61,1250,data\sub-21\ses-2\eeg\sub-21_ses-2_task-eyesopen_eeg.set,2401
sub-21,ses-2,eyesopen,1,SD,2,250.0,61,1250,3,61,1250,data\sub-21\ses-2\eeg\sub-21_ses-2_task-eyesopen_eeg.set,2402
sub-21,ses-2,eyesopen,1,SD,3,250.0,61,1250,3,61,1250,data\sub-21\ses-2\eeg\sub-21_ses-2_task-eyesopen_eeg.set,2403
sub-21,ses-2,eyesopen,1,SD,4,250.0,61,1250,3,61,1250,data\sub-21\ses-2\eeg\sub-21_ses-2_task-eyesopen_eeg.set,2404
sub-21,ses-2,eyesopen,1,SD,5,250.0,61,1250,3,61,1250,data\sub-21\ses-2\eeg\sub-21_ses-2_task-eyesopen_eeg.set,2405
sub-21,ses-2,eyesopen,1,SD,6,250.0,61,1250,3,61,1250,data\sub-21\ses-2\eeg\sub-21_ses-2_task-eyesopen_eeg.set,2406
sub-21,ses-2,eyesopen,1,SD,7,250.0,61,1250,3,61,1250,data\sub-21\ses-2\eeg\sub-21_ses-2_task-eyesopen_eeg.set,2407
sub-21,ses-2,eyesopen,1,SD,8,250.0,61,1250,3,61,1250,data\sub-21\ses-2\eeg\sub-21_ses-2_task-eyesopen_eeg.set,2408
sub-21,ses-2,eyesopen,1,SD,9,250.0,61,1250,3,61,1250,data\sub-21\ses-2\eeg\sub-21_ses-2_task-eyesopen_eeg.set,2409
sub-21,ses-2,eyesopen,1,SD,10,250.0,61,1250,3,61,1250,data\sub-21\ses-2\eeg\sub-21_ses-2_task-eyesopen_eeg.set,2410
sub-21,ses-2,eyesopen,1,SD,11,250.0,61,1250,3,61,1250,data\sub-21\ses-2\eeg\sub-21_ses-2_task-eyesopen_eeg.set,2411
sub-21,ses-2,eyesopen,1,SD,12,250.0,61,1250,3,61,1250,data\sub-21\ses-2\eeg\sub-21_ses-2_task-eyesopen_eeg.set,2412
sub-21,ses-2,eyesopen,1,SD,13,250.0,61,1250,3,61,1250,data\sub-21\ses-2\eeg\sub-21_ses-2_task-eyesopen_eeg.set,2413
sub-21,ses-2,eyesopen,1,SD,14,250.0,61,1250,3,61,1250,data\sub-21\ses-2\eeg\sub-21_ses-2_task-eyesopen_eeg.set,2414
sub-21,ses-2,eyesopen,1,SD,15,250.0,61,1250,3,61,1250,data\sub-21\ses-2\eeg\sub-21_ses-2_task-eyesopen_eeg.set,2415
sub-21,ses-2,eyesopen,1,SD,16,250.0,61,1250,3,61,1250,data\sub-21\ses-2\eeg\sub-21_ses-2_task-eyesopen_eeg.set,2416
sub-21,ses-2,eyesopen,1,SD,17,250.0,61,1250,3,61,1250,data\sub-21\ses-2\eeg\sub-21_ses-2_task-eyesopen_eeg.set,2417
sub-21,ses-2,eyesopen,1,SD,18,250.0,61,1250,3,61,1250,data\sub-21\ses-2\eeg\sub-21_ses-2_task-eyesopen_eeg.set,2418
sub-21,ses-2,eyesopen,1,SD,19,250.0,61,1250,3,61,1250,data\sub-21\ses-2\eeg\sub-21_ses-2_task-eyesopen_eeg.set,2419
sub-21,ses-2,eyesopen,1,SD,20,250.0,61,1250,3,61,1250,data\sub-21\ses-2\eeg\sub-21_ses-2_task-eyesopen_eeg.set,2420
sub-21,ses-2,eyesopen,1,SD,21,250.0,61,1250,3,61,1250,data\sub-21\ses-2\eeg\sub-21_ses-2_task-eyesopen_eeg.set,2421
sub-21,ses-2,eyesopen,1,SD,22,250.0,61,1250,3,61,1250,data\sub-21\ses-2\eeg\sub-21_ses-2_task-eyesopen_eeg.set,2422
sub-21,ses-2,eyesopen,1,SD,23,250.0,61,1250,3,61,1250,data\sub-21\ses-2\eeg\sub-21_ses-2_task-eyesopen_eeg.set,2423
sub-21,ses-2,eyesopen,1,SD,24,250.0,61,1250,3,61,1250,data\sub-21\ses-2\eeg\sub-21_ses-2_task-eyesopen_eeg.set,2424
sub-21,ses-2,eyesopen,1,SD,25,250.0,61,1250,3,61,1250,data\sub-21\ses-2\eeg\sub-21_ses-2_task-eyesopen_eeg.set,2425
sub-21,ses-2,eyesopen,1,SD,26,250.0,61,1250,3,61,1250,data\sub-21\ses-2\eeg\sub-21_ses-2_task-eyesopen_eeg.set,2426
sub-21,ses-2,eyesopen,1,SD,27,250.0,61,1250,3,61,1250,data\sub-21\ses-2\eeg\sub-21_ses-2_task-eyesopen_eeg.set,2427
sub-21,ses-2,eyesopen,1,SD,28,250.0,61,1250,3,61,1250,data\sub-21\ses-2\eeg\sub-21_ses-2_task-eyesopen_eeg.set,2428
sub-21,ses-2,eyesopen,1,SD,29,250.0,61,1250,3,61,1250,data\sub-21\ses-2\eeg\sub-21_ses-2_task-eyesopen_eeg.set,2429
sub-21,ses-2,eyesopen,1,SD,30,250.0,61,1250,3,61,1250,data\sub-21\ses-2\eeg\sub-21_ses-2_task-eyesopen_eeg.set,2430
sub-21,ses-2,eyesopen,1,SD,31,250.0,61,1250,3,61,1250,data\sub-21\ses-2\eeg\sub-21_ses-2_task-eyesopen_eeg.set,2431
sub-21,ses-2,eyesopen,1,SD,32,250.0,61,1250,3,61,1250,data\sub-21\ses-2\eeg\sub-21_ses-2_task-eyesopen_eeg.set,2432
sub-21,ses-2,eyesopen,1,SD,33,250.0,61,1250,3,61,1250,data\sub-21\ses-2\eeg\sub-21_ses-2_task-eyesopen_eeg.set,2433
sub-21,ses-2,eyesopen,1,SD,34,250.0,61,1250,3,61,1250,data\sub-21\ses-2\eeg\sub-21_ses-2_task-eyesopen_eeg.set,2434
sub-21,ses-2,eyesopen,1,SD,35,250.0,61,1250,3,61,1250,data\sub-21\ses-2\eeg\sub-21_ses-2_task-eyesopen_eeg.set,2435
sub-21,ses-2,eyesopen,1,SD,36,250.0,61,1250,3,61,1250,data\sub-21\ses-2\eeg\sub-21_ses-2_task-eyesopen_eeg.set,2436
sub-21,ses-2,eyesopen,1,SD,37,250.0,61,1250,3,61,1250,data\sub-21\ses-2\eeg\sub-21_ses-2_task-eyesopen_eeg.set,2437
sub-21,ses-2,eyesopen,1,SD,38,250.0,61,1250,3,61,1250,data\sub-21\ses-2\eeg\sub-21_ses-2_task-eyesopen_eeg.set,2438
sub-21,ses-2,eyesopen,1,SD,39,250.0,61,1250,3,61,1250,data\sub-21\ses-2\eeg\sub-21_ses-2_task-eyesopen_eeg.set,2439
sub-21,ses-2,eyesopen,1,SD,40,250.0,61,1250,3,61,1250,data\sub-21\ses-2\eeg\sub-21_ses-2_task-eyesopen_eeg.set,2440
sub-21,ses-2,eyesopen,1,SD,41,250.0,61,1250,3,61,1250,data\sub-21\ses-2\eeg\sub-21_ses-2_task-eyesopen_eeg.set,2441
sub-21,ses-2,eyesopen,1,SD,42,250.0,61,1250,3,61,1250,data\sub-21\ses-2\eeg\sub-21_ses-2_task-eyesopen_eeg.set,2442
sub-21,ses-2,eyesopen,1,SD,43,250.0,61,1250,3,61,1250,data\sub-21\ses-2\eeg\sub-21_ses-2_task-eyesopen_eeg.set,2443
sub-21,ses-2,eyesopen,1,SD,44,250.0,61,1250,3,61,1250,data\sub-21\ses-2\eeg\sub-21_ses-2_task-eyesopen_eeg.set,2444
sub-21,ses-2,eyesopen,1,SD,45,250.0,61,1250,3,61,1250,data\sub-21\ses-2\eeg\sub-21_ses-2_task-eyesopen_eeg.set,2445
sub-21,ses-2,eyesopen,1,SD,46,250.0,61,1250,3,61,1250,data\sub-21\ses-2\eeg\sub-21_ses-2_task-eyesopen_eeg.set,2446
sub-21,ses-2,eyesopen,1,SD,47,250.0,61,1250,3,61,1250,data\sub-21\ses-2\eeg\sub-21_ses-2_task-eyesopen_eeg.set,2447
sub-21,ses-2,eyesopen,1,SD,48,250.0,61,1250,3,61,1250,data\sub-21\ses-2\eeg\sub-21_ses-2_task-eyesopen_eeg.set,2448
sub-21,ses-2,eyesopen,1,SD,49,250.0,61,1250,3,61,1250,data\sub-21\ses-2\eeg\sub-21_ses-2_task-eyesopen_eeg.set,2449
sub-21,ses-2,eyesopen,1,SD,50,250.0,61,1250,3,61,1250,data\sub-21\ses-2\eeg\sub-21_ses-2_task-eyesopen_eeg.set,2450
sub-21,ses-2,eyesopen,1,SD,51,250.0,61,1250,3,61,1250,data\sub-21\ses-2\eeg\sub-21_ses-2_task-eyesopen_eeg.set,2451
sub-21,ses-2,eyesopen,1,SD,52,250.0,61,1250,3,61,1250,data\sub-21\ses-2\eeg\sub-21_ses-2_task-eyesopen_eeg.set,2452
sub-21,ses-2,eyesopen,1,SD,53,250.0,61,1250,3,61,1250,data\sub-21\ses-2\eeg\sub-21_ses-2_task-eyesopen_eeg.set,2453
sub-21,ses-2,eyesopen,1,SD,54,250.0,61,1250,3,61,1250,data\sub-21\ses-2\eeg\sub-21_ses-2_task-eyesopen_eeg.set,2454
sub-21,ses-2,eyesopen,1,SD,55,250.0,61,1250,3,61,1250,data\sub-21\ses-2\eeg\sub-21_ses-2_task-eyesopen_eeg.set,2455
sub-21,ses-2,eyesopen,1,SD,56,250.0,61,1250,3,61,1250,data\sub-21\ses-2\eeg\sub-21_ses-2_task-eyesopen_eeg.set,2456
sub-21,ses-2,eyesopen,1,SD,57,250.0,61,1250,3,61,1250,data\sub-21\ses-2\eeg\sub-21_ses-2_task-eyesopen_eeg.set,2457
sub-21,ses-2,eyesopen,1,SD,58,250.0,61,1250,3,61,1250,data\sub-21\ses-2\eeg\sub-21_ses-2_task-eyesopen_eeg.set,2458
sub-21,ses-2,eyesopen,1,SD,59,250.0,61,1250,3,61,1250,data\sub-21\ses-2\eeg\sub-21_ses-2_task-eyesopen_eeg.set,2459
sub-22,ses-1,eyesopen,0,NS,0,250.0,61,1250,3,61,1250,data\sub-22\ses-1\eeg\sub-22_ses-1_task-eyesopen_eeg.set,2460
sub-22,ses-1,eyesopen,0,NS,1,250.0,61,1250,3,61,1250,data\sub-22\ses-1\eeg\sub-22_ses-1_task-eyesopen_eeg.set,2461
sub-22,ses-1,eyesopen,0,NS,2,250.0,61,1250,3,61,1250,data\sub-22\ses-1\eeg\sub-22_ses-1_task-eyesopen_eeg.set,2462
sub-22,ses-1,eyesopen,0,NS,3,250.0,61,1250,3,61,1250,data\sub-22\ses-1\eeg\sub-22_ses-1_task-eyesopen_eeg.set,2463
sub-22,ses-1,eyesopen,0,NS,4,250.0,61,1250,3,61,1250,data\sub-22\ses-1\eeg\sub-22_ses-1_task-eyesopen_eeg.set,2464
sub-22,ses-1,eyesopen,0,NS,5,250.0,61,1250,3,61,1250,data\sub-22\ses-1\eeg\sub-22_ses-1_task-eyesopen_eeg.set,2465
sub-22,ses-1,eyesopen,0,NS,6,250.0,61,1250,3,61,1250,data\sub-22\ses-1\eeg\sub-22_ses-1_task-eyesopen_eeg.set,2466
sub-22,ses-1,eyesopen,0,NS,7,250.0,61,1250,3,61,1250,data\sub-22\ses-1\eeg\sub-22_ses-1_task-eyesopen_eeg.set,2467
sub-22,ses-1,eyesopen,0,NS,8,250.0,61,1250,3,61,1250,data\sub-22\ses-1\eeg\sub-22_ses-1_task-eyesopen_eeg.set,2468
sub-22,ses-1,eyesopen,0,NS,9,250.0,61,1250,3,61,1250,data\sub-22\ses-1\eeg\sub-22_ses-1_task-eyesopen_eeg.set,2469
sub-22,ses-1,eyesopen,0,NS,10,250.0,61,1250,3,61,1250,data\sub-22\ses-1\eeg\sub-22_ses-1_task-eyesopen_eeg.set,2470
sub-22,ses-1,eyesopen,0,NS,11,250.0,61,1250,3,61,1250,data\sub-22\ses-1\eeg\sub-22_ses-1_task-eyesopen_eeg.set,2471
sub-22,ses-1,eyesopen,0,NS,12,250.0,61,1250,3,61,1250,data\sub-22\ses-1\eeg\sub-22_ses-1_task-eyesopen_eeg.set,2472
sub-22,ses-1,eyesopen,0,NS,13,250.0,61,1250,3,61,1250,data\sub-22\ses-1\eeg\sub-22_ses-1_task-eyesopen_eeg.set,2473
sub-22,ses-1,eyesopen,0,NS,14,250.0,61,1250,3,61,1250,data\sub-22\ses-1\eeg\sub-22_ses-1_task-eyesopen_eeg.set,2474
sub-22,ses-1,eyesopen,0,NS,15,250.0,61,1250,3,61,1250,data\sub-22\ses-1\eeg\sub-22_ses-1_task-eyesopen_eeg.set,2475
sub-22,ses-1,eyesopen,0,NS,16,250.0,61,1250,3,61,1250,data\sub-22\ses-1\eeg\sub-22_ses-1_task-eyesopen_eeg.set,2476
sub-22,ses-1,eyesopen,0,NS,17,250.0,61,1250,3,61,1250,data\sub-22\ses-1\eeg\sub-22_ses-1_task-eyesopen_eeg.set,2477
sub-22,ses-1,eyesopen,0,NS,18,250.0,61,1250,3,61,1250,data\sub-22\ses-1\eeg\sub-22_ses-1_task-eyesopen_eeg.set,2478
sub-22,ses-1,eyesopen,0,NS,19,250.0,61,1250,3,61,1250,data\sub-22\ses-1\eeg\sub-22_ses-1_task-eyesopen_eeg.set,2479
sub-22,ses-1,eyesopen,0,NS,20,250.0,61,1250,3,61,1250,data\sub-22\ses-1\eeg\sub-22_ses-1_task-eyesopen_eeg.set,2480
sub-22,ses-1,eyesopen,0,NS,21,250.0,61,1250,3,61,1250,data\sub-22\ses-1\eeg\sub-22_ses-1_task-eyesopen_eeg.set,2481
sub-22,ses-1,eyesopen,0,NS,22,250.0,61,1250,3,61,1250,data\sub-22\ses-1\eeg\sub-22_ses-1_task-eyesopen_eeg.set,2482
sub-22,ses-1,eyesopen,0,NS,23,250.0,61,1250,3,61,1250,data\sub-22\ses-1\eeg\sub-22_ses-1_task-eyesopen_eeg.set,2483
sub-22,ses-1,eyesopen,0,NS,24,250.0,61,1250,3,61,1250,data\sub-22\ses-1\eeg\sub-22_ses-1_task-eyesopen_eeg.set,2484
sub-22,ses-1,eyesopen,0,NS,25,250.0,61,1250,3,61,1250,data\sub-22\ses-1\eeg\sub-22_ses-1_task-eyesopen_eeg.set,2485
sub-22,ses-1,eyesopen,0,NS,26,250.0,61,1250,3,61,1250,data\sub-22\ses-1\eeg\sub-22_ses-1_task-eyesopen_eeg.set,2486
sub-22,ses-1,eyesopen,0,NS,27,250.0,61,1250,3,61,1250,data\sub-22\ses-1\eeg\sub-22_ses-1_task-eyesopen_eeg.set,2487
sub-22,ses-1,eyesopen,0,NS,28,250.0,61,1250,3,61,1250,data\sub-22\ses-1\eeg\sub-22_ses-1_task-eyesopen_eeg.set,2488
sub-22,ses-1,eyesopen,0,NS,29,250.0,61,1250,3,61,1250,data\sub-22\ses-1\eeg\sub-22_ses-1_task-eyesopen_eeg.set,2489
sub-22,ses-1,eyesopen,0,NS,30,250.0,61,1250,3,61,1250,data\sub-22\ses-1\eeg\sub-22_ses-1_task-eyesopen_eeg.set,2490
sub-22,ses-1,eyesopen,0,NS,31,250.0,61,1250,3,61,1250,data\sub-22\ses-1\eeg\sub-22_ses-1_task-eyesopen_eeg.set,2491
sub-22,ses-1,eyesopen,0,NS,32,250.0,61,1250,3,61,1250,data\sub-22\ses-1\eeg\sub-22_ses-1_task-eyesopen_eeg.set,2492
sub-22,ses-1,eyesopen,0,NS,33,250.0,61,1250,3,61,1250,data\sub-22\ses-1\eeg\sub-22_ses-1_task-eyesopen_eeg.set,2493
sub-22,ses-1,eyesopen,0,NS,34,250.0,61,1250,3,61,1250,data\sub-22\ses-1\eeg\sub-22_ses-1_task-eyesopen_eeg.set,2494
sub-22,ses-1,eyesopen,0,NS,35,250.0,61,1250,3,61,1250,data\sub-22\ses-1\eeg\sub-22_ses-1_task-eyesopen_eeg.set,2495
sub-22,ses-1,eyesopen,0,NS,36,250.0,61,1250,3,61,1250,data\sub-22\ses-1\eeg\sub-22_ses-1_task-eyesopen_eeg.set,2496
sub-22,ses-1,eyesopen,0,NS,37,250.0,61,1250,3,61,1250,data\sub-22\ses-1\eeg\sub-22_ses-1_task-eyesopen_eeg.set,2497
sub-22,ses-1,eyesopen,0,NS,38,250.0,61,1250,3,61,1250,data\sub-22\ses-1\eeg\sub-22_ses-1_task-eyesopen_eeg.set,2498
sub-22,ses-1,eyesopen,0,NS,39,250.0,61,1250,3,61,1250,data\sub-22\ses-1\eeg\sub-22_ses-1_task-eyesopen_eeg.set,2499
sub-22,ses-1,eyesopen,0,NS,40,250.0,61,1250,3,61,1250,data\sub-22\ses-1\eeg\sub-22_ses-1_task-eyesopen_eeg.set,2500
sub-22,ses-1,eyesopen,0,NS,41,250.0,61,1250,3,61,1250,data\sub-22\ses-1\eeg\sub-22_ses-1_task-eyesopen_eeg.set,2501
sub-22,ses-1,eyesopen,0,NS,42,250.0,61,1250,3,61,1250,data\sub-22\ses-1\eeg\sub-22_ses-1_task-eyesopen_eeg.set,2502
sub-22,ses-1,eyesopen,0,NS,43,250.0,61,1250,3,61,1250,data\sub-22\ses-1\eeg\sub-22_ses-1_task-eyesopen_eeg.set,2503
sub-22,ses-1,eyesopen,0,NS,44,250.0,61,1250,3,61,1250,data\sub-22\ses-1\eeg\sub-22_ses-1_task-eyesopen_eeg.set,2504
sub-22,ses-1,eyesopen,0,NS,45,250.0,61,1250,3,61,1250,data\sub-22\ses-1\eeg\sub-22_ses-1_task-eyesopen_eeg.set,2505
sub-22,ses-1,eyesopen,0,NS,46,250.0,61,1250,3,61,1250,data\sub-22\ses-1\eeg\sub-22_ses-1_task-eyesopen_eeg.set,2506
sub-22,ses-1,eyesopen,0,NS,47,250.0,61,1250,3,61,1250,data\sub-22\ses-1\eeg\sub-22_ses-1_task-eyesopen_eeg.set,2507
sub-22,ses-1,eyesopen,0,NS,48,250.0,61,1250,3,61,1250,data\sub-22\ses-1\eeg\sub-22_ses-1_task-eyesopen_eeg.set,2508
sub-22,ses-1,eyesopen,0,NS,49,250.0,61,1250,3,61,1250,data\sub-22\ses-1\eeg\sub-22_ses-1_task-eyesopen_eeg.set,2509
sub-22,ses-1,eyesopen,0,NS,50,250.0,61,1250,3,61,1250,data\sub-22\ses-1\eeg\sub-22_ses-1_task-eyesopen_eeg.set,2510
sub-22,ses-1,eyesopen,0,NS,51,250.0,61,1250,3,61,1250,data\sub-22\ses-1\eeg\sub-22_ses-1_task-eyesopen_eeg.set,2511
sub-22,ses-1,eyesopen,0,NS,52,250.0,61,1250,3,61,1250,data\sub-22\ses-1\eeg\sub-22_ses-1_task-eyesopen_eeg.set,2512
sub-22,ses-1,eyesopen,0,NS,53,250.0,61,1250,3,61,1250,data\sub-22\ses-1\eeg\sub-22_ses-1_task-eyesopen_eeg.set,2513
sub-22,ses-1,eyesopen,0,NS,54,250.0,61,1250,3,61,1250,data\sub-22\ses-1\eeg\sub-22_ses-1_task-eyesopen_eeg.set,2514
sub-22,ses-1,eyesopen,0,NS,55,250.0,61,1250,3,61,1250,data\sub-22\ses-1\eeg\sub-22_ses-1_task-eyesopen_eeg.set,2515
sub-22,ses-1,eyesopen,0,NS,56,250.0,61,1250,3,61,1250,data\sub-22\ses-1\eeg\sub-22_ses-1_task-eyesopen_eeg.set,2516
sub-22,ses-1,eyesopen,0,NS,57,250.0,61,1250,3,61,1250,data\sub-22\ses-1\eeg\sub-22_ses-1_task-eyesopen_eeg.set,2517
sub-22,ses-1,eyesopen,0,NS,58,250.0,61,1250,3,61,1250,data\sub-22\ses-1\eeg\sub-22_ses-1_task-eyesopen_eeg.set,2518
sub-22,ses-1,eyesopen,0,NS,59,250.0,61,1250,3,61,1250,data\sub-22\ses-1\eeg\sub-22_ses-1_task-eyesopen_eeg.set,2519
sub-22,ses-2,eyesopen,1,SD,0,250.0,61,1250,3,61,1250,data\sub-22\ses-2\eeg\sub-22_ses-2_task-eyesopen_eeg.set,2520
sub-22,ses-2,eyesopen,1,SD,1,250.0,61,1250,3,61,1250,data\sub-22\ses-2\eeg\sub-22_ses-2_task-eyesopen_eeg.set,2521
sub-22,ses-2,eyesopen,1,SD,2,250.0,61,1250,3,61,1250,data\sub-22\ses-2\eeg\sub-22_ses-2_task-eyesopen_eeg.set,2522
sub-22,ses-2,eyesopen,1,SD,3,250.0,61,1250,3,61,1250,data\sub-22\ses-2\eeg\sub-22_ses-2_task-eyesopen_eeg.set,2523
sub-22,ses-2,eyesopen,1,SD,4,250.0,61,1250,3,61,1250,data\sub-22\ses-2\eeg\sub-22_ses-2_task-eyesopen_eeg.set,2524
sub-22,ses-2,eyesopen,1,SD,5,250.0,61,1250,3,61,1250,data\sub-22\ses-2\eeg\sub-22_ses-2_task-eyesopen_eeg.set,2525
sub-22,ses-2,eyesopen,1,SD,6,250.0,61,1250,3,61,1250,data\sub-22\ses-2\eeg\sub-22_ses-2_task-eyesopen_eeg.set,2526
sub-22,ses-2,eyesopen,1,SD,7,250.0,61,1250,3,61,1250,data\sub-22\ses-2\eeg\sub-22_ses-2_task-eyesopen_eeg.set,2527
sub-22,ses-2,eyesopen,1,SD,8,250.0,61,1250,3,61,1250,data\sub-22\ses-2\eeg\sub-22_ses-2_task-eyesopen_eeg.set,2528
sub-22,ses-2,eyesopen,1,SD,9,250.0,61,1250,3,61,1250,data\sub-22\ses-2\eeg\sub-22_ses-2_task-eyesopen_eeg.set,2529
sub-22,ses-2,eyesopen,1,SD,10,250.0,61,1250,3,61,1250,data\sub-22\ses-2\eeg\sub-22_ses-2_task-eyesopen_eeg.set,2530
sub-22,ses-2,eyesopen,1,SD,11,250.0,61,1250,3,61,1250,data\sub-22\ses-2\eeg\sub-22_ses-2_task-eyesopen_eeg.set,2531
sub-22,ses-2,eyesopen,1,SD,12,250.0,61,1250,3,61,1250,data\sub-22\ses-2\eeg\sub-22_ses-2_task-eyesopen_eeg.set,2532
sub-22,ses-2,eyesopen,1,SD,13,250.0,61,1250,3,61,1250,data\sub-22\ses-2\eeg\sub-22_ses-2_task-eyesopen_eeg.set,2533
sub-22,ses-2,eyesopen,1,SD,14,250.0,61,1250,3,61,1250,data\sub-22\ses-2\eeg\sub-22_ses-2_task-eyesopen_eeg.set,2534
sub-22,ses-2,eyesopen,1,SD,15,250.0,61,1250,3,61,1250,data\sub-22\ses-2\eeg\sub-22_ses-2_task-eyesopen_eeg.set,2535
sub-22,ses-2,eyesopen,1,SD,16,250.0,61,1250,3,61,1250,data\sub-22\ses-2\eeg\sub-22_ses-2_task-eyesopen_eeg.set,2536
sub-22,ses-2,eyesopen,1,SD,17,250.0,61,1250,3,61,1250,data\sub-22\ses-2\eeg\sub-22_ses-2_task-eyesopen_eeg.set,2537
sub-22,ses-2,eyesopen,1,SD,18,250.0,61,1250,3,61,1250,data\sub-22\ses-2\eeg\sub-22_ses-2_task-eyesopen_eeg.set,2538
sub-22,ses-2,eyesopen,1,SD,19,250.0,61,1250,3,61,1250,data\sub-22\ses-2\eeg\sub-22_ses-2_task-eyesopen_eeg.set,2539
sub-22,ses-2,eyesopen,1,SD,20,250.0,61,1250,3,61,1250,data\sub-22\ses-2\eeg\sub-22_ses-2_task-eyesopen_eeg.set,2540
sub-22,ses-2,eyesopen,1,SD,21,250.0,61,1250,3,61,1250,data\sub-22\ses-2\eeg\sub-22_ses-2_task-eyesopen_eeg.set,2541
sub-22,ses-2,eyesopen,1,SD,22,250.0,61,1250,3,61,1250,data\sub-22\ses-2\eeg\sub-22_ses-2_task-eyesopen_eeg.set,2542
sub-22,ses-2,eyesopen,1,SD,23,250.0,61,1250,3,61,1250,data\sub-22\ses-2\eeg\sub-22_ses-2_task-eyesopen_eeg.set,2543
sub-22,ses-2,eyesopen,1,SD,24,250.0,61,1250,3,61,1250,data\sub-22\ses-2\eeg\sub-22_ses-2_task-eyesopen_eeg.set,2544
sub-22,ses-2,eyesopen,1,SD,25,250.0,61,1250,3,61,1250,data\sub-22\ses-2\eeg\sub-22_ses-2_task-eyesopen_eeg.set,2545
sub-22,ses-2,eyesopen,1,SD,26,250.0,61,1250,3,61,1250,data\sub-22\ses-2\eeg\sub-22_ses-2_task-eyesopen_eeg.set,2546
sub-22,ses-2,eyesopen,1,SD,27,250.0,61,1250,3,61,1250,data\sub-22\ses-2\eeg\sub-22_ses-2_task-eyesopen_eeg.set,2547
sub-22,ses-2,eyesopen,1,SD,28,250.0,61,1250,3,61,1250,data\sub-22\ses-2\eeg\sub-22_ses-2_task-eyesopen_eeg.set,2548
sub-22,ses-2,eyesopen,1,SD,29,250.0,61,1250,3,61,1250,data\sub-22\ses-2\eeg\sub-22_ses-2_task-eyesopen_eeg.set,2549
sub-22,ses-2,eyesopen,1,SD,30,250.0,61,1250,3,61,1250,data\sub-22\ses-2\eeg\sub-22_ses-2_task-eyesopen_eeg.set,2550
sub-22,ses-2,eyesopen,1,SD,31,250.0,61,1250,3,61,1250,data\sub-22\ses-2\eeg\sub-22_ses-2_task-eyesopen_eeg.set,2551
sub-22,ses-2,eyesopen,1,SD,32,250.0,61,1250,3,61,1250,data\sub-22\ses-2\eeg\sub-22_ses-2_task-eyesopen_eeg.set,2552
sub-22,ses-2,eyesopen,1,SD,33,250.0,61,1250,3,61,1250,data\sub-22\ses-2\eeg\sub-22_ses-2_task-eyesopen_eeg.set,2553
sub-22,ses-2,eyesopen,1,SD,34,250.0,61,1250,3,61,1250,data\sub-22\ses-2\eeg\sub-22_ses-2_task-eyesopen_eeg.set,2554
sub-22,ses-2,eyesopen,1,SD,35,250.0,61,1250,3,61,1250,data\sub-22\ses-2\eeg\sub-22_ses-2_task-eyesopen_eeg.set,2555
sub-22,ses-2,eyesopen,1,SD,36,250.0,61,1250,3,61,1250,data\sub-22\ses-2\eeg\sub-22_ses-2_task-eyesopen_eeg.set,2556
sub-22,ses-2,eyesopen,1,SD,37,250.0,61,1250,3,61,1250,data\sub-22\ses-2\eeg\sub-22_ses-2_task-eyesopen_eeg.set,2557
sub-22,ses-2,eyesopen,1,SD,38,250.0,61,1250,3,61,1250,data\sub-22\ses-2\eeg\sub-22_ses-2_task-eyesopen_eeg.set,2558
sub-22,ses-2,eyesopen,1,SD,39,250.0,61,1250,3,61,1250,data\sub-22\ses-2\eeg\sub-22_ses-2_task-eyesopen_eeg.set,2559
sub-22,ses-2,eyesopen,1,SD,40,250.0,61,1250,3,61,1250,data\sub-22\ses-2\eeg\sub-22_ses-2_task-eyesopen_eeg.set,2560
sub-22,ses-2,eyesopen,1,SD,41,250.0,61,1250,3,61,1250,data\sub-22\ses-2\eeg\sub-22_ses-2_task-eyesopen_eeg.set,2561
sub-22,ses-2,eyesopen,1,SD,42,250.0,61,1250,3,61,1250,data\sub-22\ses-2\eeg\sub-22_ses-2_task-eyesopen_eeg.set,2562
sub-22,ses-2,eyesopen,1,SD,43,250.0,61,1250,3,61,1250,data\sub-22\ses-2\eeg\sub-22_ses-2_task-eyesopen_eeg.set,2563
sub-22,ses-2,eyesopen,1,SD,44,250.0,61,1250,3,61,1250,data\sub-22\ses-2\eeg\sub-22_ses-2_task-eyesopen_eeg.set,2564
sub-22,ses-2,eyesopen,1,SD,45,250.0,61,1250,3,61,1250,data\sub-22\ses-2\eeg\sub-22_ses-2_task-eyesopen_eeg.set,2565
sub-22,ses-2,eyesopen,1,SD,46,250.0,61,1250,3,61,1250,data\sub-22\ses-2\eeg\sub-22_ses-2_task-eyesopen_eeg.set,2566
sub-22,ses-2,eyesopen,1,SD,47,250.0,61,1250,3,61,1250,data\sub-22\ses-2\eeg\sub-22_ses-2_task-eyesopen_eeg.set,2567
sub-22,ses-2,eyesopen,1,SD,48,250.0,61,1250,3,61,1250,data\sub-22\ses-2\eeg\sub-22_ses-2_task-eyesopen_eeg.set,2568
sub-22,ses-2,eyesopen,1,SD,49,250.0,61,1250,3,61,1250,data\sub-22\ses-2\eeg\sub-22_ses-2_task-eyesopen_eeg.set,2569
sub-22,ses-2,eyesopen,1,SD,50,250.0,61,1250,3,61,1250,data\sub-22\ses-2\eeg\sub-22_ses-2_task-eyesopen_eeg.set,2570
sub-22,ses-2,eyesopen,1,SD,51,250.0,61,1250,3,61,1250,data\sub-22\ses-2\eeg\sub-22_ses-2_task-eyesopen_eeg.set,2571
sub-22,ses-2,eyesopen,1,SD,52,250.0,61,1250,3,61,1250,data\sub-22\ses-2\eeg\sub-22_ses-2_task-eyesopen_eeg.set,2572
sub-22,ses-2,eyesopen,1,SD,53,250.0,61,1250,3,61,1250,data\sub-22\ses-2\eeg\sub-22_ses-2_task-eyesopen_eeg.set,2573
sub-22,ses-2,eyesopen,1,SD,54,250.0,61,1250,3,61,1250,data\sub-22\ses-2\eeg\sub-22_ses-2_task-eyesopen_eeg.set,2574
sub-22,ses-2,eyesopen,1,SD,55,250.0,61,1250,3,61,1250,data\sub-22\ses-2\eeg\sub-22_ses-2_task-eyesopen_eeg.set,2575
sub-22,ses-2,eyesopen,1,SD,56,250.0,61,1250,3,61,1250,data\sub-22\ses-2\eeg\sub-22_ses-2_task-eyesopen_eeg.set,2576
sub-22,ses-2,eyesopen,1,SD,57,250.0,61,1250,3,61,1250,data\sub-22\ses-2\eeg\sub-22_ses-2_task-eyesopen_eeg.set,2577
sub-22,ses-2,eyesopen,1,SD,58,250.0,61,1250,3,61,1250,data\sub-22\ses-2\eeg\sub-22_ses-2_task-eyesopen_eeg.set,2578
sub-22,ses-2,eyesopen,1,SD,59,250.0,61,1250,3,61,1250,data\sub-22\ses-2\eeg\sub-22_ses-2_task-eyesopen_eeg.set,2579
sub-24,ses-1,eyesopen,0,NS,0,250.0,61,1250,3,61,1250,data\sub-24\ses-1\eeg\sub-24_ses-1_task-eyesopen_eeg.set,2700
sub-24,ses-1,eyesopen,0,NS,1,250.0,61,1250,3,61,1250,data\sub-24\ses-1\eeg\sub-24_ses-1_task-eyesopen_eeg.set,2701
sub-24,ses-1,eyesopen,0,NS,2,250.0,61,1250,3,61,1250,data\sub-24\ses-1\eeg\sub-24_ses-1_task-eyesopen_eeg.set,2702
sub-24,ses-1,eyesopen,0,NS,3,250.0,61,1250,3,61,1250,data\sub-24\ses-1\eeg\sub-24_ses-1_task-eyesopen_eeg.set,2703
sub-24,ses-1,eyesopen,0,NS,4,250.0,61,1250,3,61,1250,data\sub-24\ses-1\eeg\sub-24_ses-1_task-eyesopen_eeg.set,2704
sub-24,ses-1,eyesopen,0,NS,5,250.0,61,1250,3,61,1250,data\sub-24\ses-1\eeg\sub-24_ses-1_task-eyesopen_eeg.set,2705
sub-24,ses-1,eyesopen,0,NS,6,250.0,61,1250,3,61,1250,data\sub-24\ses-1\eeg\sub-24_ses-1_task-eyesopen_eeg.set,2706
sub-24,ses-1,eyesopen,0,NS,7,250.0,61,1250,3,61,1250,data\sub-24\ses-1\eeg\sub-24_ses-1_task-eyesopen_eeg.set,2707
sub-24,ses-1,eyesopen,0,NS,8,250.0,61,1250,3,61,1250,data\sub-24\ses-1\eeg\sub-24_ses-1_task-eyesopen_eeg.set,2708
sub-24,ses-1,eyesopen,0,NS,9,250.0,61,1250,3,61,1250,data\sub-24\ses-1\eeg\sub-24_ses-1_task-eyesopen_eeg.set,2709
sub-24,ses-1,eyesopen,0,NS,10,250.0,61,1250,3,61,1250,data\sub-24\ses-1\eeg\sub-24_ses-1_task-eyesopen_eeg.set,2710
sub-24,ses-1,eyesopen,0,NS,11,250.0,61,1250,3,61,1250,data\sub-24\ses-1\eeg\sub-24_ses-1_task-eyesopen_eeg.set,2711
sub-24,ses-1,eyesopen,0,NS,12,250.0,61,1250,3,61,1250,data\sub-24\ses-1\eeg\sub-24_ses-1_task-eyesopen_eeg.set,2712
sub-24,ses-1,eyesopen,0,NS,13,250.0,61,1250,3,61,1250,data\sub-24\ses-1\eeg\sub-24_ses-1_task-eyesopen_eeg.set,2713
sub-24,ses-1,eyesopen,0,NS,14,250.0,61,1250,3,61,1250,data\sub-24\ses-1\eeg\sub-24_ses-1_task-eyesopen_eeg.set,2714
sub-24,ses-1,eyesopen,0,NS,15,250.0,61,1250,3,61,1250,data\sub-24\ses-1\eeg\sub-24_ses-1_task-eyesopen_eeg.set,2715
sub-24,ses-1,eyesopen,0,NS,16,250.0,61,1250,3,61,1250,data\sub-24\ses-1\eeg\sub-24_ses-1_task-eyesopen_eeg.set,2716
sub-24,ses-1,eyesopen,0,NS,17,250.0,61,1250,3,61,1250,data\sub-24\ses-1\eeg\sub-24_ses-1_task-eyesopen_eeg.set,2717
sub-24,ses-1,eyesopen,0,NS,18,250.0,61,1250,3,61,1250,data\sub-24\ses-1\eeg\sub-24_ses-1_task-eyesopen_eeg.set,2718
sub-24,ses-1,eyesopen,0,NS,19,250.0,61,1250,3,61,1250,data\sub-24\ses-1\eeg\sub-24_ses-1_task-eyesopen_eeg.set,2719
sub-24,ses-1,eyesopen,0,NS,20,250.0,61,1250,3,61,1250,data\sub-24\ses-1\eeg\sub-24_ses-1_task-eyesopen_eeg.set,2720
sub-24,ses-1,eyesopen,0,NS,21,250.0,61,1250,3,61,1250,data\sub-24\ses-1\eeg\sub-24_ses-1_task-eyesopen_eeg.set,2721
sub-24,ses-1,eyesopen,0,NS,22,250.0,61,1250,3,61,1250,data\sub-24\ses-1\eeg\sub-24_ses-1_task-eyesopen_eeg.set,2722
sub-24,ses-1,eyesopen,0,NS,23,250.0,61,1250,3,61,1250,data\sub-24\ses-1\eeg\sub-24_ses-1_task-eyesopen_eeg.set,2723
sub-24,ses-1,eyesopen,0,NS,24,250.0,61,1250,3,61,1250,data\sub-24\ses-1\eeg\sub-24_ses-1_task-eyesopen_eeg.set,2724
sub-24,ses-1,eyesopen,0,NS,25,250.0,61,1250,3,61,1250,data\sub-24\ses-1\eeg\sub-24_ses-1_task-eyesopen_eeg.set,2725
sub-24,ses-1,eyesopen,0,NS,26,250.0,61,1250,3,61,1250,data\sub-24\ses-1\eeg\sub-24_ses-1_task-eyesopen_eeg.set,2726
sub-24,ses-1,eyesopen,0,NS,27,250.0,61,1250,3,61,1250,data\sub-24\ses-1\eeg\sub-24_ses-1_task-eyesopen_eeg.set,2727
sub-24,ses-1,eyesopen,0,NS,28,250.0,61,1250,3,61,1250,data\sub-24\ses-1\eeg\sub-24_ses-1_task-eyesopen_eeg.set,2728
sub-24,ses-1,eyesopen,0,NS,29,250.0,61,1250,3,61,1250,data\sub-24\ses-1\eeg\sub-24_ses-1_task-eyesopen_eeg.set,2729
sub-24,ses-1,eyesopen,0,NS,30,250.0,61,1250,3,61,1250,data\sub-24\ses-1\eeg\sub-24_ses-1_task-eyesopen_eeg.set,2730
sub-24,ses-1,eyesopen,0,NS,31,250.0,61,1250,3,61,1250,data\sub-24\ses-1\eeg\sub-24_ses-1_task-eyesopen_eeg.set,2731
sub-24,ses-1,eyesopen,0,NS,32,250.0,61,1250,3,61,1250,data\sub-24\ses-1\eeg\sub-24_ses-1_task-eyesopen_eeg.set,2732
sub-24,ses-1,eyesopen,0,NS,33,250.0,61,1250,3,61,1250,data\sub-24\ses-1\eeg\sub-24_ses-1_task-eyesopen_eeg.set,2733
sub-24,ses-1,eyesopen,0,NS,34,250.0,61,1250,3,61,1250,data\sub-24\ses-1\eeg\sub-24_ses-1_task-eyesopen_eeg.set,2734
sub-24,ses-1,eyesopen,0,NS,35,250.0,61,1250,3,61,1250,data\sub-24\ses-1\eeg\sub-24_ses-1_task-eyesopen_eeg.set,2735
sub-24,ses-1,eyesopen,0,NS,36,250.0,61,1250,3,61,1250,data\sub-24\ses-1\eeg\sub-24_ses-1_task-eyesopen_eeg.set,2736
sub-24,ses-1,eyesopen,0,NS,37,250.0,61,1250,3,61,1250,data\sub-24\ses-1\eeg\sub-24_ses-1_task-eyesopen_eeg.set,2737
sub-24,ses-1,eyesopen,0,NS,38,250.0,61,1250,3,61,1250,data\sub-24\ses-1\eeg\sub-24_ses-1_task-eyesopen_eeg.set,2738
sub-24,ses-1,eyesopen,0,NS,39,250.0,61,1250,3,61,1250,data\sub-24\ses-1\eeg\sub-24_ses-1_task-eyesopen_eeg.set,2739
sub-24,ses-1,eyesopen,0,NS,40,250.0,61,1250,3,61,1250,data\sub-24\ses-1\eeg\sub-24_ses-1_task-eyesopen_eeg.set,2740
sub-24,ses-1,eyesopen,0,NS,41,250.0,61,1250,3,61,1250,data\sub-24\ses-1\eeg\sub-24_ses-1_task-eyesopen_eeg.set,2741
sub-24,ses-1,eyesopen,0,NS,42,250.0,61,1250,3,61,1250,data\sub-24\ses-1\eeg\sub-24_ses-1_task-eyesopen_eeg.set,2742
sub-24,ses-1,eyesopen,0,NS,43,250.0,61,1250,3,61,1250,data\sub-24\ses-1\eeg\sub-24_ses-1_task-eyesopen_eeg.set,2743
sub-24,ses-1,eyesopen,0,NS,44,250.0,61,1250,3,61,1250,data\sub-24\ses-1\eeg\sub-24_ses-1_task-eyesopen_eeg.set,2744
sub-24,ses-1,eyesopen,0,NS,45,250.0,61,1250,3,61,1250,data\sub-24\ses-1\eeg\sub-24_ses-1_task-eyesopen_eeg.set,2745
sub-24,ses-1,eyesopen,0,NS,46,250.0,61,1250,3,61,1250,data\sub-24\ses-1\eeg\sub-24_ses-1_task-eyesopen_eeg.set,2746
sub-24,ses-1,eyesopen,0,NS,47,250.0,61,1250,3,61,1250,data\sub-24\ses-1\eeg\sub-24_ses-1_task-eyesopen_eeg.set,2747
sub-24,ses-1,eyesopen,0,NS,48,250.0,61,1250,3,61,1250,data\sub-24\ses-1\eeg\sub-24_ses-1_task-eyesopen_eeg.set,2748
sub-24,ses-1,eyesopen,0,NS,49,250.0,61,1250,3,61,1250,data\sub-24\ses-1\eeg\sub-24_ses-1_task-eyesopen_eeg.set,2749
sub-24,ses-1,eyesopen,0,NS,50,250.0,61,1250,3,61,1250,data\sub-24\ses-1\eeg\sub-24_ses-1_task-eyesopen_eeg.set,2750
sub-24,ses-1,eyesopen,0,NS,51,250.0,61,1250,3,61,1250,data\sub-24\ses-1\eeg\sub-24_ses-1_task-eyesopen_eeg.set,2751
sub-24,ses-1,eyesopen,0,NS,52,250.0,61,1250,3,61,1250,data\sub-24\ses-1\eeg\sub-24_ses-1_task-eyesopen_eeg.set,2752
sub-24,ses-1,eyesopen,0,NS,53,250.0,61,1250,3,61,1250,data\sub-24\ses-1\eeg\sub-24_ses-1_task-eyesopen_eeg.set,2753
sub-24,ses-1,eyesopen,0,NS,54,250.0,61,1250,3,61,1250,data\sub-24\ses-1\eeg\sub-24_ses-1_task-eyesopen_eeg.set,2754
sub-24,ses-1,eyesopen,0,NS,55,250.0,61,1250,3,61,1250,data\sub-24\ses-1\eeg\sub-24_ses-1_task-eyesopen_eeg.set,2755
sub-24,ses-1,eyesopen,0,NS,56,250.0,61,1250,3,61,1250,data\sub-24\ses-1\eeg\sub-24_ses-1_task-eyesopen_eeg.set,2756
sub-24,ses-1,eyesopen,0,NS,57,250.0,61,1250,3,61,1250,data\sub-24\ses-1\eeg\sub-24_ses-1_task-eyesopen_eeg.set,2757
sub-24,ses-1,eyesopen,0,NS,58,250.0,61,1250,3,61,1250,data\sub-24\ses-1\eeg\sub-24_ses-1_task-eyesopen_eeg.set,2758
sub-24,ses-1,eyesopen,0,NS,59,250.0,61,1250,3,61,1250,data\sub-24\ses-1\eeg\sub-24_ses-1_task-eyesopen_eeg.set,2759
sub-24,ses-2,eyesopen,1,SD,0,250.0,61,1250,3,61,1250,data\sub-24\ses-2\eeg\sub-24_ses-2_task-eyesopen_eeg.set,2760
sub-24,ses-2,eyesopen,1,SD,1,250.0,61,1250,3,61,1250,data\sub-24\ses-2\eeg\sub-24_ses-2_task-eyesopen_eeg.set,2761
sub-24,ses-2,eyesopen,1,SD,2,250.0,61,1250,3,61,1250,data\sub-24\ses-2\eeg\sub-24_ses-2_task-eyesopen_eeg.set,2762
sub-24,ses-2,eyesopen,1,SD,3,250.0,61,1250,3,61,1250,data\sub-24\ses-2\eeg\sub-24_ses-2_task-eyesopen_eeg.set,2763
sub-24,ses-2,eyesopen,1,SD,4,250.0,61,1250,3,61,1250,data\sub-24\ses-2\eeg\sub-24_ses-2_task-eyesopen_eeg.set,2764
sub-24,ses-2,eyesopen,1,SD,5,250.0,61,1250,3,61,1250,data\sub-24\ses-2\eeg\sub-24_ses-2_task-eyesopen_eeg.set,2765
sub-24,ses-2,eyesopen,1,SD,6,250.0,61,1250,3,61,1250,data\sub-24\ses-2\eeg\sub-24_ses-2_task-eyesopen_eeg.set,2766
sub-24,ses-2,eyesopen,1,SD,7,250.0,61,1250,3,61,1250,data\sub-24\ses-2\eeg\sub-24_ses-2_task-eyesopen_eeg.set,2767
sub-24,ses-2,eyesopen,1,SD,8,250.0,61,1250,3,61,1250,data\sub-24\ses-2\eeg\sub-24_ses-2_task-eyesopen_eeg.set,2768
sub-24,ses-2,eyesopen,1,SD,9,250.0,61,1250,3,61,1250,data\sub-24\ses-2\eeg\sub-24_ses-2_task-eyesopen_eeg.set,2769
sub-24,ses-2,eyesopen,1,SD,10,250.0,61,1250,3,61,1250,data\sub-24\ses-2\eeg\sub-24_ses-2_task-eyesopen_eeg.set,2770
sub-24,ses-2,eyesopen,1,SD,11,250.0,61,1250,3,61,1250,data\sub-24\ses-2\eeg\sub-24_ses-2_task-eyesopen_eeg.set,2771
sub-24,ses-2,eyesopen,1,SD,12,250.0,61,1250,3,61,1250,data\sub-24\ses-2\eeg\sub-24_ses-2_task-eyesopen_eeg.set,2772
sub-24,ses-2,eyesopen,1,SD,13,250.0,61,1250,3,61,1250,data\sub-24\ses-2\eeg\sub-24_ses-2_task-eyesopen_eeg.set,2773
sub-24,ses-2,eyesopen,1,SD,14,250.0,61,1250,3,61,1250,data\sub-24\ses-2\eeg\sub-24_ses-2_task-eyesopen_eeg.set,2774
sub-24,ses-2,eyesopen,1,SD,15,250.0,61,1250,3,61,1250,data\sub-24\ses-2\eeg\sub-24_ses-2_task-eyesopen_eeg.set,2775
sub-24,ses-2,eyesopen,1,SD,16,250.0,61,1250,3,61,1250,data\sub-24\ses-2\eeg\sub-24_ses-2_task-eyesopen_eeg.set,2776
sub-24,ses-2,eyesopen,1,SD,17,250.0,61,1250,3,61,1250,data\sub-24\ses-2\eeg\sub-24_ses-2_task-eyesopen_eeg.set,2777
sub-24,ses-2,eyesopen,1,SD,18,250.0,61,1250,3,61,1250,data\sub-24\ses-2\eeg\sub-24_ses-2_task-eyesopen_eeg.set,2778
sub-24,ses-2,eyesopen,1,SD,19,250.0,61,1250,3,61,1250,data\sub-24\ses-2\eeg\sub-24_ses-2_task-eyesopen_eeg.set,2779
sub-24,ses-2,eyesopen,1,SD,20,250.0,61,1250,3,61,1250,data\sub-24\ses-2\eeg\sub-24_ses-2_task-eyesopen_eeg.set,2780
sub-24,ses-2,eyesopen,1,SD,21,250.0,61,1250,3,61,1250,data\sub-24\ses-2\eeg\sub-24_ses-2_task-eyesopen_eeg.set,2781
sub-24,ses-2,eyesopen,1,SD,22,250.0,61,1250,3,61,1250,data\sub-24\ses-2\eeg\sub-24_ses-2_task-eyesopen_eeg.set,2782
sub-24,ses-2,eyesopen,1,SD,23,250.0,61,1250,3,61,1250,data\sub-24\ses-2\eeg\sub-24_ses-2_task-eyesopen_eeg.set,2783
sub-24,ses-2,eyesopen,1,SD,24,250.0,61,1250,3,61,1250,data\sub-24\ses-2\eeg\sub-24_ses-2_task-eyesopen_eeg.set,2784
sub-24,ses-2,eyesopen,1,SD,25,250.0,61,1250,3,61,1250,data\sub-24\ses-2\eeg\sub-24_ses-2_task-eyesopen_eeg.set,2785
sub-24,ses-2,eyesopen,1,SD,26,250.0,61,1250,3,61,1250,data\sub-24\ses-2\eeg\sub-24_ses-2_task-eyesopen_eeg.set,2786
sub-24,ses-2,eyesopen,1,SD,27,250.0,61,1250,3,61,1250,data\sub-24\ses-2\eeg\sub-24_ses-2_task-eyesopen_eeg.set,2787
sub-24,ses-2,eyesopen,1,SD,28,250.0,61,1250,3,61,1250,data\sub-24\ses-2\eeg\sub-24_ses-2_task-eyesopen_eeg.set,2788
sub-24,ses-2,eyesopen,1,SD,29,250.0,61,1250,3,61,1250,data\sub-24\ses-2\eeg\sub-24_ses-2_task-eyesopen_eeg.set,2789
sub-24,ses-2,eyesopen,1,SD,30,250.0,61,1250,3,61,1250,data\sub-24\ses-2\eeg\sub-24_ses-2_task-eyesopen_eeg.set,2790
sub-24,ses-2,eyesopen,1,SD,31,250.0,61,1250,3,61,1250,data\sub-24\ses-2\eeg\sub-24_ses-2_task-eyesopen_eeg.set,2791
sub-24,ses-2,eyesopen,1,SD,32,250.0,61,1250,3,61,1250,data\sub-24\ses-2\eeg\sub-24_ses-2_task-eyesopen_eeg.set,2792
sub-24,ses-2,eyesopen,1,SD,33,250.0,61,1250,3,61,1250,data\sub-24\ses-2\eeg\sub-24_ses-2_task-eyesopen_eeg.set,2793
sub-24,ses-2,eyesopen,1,SD,34,250.0,61,1250,3,61,1250,data\sub-24\ses-2\eeg\sub-24_ses-2_task-eyesopen_eeg.set,2794
sub-24,ses-2,eyesopen,1,SD,35,250.0,61,1250,3,61,1250,data\sub-24\ses-2\eeg\sub-24_ses-2_task-eyesopen_eeg.set,2795
sub-24,ses-2,eyesopen,1,SD,36,250.0,61,1250,3,61,1250,data\sub-24\ses-2\eeg\sub-24_ses-2_task-eyesopen_eeg.set,2796
sub-24,ses-2,eyesopen,1,SD,37,250.0,61,1250,3,61,1250,data\sub-24\ses-2\eeg\sub-24_ses-2_task-eyesopen_eeg.set,2797
sub-24,ses-2,eyesopen,1,SD,38,250.0,61,1250,3,61,1250,data\sub-24\ses-2\eeg\sub-24_ses-2_task-eyesopen_eeg.set,2798
sub-24,ses-2,eyesopen,1,SD,39,250.0,61,1250,3,61,1250,data\sub-24\ses-2\eeg\sub-24_ses-2_task-eyesopen_eeg.set,2799
sub-24,ses-2,eyesopen,1,SD,40,250.0,61,1250,3,61,1250,data\sub-24\ses-2\eeg\sub-24_ses-2_task-eyesopen_eeg.set,2800
sub-24,ses-2,eyesopen,1,SD,41,250.0,61,1250,3,61,1250,data\sub-24\ses-2\eeg\sub-24_ses-2_task-eyesopen_eeg.set,2801
sub-24,ses-2,eyesopen,1,SD,42,250.0,61,1250,3,61,1250,data\sub-24\ses-2\eeg\sub-24_ses-2_task-eyesopen_eeg.set,2802
sub-24,ses-2,eyesopen,1,SD,43,250.0,61,1250,3,61,1250,data\sub-24\ses-2\eeg\sub-24_ses-2_task-eyesopen_eeg.set,2803
sub-24,ses-2,eyesopen,1,SD,44,250.0,61,1250,3,61,1250,data\sub-24\ses-2\eeg\sub-24_ses-2_task-eyesopen_eeg.set,2804
sub-24,ses-2,eyesopen,1,SD,45,250.0,61,1250,3,61,1250,data\sub-24\ses-2\eeg\sub-24_ses-2_task-eyesopen_eeg.set,2805
sub-24,ses-2,eyesopen,1,SD,46,250.0,61,1250,3,61,1250,data\sub-24\ses-2\eeg\sub-24_ses-2_task-eyesopen_eeg.set,2806
sub-24,ses-2,eyesopen,1,SD,47,250.0,61,1250,3,61,1250,data\sub-24\ses-2\eeg\sub-24_ses-2_task-eyesopen_eeg.set,2807
sub-24,ses-2,eyesopen,1,SD,48,250.0,61,1250,3,61,1250,data\sub-24\ses-2\eeg\sub-24_ses-2_task-eyesopen_eeg.set,2808
sub-24,ses-2,eyesopen,1,SD,49,250.0,61,1250,3,61,1250,data\sub-24\ses-2\eeg\sub-24_ses-2_task-eyesopen_eeg.set,2809
sub-24,ses-2,eyesopen,1,SD,50,250.0,61,1250,3,61,1250,data\sub-24\ses-2\eeg\sub-24_ses-2_task-eyesopen_eeg.set,2810
sub-24,ses-2,eyesopen,1,SD,51,250.0,61,1250,3,61,1250,data\sub-24\ses-2\eeg\sub-24_ses-2_task-eyesopen_eeg.set,2811
sub-24,ses-2,eyesopen,1,SD,52,250.0,61,1250,3,61,1250,data\sub-24\ses-2\eeg\sub-24_ses-2_task-eyesopen_eeg.set,2812
sub-24,ses-2,eyesopen,1,SD,53,250.0,61,1250,3,61,1250,data\sub-24\ses-2\eeg\sub-24_ses-2_task-eyesopen_eeg.set,2813
sub-24,ses-2,eyesopen,1,SD,54,250.0,61,1250,3,61,1250,data\sub-24\ses-2\eeg\sub-24_ses-2_task-eyesopen_eeg.set,2814
sub-24,ses-2,eyesopen,1,SD,55,250.0,61,1250,3,61,1250,data\sub-24\ses-2\eeg\sub-24_ses-2_task-eyesopen_eeg.set,2815
sub-24,ses-2,eyesopen,1,SD,56,250.0,61,1250,3,61,1250,data\sub-24\ses-2\eeg\sub-24_ses-2_task-eyesopen_eeg.set,2816
sub-24,ses-2,eyesopen,1,SD,57,250.0,61,1250,3,61,1250,data\sub-24\ses-2\eeg\sub-24_ses-2_task-eyesopen_eeg.set,2817
sub-24,ses-2,eyesopen,1,SD,58,250.0,61,1250,3,61,1250,data\sub-24\ses-2\eeg\sub-24_ses-2_task-eyesopen_eeg.set,2818
sub-24,ses-2,eyesopen,1,SD,59,250.0,61,1250,3,61,1250,data\sub-24\ses-2\eeg\sub-24_ses-2_task-eyesopen_eeg.set,2819
sub-25,ses-1,eyesopen,0,NS,0,250.0,61,1250,3,61,1250,data\sub-25\ses-1\eeg\sub-25_ses-1_task-eyesopen_eeg.set,2820
sub-25,ses-1,eyesopen,0,NS,1,250.0,61,1250,3,61,1250,data\sub-25\ses-1\eeg\sub-25_ses-1_task-eyesopen_eeg.set,2821
sub-25,ses-1,eyesopen,0,NS,2,250.0,61,1250,3,61,1250,data\sub-25\ses-1\eeg\sub-25_ses-1_task-eyesopen_eeg.set,2822
sub-25,ses-1,eyesopen,0,NS,3,250.0,61,1250,3,61,1250,data\sub-25\ses-1\eeg\sub-25_ses-1_task-eyesopen_eeg.set,2823
sub-25,ses-1,eyesopen,0,NS,4,250.0,61,1250,3,61,1250,data\sub-25\ses-1\eeg\sub-25_ses-1_task-eyesopen_eeg.set,2824
sub-25,ses-1,eyesopen,0,NS,5,250.0,61,1250,3,61,1250,data\sub-25\ses-1\eeg\sub-25_ses-1_task-eyesopen_eeg.set,2825
sub-25,ses-1,eyesopen,0,NS,6,250.0,61,1250,3,61,1250,data\sub-25\ses-1\eeg\sub-25_ses-1_task-eyesopen_eeg.set,2826
sub-25,ses-1,eyesopen,0,NS,7,250.0,61,1250,3,61,1250,data\sub-25\ses-1\eeg\sub-25_ses-1_task-eyesopen_eeg.set,2827
sub-25,ses-1,eyesopen,0,NS,8,250.0,61,1250,3,61,1250,data\sub-25\ses-1\eeg\sub-25_ses-1_task-eyesopen_eeg.set,2828
sub-25,ses-1,eyesopen,0,NS,9,250.0,61,1250,3,61,1250,data\sub-25\ses-1\eeg\sub-25_ses-1_task-eyesopen_eeg.set,2829
sub-25,ses-1,eyesopen,0,NS,10,250.0,61,1250,3,61,1250,data\sub-25\ses-1\eeg\sub-25_ses-1_task-eyesopen_eeg.set,2830
sub-25,ses-1,eyesopen,0,NS,11,250.0,61,1250,3,61,1250,data\sub-25\ses-1\eeg\sub-25_ses-1_task-eyesopen_eeg.set,2831
sub-25,ses-1,eyesopen,0,NS,12,250.0,61,1250,3,61,1250,data\sub-25\ses-1\eeg\sub-25_ses-1_task-eyesopen_eeg.set,2832
sub-25,ses-1,eyesopen,0,NS,13,250.0,61,1250,3,61,1250,data\sub-25\ses-1\eeg\sub-25_ses-1_task-eyesopen_eeg.set,2833
sub-25,ses-1,eyesopen,0,NS,14,250.0,61,1250,3,61,1250,data\sub-25\ses-1\eeg\sub-25_ses-1_task-eyesopen_eeg.set,2834
sub-25,ses-1,eyesopen,0,NS,15,250.0,61,1250,3,61,1250,data\sub-25\ses-1\eeg\sub-25_ses-1_task-eyesopen_eeg.set,2835
sub-25,ses-1,eyesopen,0,NS,16,250.0,61,1250,3,61,1250,data\sub-25\ses-1\eeg\sub-25_ses-1_task-eyesopen_eeg.set,2836
sub-25,ses-1,eyesopen,0,NS,17,250.0,61,1250,3,61,1250,data\sub-25\ses-1\eeg\sub-25_ses-1_task-eyesopen_eeg.set,2837
sub-25,ses-1,eyesopen,0,NS,18,250.0,61,1250,3,61,1250,data\sub-25\ses-1\eeg\sub-25_ses-1_task-eyesopen_eeg.set,2838
sub-25,ses-1,eyesopen,0,NS,19,250.0,61,1250,3,61,1250,data\sub-25\ses-1\eeg\sub-25_ses-1_task-eyesopen_eeg.set,2839
sub-25,ses-1,eyesopen,0,NS,20,250.0,61,1250,3,61,1250,data\sub-25\ses-1\eeg\sub-25_ses-1_task-eyesopen_eeg.set,2840
sub-25,ses-1,eyesopen,0,NS,21,250.0,61,1250,3,61,1250,data\sub-25\ses-1\eeg\sub-25_ses-1_task-eyesopen_eeg.set,2841
sub-25,ses-1,eyesopen,0,NS,22,250.0,61,1250,3,61,1250,data\sub-25\ses-1\eeg\sub-25_ses-1_task-eyesopen_eeg.set,2842
sub-25,ses-1,eyesopen,0,NS,23,250.0,61,1250,3,61,1250,data\sub-25\ses-1\eeg\sub-25_ses-1_task-eyesopen_eeg.set,2843
sub-25,ses-1,eyesopen,0,NS,24,250.0,61,1250,3,61,1250,data\sub-25\ses-1\eeg\sub-25_ses-1_task-eyesopen_eeg.set,2844
sub-25,ses-1,eyesopen,0,NS,25,250.0,61,1250,3,61,1250,data\sub-25\ses-1\eeg\sub-25_ses-1_task-eyesopen_eeg.set,2845
sub-25,ses-1,eyesopen,0,NS,26,250.0,61,1250,3,61,1250,data\sub-25\ses-1\eeg\sub-25_ses-1_task-eyesopen_eeg.set,2846
sub-25,ses-1,eyesopen,0,NS,27,250.0,61,1250,3,61,1250,data\sub-25\ses-1\eeg\sub-25_ses-1_task-eyesopen_eeg.set,2847
sub-25,ses-1,eyesopen,0,NS,28,250.0,61,1250,3,61,1250,data\sub-25\ses-1\eeg\sub-25_ses-1_task-eyesopen_eeg.set,2848
sub-25,ses-1,eyesopen,0,NS,29,250.0,61,1250,3,61,1250,data\sub-25\ses-1\eeg\sub-25_ses-1_task-eyesopen_eeg.set,2849
sub-25,ses-1,eyesopen,0,NS,30,250.0,61,1250,3,61,1250,data\sub-25\ses-1\eeg\sub-25_ses-1_task-eyesopen_eeg.set,2850
sub-25,ses-1,eyesopen,0,NS,31,250.0,61,1250,3,61,1250,data\sub-25\ses-1\eeg\sub-25_ses-1_task-eyesopen_eeg.set,2851
sub-25,ses-1,eyesopen,0,NS,32,250.0,61,1250,3,61,1250,data\sub-25\ses-1\eeg\sub-25_ses-1_task-eyesopen_eeg.set,2852
sub-25,ses-1,eyesopen,0,NS,33,250.0,61,1250,3,61,1250,data\sub-25\ses-1\eeg\sub-25_ses-1_task-eyesopen_eeg.set,2853
sub-25,ses-1,eyesopen,0,NS,34,250.0,61,1250,3,61,1250,data\sub-25\ses-1\eeg\sub-25_ses-1_task-eyesopen_eeg.set,2854
sub-25,ses-1,eyesopen,0,NS,35,250.0,61,1250,3,61,1250,data\sub-25\ses-1\eeg\sub-25_ses-1_task-eyesopen_eeg.set,2855
sub-25,ses-1,eyesopen,0,NS,36,250.0,61,1250,3,61,1250,data\sub-25\ses-1\eeg\sub-25_ses-1_task-eyesopen_eeg.set,2856
sub-25,ses-1,eyesopen,0,NS,37,250.0,61,1250,3,61,1250,data\sub-25\ses-1\eeg\sub-25_ses-1_task-eyesopen_eeg.set,2857
sub-25,ses-1,eyesopen,0,NS,38,250.0,61,1250,3,61,1250,data\sub-25\ses-1\eeg\sub-25_ses-1_task-eyesopen_eeg.set,2858
sub-25,ses-1,eyesopen,0,NS,39,250.0,61,1250,3,61,1250,data\sub-25\ses-1\eeg\sub-25_ses-1_task-eyesopen_eeg.set,2859
sub-25,ses-1,eyesopen,0,NS,40,250.0,61,1250,3,61,1250,data\sub-25\ses-1\eeg\sub-25_ses-1_task-eyesopen_eeg.set,2860
sub-25,ses-1,eyesopen,0,NS,41,250.0,61,1250,3,61,1250,data\sub-25\ses-1\eeg\sub-25_ses-1_task-eyesopen_eeg.set,2861
sub-25,ses-1,eyesopen,0,NS,42,250.0,61,1250,3,61,1250,data\sub-25\ses-1\eeg\sub-25_ses-1_task-eyesopen_eeg.set,2862
sub-25,ses-1,eyesopen,0,NS,43,250.0,61,1250,3,61,1250,data\sub-25\ses-1\eeg\sub-25_ses-1_task-eyesopen_eeg.set,2863
sub-25,ses-1,eyesopen,0,NS,44,250.0,61,1250,3,61,1250,data\sub-25\ses-1\eeg\sub-25_ses-1_task-eyesopen_eeg.set,2864
sub-25,ses-1,eyesopen,0,NS,45,250.0,61,1250,3,61,1250,data\sub-25\ses-1\eeg\sub-25_ses-1_task-eyesopen_eeg.set,2865
sub-25,ses-1,eyesopen,0,NS,46,250.0,61,1250,3,61,1250,data\sub-25\ses-1\eeg\sub-25_ses-1_task-eyesopen_eeg.set,2866
sub-25,ses-1,eyesopen,0,NS,47,250.0,61,1250,3,61,1250,data\sub-25\ses-1\eeg\sub-25_ses-1_task-eyesopen_eeg.set,2867
sub-25,ses-1,eyesopen,0,NS,48,250.0,61,1250,3,61,1250,data\sub-25\ses-1\eeg\sub-25_ses-1_task-eyesopen_eeg.set,2868
sub-25,ses-1,eyesopen,0,NS,49,250.0,61,1250,3,61,1250,data\sub-25\ses-1\eeg\sub-25_ses-1_task-eyesopen_eeg.set,2869
sub-25,ses-1,eyesopen,0,NS,50,250.0,61,1250,3,61,1250,data\sub-25\ses-1\eeg\sub-25_ses-1_task-eyesopen_eeg.set,2870
sub-25,ses-1,eyesopen,0,NS,51,250.0,61,1250,3,61,1250,data\sub-25\ses-1\eeg\sub-25_ses-1_task-eyesopen_eeg.set,2871
sub-25,ses-1,eyesopen,0,NS,52,250.0,61,1250,3,61,1250,data\sub-25\ses-1\eeg\sub-25_ses-1_task-eyesopen_eeg.set,2872
sub-25,ses-1,eyesopen,0,NS,53,250.0,61,1250,3,61,1250,data\sub-25\ses-1\eeg\sub-25_ses-1_task-eyesopen_eeg.set,2873
sub-25,ses-1,eyesopen,0,NS,54,250.0,61,1250,3,61,1250,data\sub-25\ses-1\eeg\sub-25_ses-1_task-eyesopen_eeg.set,2874
sub-25,ses-1,eyesopen,0,NS,55,250.0,61,1250,3,61,1250,data\sub-25\ses-1\eeg\sub-25_ses-1_task-eyesopen_eeg.set,2875
sub-25,ses-1,eyesopen,0,NS,56,250.0,61,1250,3,61,1250,data\sub-25\ses-1\eeg\sub-25_ses-1_task-eyesopen_eeg.set,2876
sub-25,ses-1,eyesopen,0,NS,57,250.0,61,1250,3,61,1250,data\sub-25\ses-1\eeg\sub-25_ses-1_task-eyesopen_eeg.set,2877
sub-25,ses-1,eyesopen,0,NS,58,250.0,61,1250,3,61,1250,data\sub-25\ses-1\eeg\sub-25_ses-1_task-eyesopen_eeg.set,2878
sub-25,ses-1,eyesopen,0,NS,59,250.0,61,1250,3,61,1250,data\sub-25\ses-1\eeg\sub-25_ses-1_task-eyesopen_eeg.set,2879
sub-25,ses-2,eyesopen,1,SD,0,250.0,61,1250,3,61,1250,data\sub-25\ses-2\eeg\sub-25_ses-2_task-eyesopen_eeg.set,2880
sub-25,ses-2,eyesopen,1,SD,1,250.0,61,1250,3,61,1250,data\sub-25\ses-2\eeg\sub-25_ses-2_task-eyesopen_eeg.set,2881
sub-25,ses-2,eyesopen,1,SD,2,250.0,61,1250,3,61,1250,data\sub-25\ses-2\eeg\sub-25_ses-2_task-eyesopen_eeg.set,2882
sub-25,ses-2,eyesopen,1,SD,3,250.0,61,1250,3,61,1250,data\sub-25\ses-2\eeg\sub-25_ses-2_task-eyesopen_eeg.set,2883
sub-25,ses-2,eyesopen,1,SD,4,250.0,61,1250,3,61,1250,data\sub-25\ses-2\eeg\sub-25_ses-2_task-eyesopen_eeg.set,2884
sub-25,ses-2,eyesopen,1,SD,5,250.0,61,1250,3,61,1250,data\sub-25\ses-2\eeg\sub-25_ses-2_task-eyesopen_eeg.set,2885
sub-25,ses-2,eyesopen,1,SD,6,250.0,61,1250,3,61,1250,data\sub-25\ses-2\eeg\sub-25_ses-2_task-eyesopen_eeg.set,2886
sub-25,ses-2,eyesopen,1,SD,7,250.0,61,1250,3,61,1250,data\sub-25\ses-2\eeg\sub-25_ses-2_task-eyesopen_eeg.set,2887
sub-25,ses-2,eyesopen,1,SD,8,250.0,61,1250,3,61,1250,data\sub-25\ses-2\eeg\sub-25_ses-2_task-eyesopen_eeg.set,2888
sub-25,ses-2,eyesopen,1,SD,9,250.0,61,1250,3,61,1250,data\sub-25\ses-2\eeg\sub-25_ses-2_task-eyesopen_eeg.set,2889
sub-25,ses-2,eyesopen,1,SD,10,250.0,61,1250,3,61,1250,data\sub-25\ses-2\eeg\sub-25_ses-2_task-eyesopen_eeg.set,2890
sub-25,ses-2,eyesopen,1,SD,11,250.0,61,1250,3,61,1250,data\sub-25\ses-2\eeg\sub-25_ses-2_task-eyesopen_eeg.set,2891
sub-25,ses-2,eyesopen,1,SD,12,250.0,61,1250,3,61,1250,data\sub-25\ses-2\eeg\sub-25_ses-2_task-eyesopen_eeg.set,2892
sub-25,ses-2,eyesopen,1,SD,13,250.0,61,1250,3,61,1250,data\sub-25\ses-2\eeg\sub-25_ses-2_task-eyesopen_eeg.set,2893
sub-25,ses-2,eyesopen,1,SD,14,250.0,61,1250,3,61,1250,data\sub-25\ses-2\eeg\sub-25_ses-2_task-eyesopen_eeg.set,2894
sub-25,ses-2,eyesopen,1,SD,15,250.0,61,1250,3,61,1250,data\sub-25\ses-2\eeg\sub-25_ses-2_task-eyesopen_eeg.set,2895
sub-25,ses-2,eyesopen,1,SD,16,250.0,61,1250,3,61,1250,data\sub-25\ses-2\eeg\sub-25_ses-2_task-eyesopen_eeg.set,2896
sub-25,ses-2,eyesopen,1,SD,17,250.0,61,1250,3,61,1250,data\sub-25\ses-2\eeg\sub-25_ses-2_task-eyesopen_eeg.set,2897
sub-25,ses-2,eyesopen,1,SD,18,250.0,61,1250,3,61,1250,data\sub-25\ses-2\eeg\sub-25_ses-2_task-eyesopen_eeg.set,2898
sub-25,ses-2,eyesopen,1,SD,19,250.0,61,1250,3,61,1250,data\sub-25\ses-2\eeg\sub-25_ses-2_task-eyesopen_eeg.set,2899
sub-25,ses-2,eyesopen,1,SD,20,250.0,61,1250,3,61,1250,data\sub-25\ses-2\eeg\sub-25_ses-2_task-eyesopen_eeg.set,2900
sub-25,ses-2,eyesopen,1,SD,21,250.0,61,1250,3,61,1250,data\sub-25\ses-2\eeg\sub-25_ses-2_task-eyesopen_eeg.set,2901
sub-25,ses-2,eyesopen,1,SD,22,250.0,61,1250,3,61,1250,data\sub-25\ses-2\eeg\sub-25_ses-2_task-eyesopen_eeg.set,2902
sub-25,ses-2,eyesopen,1,SD,23,250.0,61,1250,3,61,1250,data\sub-25\ses-2\eeg\sub-25_ses-2_task-eyesopen_eeg.set,2903
sub-25,ses-2,eyesopen,1,SD,24,250.0,61,1250,3,61,1250,data\sub-25\ses-2\eeg\sub-25_ses-2_task-eyesopen_eeg.set,2904
sub-25,ses-2,eyesopen,1,SD,25,250.0,61,1250,3,61,1250,data\sub-25\ses-2\eeg\sub-25_ses-2_task-eyesopen_eeg.set,2905
sub-25,ses-2,eyesopen,1,SD,26,250.0,61,1250,3,61,1250,data\sub-25\ses-2\eeg\sub-25_ses-2_task-eyesopen_eeg.set,2906
sub-25,ses-2,eyesopen,1,SD,27,250.0,61,1250,3,61,1250,data\sub-25\ses-2\eeg\sub-25_ses-2_task-eyesopen_eeg.set,2907
sub-25,ses-2,eyesopen,1,SD,28,250.0,61,1250,3,61,1250,data\sub-25\ses-2\eeg\sub-25_ses-2_task-eyesopen_eeg.set,2908
sub-25,ses-2,eyesopen,1,SD,29,250.0,61,1250,3,61,1250,data\sub-25\ses-2\eeg\sub-25_ses-2_task-eyesopen_eeg.set,2909
sub-25,ses-2,eyesopen,1,SD,30,250.0,61,1250,3,61,1250,data\sub-25\ses-2\eeg\sub-25_ses-2_task-eyesopen_eeg.set,2910
sub-25,ses-2,eyesopen,1,SD,31,250.0,61,1250,3,61,1250,data\sub-25\ses-2\eeg\sub-25_ses-2_task-eyesopen_eeg.set,2911
sub-25,ses-2,eyesopen,1,SD,32,250.0,61,1250,3,61,1250,data\sub-25\ses-2\eeg\sub-25_ses-2_task-eyesopen_eeg.set,2912
sub-25,ses-2,eyesopen,1,SD,33,250.0,61,1250,3,61,1250,data\sub-25\ses-2\eeg\sub-25_ses-2_task-eyesopen_eeg.set,2913
sub-25,ses-2,eyesopen,1,SD,34,250.0,61,1250,3,61,1250,data\sub-25\ses-2\eeg\sub-25_ses-2_task-eyesopen_eeg.set,2914
sub-25,ses-2,eyesopen,1,SD,35,250.0,61,1250,3,61,1250,data\sub-25\ses-2\eeg\sub-25_ses-2_task-eyesopen_eeg.set,2915
sub-25,ses-2,eyesopen,1,SD,36,250.0,61,1250,3,61,1250,data\sub-25\ses-2\eeg\sub-25_ses-2_task-eyesopen_eeg.set,2916
sub-25,ses-2,eyesopen,1,SD,37,250.0,61,1250,3,61,1250,data\sub-25\ses-2\eeg\sub-25_ses-2_task-eyesopen_eeg.set,2917
sub-25,ses-2,eyesopen,1,SD,38,250.0,61,1250,3,61,1250,data\sub-25\ses-2\eeg\sub-25_ses-2_task-eyesopen_eeg.set,2918
sub-25,ses-2,eyesopen,1,SD,39,250.0,61,1250,3,61,1250,data\sub-25\ses-2\eeg\sub-25_ses-2_task-eyesopen_eeg.set,2919
sub-25,ses-2,eyesopen,1,SD,40,250.0,61,1250,3,61,1250,data\sub-25\ses-2\eeg\sub-25_ses-2_task-eyesopen_eeg.set,2920
sub-25,ses-2,eyesopen,1,SD,41,250.0,61,1250,3,61,1250,data\sub-25\ses-2\eeg\sub-25_ses-2_task-eyesopen_eeg.set,2921
sub-25,ses-2,eyesopen,1,SD,42,250.0,61,1250,3,61,1250,data\sub-25\ses-2\eeg\sub-25_ses-2_task-eyesopen_eeg.set,2922
sub-25,ses-2,eyesopen,1,SD,43,250.0,61,1250,3,61,1250,data\sub-25\ses-2\eeg\sub-25_ses-2_task-eyesopen_eeg.set,2923
sub-25,ses-2,eyesopen,1,SD,44,250.0,61,1250,3,61,1250,data\sub-25\ses-2\eeg\sub-25_ses-2_task-eyesopen_eeg.set,2924
sub-25,ses-2,eyesopen,1,SD,45,250.0,61,1250,3,61,1250,data\sub-25\ses-2\eeg\sub-25_ses-2_task-eyesopen_eeg.set,2925
sub-25,ses-2,eyesopen,1,SD,46,250.0,61,1250,3,61,1250,data\sub-25\ses-2\eeg\sub-25_ses-2_task-eyesopen_eeg.set,2926
sub-25,ses-2,eyesopen,1,SD,47,250.0,61,1250,3,61,1250,data\sub-25\ses-2\eeg\sub-25_ses-2_task-eyesopen_eeg.set,2927
sub-25,ses-2,eyesopen,1,SD,48,250.0,61,1250,3,61,1250,data\sub-25\ses-2\eeg\sub-25_ses-2_task-eyesopen_eeg.set,2928
sub-25,ses-2,eyesopen,1,SD,49,250.0,61,1250,3,61,1250,data\sub-25\ses-2\eeg\sub-25_ses-2_task-eyesopen_eeg.set,2929
sub-25,ses-2,eyesopen,1,SD,50,250.0,61,1250,3,61,1250,data\sub-25\ses-2\eeg\sub-25_ses-2_task-eyesopen_eeg.set,2930
sub-25,ses-2,eyesopen,1,SD,51,250.0,61,1250,3,61,1250,data\sub-25\ses-2\eeg\sub-25_ses-2_task-eyesopen_eeg.set,2931
sub-25,ses-2,eyesopen,1,SD,52,250.0,61,1250,3,61,1250,data\sub-25\ses-2\eeg\sub-25_ses-2_task-eyesopen_eeg.set,2932
sub-25,ses-2,eyesopen,1,SD,53,250.0,61,1250,3,61,1250,data\sub-25\ses-2\eeg\sub-25_ses-2_task-eyesopen_eeg.set,2933
sub-25,ses-2,eyesopen,1,SD,54,250.0,61,1250,3,61,1250,data\sub-25\ses-2\eeg\sub-25_ses-2_task-eyesopen_eeg.set,2934
sub-25,ses-2,eyesopen,1,SD,55,250.0,61,1250,3,61,1250,data\sub-25\ses-2\eeg\sub-25_ses-2_task-eyesopen_eeg.set,2935
sub-25,ses-2,eyesopen,1,SD,56,250.0,61,1250,3,61,1250,data\sub-25\ses-2\eeg\sub-25_ses-2_task-eyesopen_eeg.set,2936
sub-25,ses-2,eyesopen,1,SD,57,250.0,61,1250,3,61,1250,data\sub-25\ses-2\eeg\sub-25_ses-2_task-eyesopen_eeg.set,2937
sub-25,ses-2,eyesopen,1,SD,58,250.0,61,1250,3,61,1250,data\sub-25\ses-2\eeg\sub-25_ses-2_task-eyesopen_eeg.set,2938
sub-25,ses-2,eyesopen,1,SD,59,250.0,61,1250,3,61,1250,data\sub-25\ses-2\eeg\sub-25_ses-2_task-eyesopen_eeg.set,2939
sub-26,ses-1,eyesopen,0,NS,0,250.0,61,1250,3,61,1250,data\sub-26\ses-1\eeg\sub-26_ses-1_task-eyesopen_eeg.set,2940
sub-26,ses-1,eyesopen,0,NS,1,250.0,61,1250,3,61,1250,data\sub-26\ses-1\eeg\sub-26_ses-1_task-eyesopen_eeg.set,2941
sub-26,ses-1,eyesopen,0,NS,2,250.0,61,1250,3,61,1250,data\sub-26\ses-1\eeg\sub-26_ses-1_task-eyesopen_eeg.set,2942
sub-26,ses-1,eyesopen,0,NS,3,250.0,61,1250,3,61,1250,data\sub-26\ses-1\eeg\sub-26_ses-1_task-eyesopen_eeg.set,2943
sub-26,ses-1,eyesopen,0,NS,4,250.0,61,1250,3,61,1250,data\sub-26\ses-1\eeg\sub-26_ses-1_task-eyesopen_eeg.set,2944
sub-26,ses-1,eyesopen,0,NS,5,250.0,61,1250,3,61,1250,data\sub-26\ses-1\eeg\sub-26_ses-1_task-eyesopen_eeg.set,2945
sub-26,ses-1,eyesopen,0,NS,6,250.0,61,1250,3,61,1250,data\sub-26\ses-1\eeg\sub-26_ses-1_task-eyesopen_eeg.set,2946
sub-26,ses-1,eyesopen,0,NS,7,250.0,61,1250,3,61,1250,data\sub-26\ses-1\eeg\sub-26_ses-1_task-eyesopen_eeg.set,2947
sub-26,ses-1,eyesopen,0,NS,8,250.0,61,1250,3,61,1250,data\sub-26\ses-1\eeg\sub-26_ses-1_task-eyesopen_eeg.set,2948
sub-26,ses-1,eyesopen,0,NS,9,250.0,61,1250,3,61,1250,data\sub-26\ses-1\eeg\sub-26_ses-1_task-eyesopen_eeg.set,2949
sub-26,ses-1,eyesopen,0,NS,10,250.0,61,1250,3,61,1250,data\sub-26\ses-1\eeg\sub-26_ses-1_task-eyesopen_eeg.set,2950
sub-26,ses-1,eyesopen,0,NS,11,250.0,61,1250,3,61,1250,data\sub-26\ses-1\eeg\sub-26_ses-1_task-eyesopen_eeg.set,2951
sub-26,ses-1,eyesopen,0,NS,12,250.0,61,1250,3,61,1250,data\sub-26\ses-1\eeg\sub-26_ses-1_task-eyesopen_eeg.set,2952
sub-26,ses-1,eyesopen,0,NS,13,250.0,61,1250,3,61,1250,data\sub-26\ses-1\eeg\sub-26_ses-1_task-eyesopen_eeg.set,2953
sub-26,ses-1,eyesopen,0,NS,14,250.0,61,1250,3,61,1250,data\sub-26\ses-1\eeg\sub-26_ses-1_task-eyesopen_eeg.set,2954
sub-26,ses-1,eyesopen,0,NS,15,250.0,61,1250,3,61,1250,data\sub-26\ses-1\eeg\sub-26_ses-1_task-eyesopen_eeg.set,2955
sub-26,ses-1,eyesopen,0,NS,16,250.0,61,1250,3,61,1250,data\sub-26\ses-1\eeg\sub-26_ses-1_task-eyesopen_eeg.set,2956
sub-26,ses-1,eyesopen,0,NS,17,250.0,61,1250,3,61,1250,data\sub-26\ses-1\eeg\sub-26_ses-1_task-eyesopen_eeg.set,2957
sub-26,ses-1,eyesopen,0,NS,18,250.0,61,1250,3,61,1250,data\sub-26\ses-1\eeg\sub-26_ses-1_task-eyesopen_eeg.set,2958
sub-26,ses-1,eyesopen,0,NS,19,250.0,61,1250,3,61,1250,data\sub-26\ses-1\eeg\sub-26_ses-1_task-eyesopen_eeg.set,2959
sub-26,ses-1,eyesopen,0,NS,20,250.0,61,1250,3,61,1250,data\sub-26\ses-1\eeg\sub-26_ses-1_task-eyesopen_eeg.set,2960
sub-26,ses-1,eyesopen,0,NS,21,250.0,61,1250,3,61,1250,data\sub-26\ses-1\eeg\sub-26_ses-1_task-eyesopen_eeg.set,2961
sub-26,ses-1,eyesopen,0,NS,22,250.0,61,1250,3,61,1250,data\sub-26\ses-1\eeg\sub-26_ses-1_task-eyesopen_eeg.set,2962
sub-26,ses-1,eyesopen,0,NS,23,250.0,61,1250,3,61,1250,data\sub-26\ses-1\eeg\sub-26_ses-1_task-eyesopen_eeg.set,2963
sub-26,ses-1,eyesopen,0,NS,24,250.0,61,1250,3,61,1250,data\sub-26\ses-1\eeg\sub-26_ses-1_task-eyesopen_eeg.set,2964
sub-26,ses-1,eyesopen,0,NS,25,250.0,61,1250,3,61,1250,data\sub-26\ses-1\eeg\sub-26_ses-1_task-eyesopen_eeg.set,2965
sub-26,ses-1,eyesopen,0,NS,26,250.0,61,1250,3,61,1250,data\sub-26\ses-1\eeg\sub-26_ses-1_task-eyesopen_eeg.set,2966
sub-26,ses-1,eyesopen,0,NS,27,250.0,61,1250,3,61,1250,data\sub-26\ses-1\eeg\sub-26_ses-1_task-eyesopen_eeg.set,2967
sub-26,ses-1,eyesopen,0,NS,28,250.0,61,1250,3,61,1250,data\sub-26\ses-1\eeg\sub-26_ses-1_task-eyesopen_eeg.set,2968
sub-26,ses-1,eyesopen,0,NS,29,250.0,61,1250,3,61,1250,data\sub-26\ses-1\eeg\sub-26_ses-1_task-eyesopen_eeg.set,2969
sub-26,ses-1,eyesopen,0,NS,30,250.0,61,1250,3,61,1250,data\sub-26\ses-1\eeg\sub-26_ses-1_task-eyesopen_eeg.set,2970
sub-26,ses-1,eyesopen,0,NS,31,250.0,61,1250,3,61,1250,data\sub-26\ses-1\eeg\sub-26_ses-1_task-eyesopen_eeg.set,2971
sub-26,ses-1,eyesopen,0,NS,32,250.0,61,1250,3,61,1250,data\sub-26\ses-1\eeg\sub-26_ses-1_task-eyesopen_eeg.set,2972
sub-26,ses-1,eyesopen,0,NS,33,250.0,61,1250,3,61,1250,data\sub-26\ses-1\eeg\sub-26_ses-1_task-eyesopen_eeg.set,2973
sub-26,ses-1,eyesopen,0,NS,34,250.0,61,1250,3,61,1250,data\sub-26\ses-1\eeg\sub-26_ses-1_task-eyesopen_eeg.set,2974
sub-26,ses-1,eyesopen,0,NS,35,250.0,61,1250,3,61,1250,data\sub-26\ses-1\eeg\sub-26_ses-1_task-eyesopen_eeg.set,2975
sub-26,ses-1,eyesopen,0,NS,36,250.0,61,1250,3,61,1250,data\sub-26\ses-1\eeg\sub-26_ses-1_task-eyesopen_eeg.set,2976
sub-26,ses-1,eyesopen,0,NS,37,250.0,61,1250,3,61,1250,data\sub-26\ses-1\eeg\sub-26_ses-1_task-eyesopen_eeg.set,2977
sub-26,ses-1,eyesopen,0,NS,38,250.0,61,1250,3,61,1250,data\sub-26\ses-1\eeg\sub-26_ses-1_task-eyesopen_eeg.set,2978
sub-26,ses-1,eyesopen,0,NS,39,250.0,61,1250,3,61,1250,data\sub-26\ses-1\eeg\sub-26_ses-1_task-eyesopen_eeg.set,2979
sub-26,ses-1,eyesopen,0,NS,40,250.0,61,1250,3,61,1250,data\sub-26\ses-1\eeg\sub-26_ses-1_task-eyesopen_eeg.set,2980
sub-26,ses-1,eyesopen,0,NS,41,250.0,61,1250,3,61,1250,data\sub-26\ses-1\eeg\sub-26_ses-1_task-eyesopen_eeg.set,2981
sub-26,ses-1,eyesopen,0,NS,42,250.0,61,1250,3,61,1250,data\sub-26\ses-1\eeg\sub-26_ses-1_task-eyesopen_eeg.set,2982
sub-26,ses-1,eyesopen,0,NS,43,250.0,61,1250,3,61,1250,data\sub-26\ses-1\eeg\sub-26_ses-1_task-eyesopen_eeg.set,2983
sub-26,ses-1,eyesopen,0,NS,44,250.0,61,1250,3,61,1250,data\sub-26\ses-1\eeg\sub-26_ses-1_task-eyesopen_eeg.set,2984
sub-26,ses-1,eyesopen,0,NS,45,250.0,61,1250,3,61,1250,data\sub-26\ses-1\eeg\sub-26_ses-1_task-eyesopen_eeg.set,2985
sub-26,ses-1,eyesopen,0,NS,46,250.0,61,1250,3,61,1250,data\sub-26\ses-1\eeg\sub-26_ses-1_task-eyesopen_eeg.set,2986
sub-26,ses-1,eyesopen,0,NS,47,250.0,61,1250,3,61,1250,data\sub-26\ses-1\eeg\sub-26_ses-1_task-eyesopen_eeg.set,2987
sub-26,ses-1,eyesopen,0,NS,48,250.0,61,1250,3,61,1250,data\sub-26\ses-1\eeg\sub-26_ses-1_task-eyesopen_eeg.set,2988
sub-26,ses-1,eyesopen,0,NS,49,250.0,61,1250,3,61,1250,data\sub-26\ses-1\eeg\sub-26_ses-1_task-eyesopen_eeg.set,2989
sub-26,ses-1,eyesopen,0,NS,50,250.0,61,1250,3,61,1250,data\sub-26\ses-1\eeg\sub-26_ses-1_task-eyesopen_eeg.set,2990
sub-26,ses-1,eyesopen,0,NS,51,250.0,61,1250,3,61,1250,data\sub-26\ses-1\eeg\sub-26_ses-1_task-eyesopen_eeg.set,2991
sub-26,ses-1,eyesopen,0,NS,52,250.0,61,1250,3,61,1250,data\sub-26\ses-1\eeg\sub-26_ses-1_task-eyesopen_eeg.set,2992
sub-26,ses-1,eyesopen,0,NS,53,250.0,61,1250,3,61,1250,data\sub-26\ses-1\eeg\sub-26_ses-1_task-eyesopen_eeg.set,2993
sub-26,ses-1,eyesopen,0,NS,54,250.0,61,1250,3,61,1250,data\sub-26\ses-1\eeg\sub-26_ses-1_task-eyesopen_eeg.set,2994
sub-26,ses-1,eyesopen,0,NS,55,250.0,61,1250,3,61,1250,data\sub-26\ses-1\eeg\sub-26_ses-1_task-eyesopen_eeg.set,2995
sub-26,ses-1,eyesopen,0,NS,56,250.0,61,1250,3,61,1250,data\sub-26\ses-1\eeg\sub-26_ses-1_task-eyesopen_eeg.set,2996
sub-26,ses-1,eyesopen,0,NS,57,250.0,61,1250,3,61,1250,data\sub-26\ses-1\eeg\sub-26_ses-1_task-eyesopen_eeg.set,2997
sub-26,ses-1,eyesopen,0,NS,58,250.0,61,1250,3,61,1250,data\sub-26\ses-1\eeg\sub-26_ses-1_task-eyesopen_eeg.set,2998
sub-26,ses-1,eyesopen,0,NS,59,250.0,61,1250,3,61,1250,data\sub-26\ses-1\eeg\sub-26_ses-1_task-eyesopen_eeg.set,2999
sub-26,ses-2,eyesopen,1,SD,0,250.0,61,1250,3,61,1250,data\sub-26\ses-2\eeg\sub-26_ses-2_task-eyesopen_eeg.set,3000
sub-26,ses-2,eyesopen,1,SD,1,250.0,61,1250,3,61,1250,data\sub-26\ses-2\eeg\sub-26_ses-2_task-eyesopen_eeg.set,3001
sub-26,ses-2,eyesopen,1,SD,2,250.0,61,1250,3,61,1250,data\sub-26\ses-2\eeg\sub-26_ses-2_task-eyesopen_eeg.set,3002
sub-26,ses-2,eyesopen,1,SD,3,250.0,61,1250,3,61,1250,data\sub-26\ses-2\eeg\sub-26_ses-2_task-eyesopen_eeg.set,3003
sub-26,ses-2,eyesopen,1,SD,4,250.0,61,1250,3,61,1250,data\sub-26\ses-2\eeg\sub-26_ses-2_task-eyesopen_eeg.set,3004
sub-26,ses-2,eyesopen,1,SD,5,250.0,61,1250,3,61,1250,data\sub-26\ses-2\eeg\sub-26_ses-2_task-eyesopen_eeg.set,3005
sub-26,ses-2,eyesopen,1,SD,6,250.0,61,1250,3,61,1250,data\sub-26\ses-2\eeg\sub-26_ses-2_task-eyesopen_eeg.set,3006
sub-26,ses-2,eyesopen,1,SD,7,250.0,61,1250,3,61,1250,data\sub-26\ses-2\eeg\sub-26_ses-2_task-eyesopen_eeg.set,3007
sub-26,ses-2,eyesopen,1,SD,8,250.0,61,1250,3,61,1250,data\sub-26\ses-2\eeg\sub-26_ses-2_task-eyesopen_eeg.set,3008
sub-26,ses-2,eyesopen,1,SD,9,250.0,61,1250,3,61,1250,data\sub-26\ses-2\eeg\sub-26_ses-2_task-eyesopen_eeg.set,3009
sub-26,ses-2,eyesopen,1,SD,10,250.0,61,1250,3,61,1250,data\sub-26\ses-2\eeg\sub-26_ses-2_task-eyesopen_eeg.set,3010
sub-26,ses-2,eyesopen,1,SD,11,250.0,61,1250,3,61,1250,data\sub-26\ses-2\eeg\sub-26_ses-2_task-eyesopen_eeg.set,3011
sub-26,ses-2,eyesopen,1,SD,12,250.0,61,1250,3,61,1250,data\sub-26\ses-2\eeg\sub-26_ses-2_task-eyesopen_eeg.set,3012
sub-26,ses-2,eyesopen,1,SD,13,250.0,61,1250,3,61,1250,data\sub-26\ses-2\eeg\sub-26_ses-2_task-eyesopen_eeg.set,3013
sub-26,ses-2,eyesopen,1,SD,14,250.0,61,1250,3,61,1250,data\sub-26\ses-2\eeg\sub-26_ses-2_task-eyesopen_eeg.set,3014
sub-26,ses-2,eyesopen,1,SD,15,250.0,61,1250,3,61,1250,data\sub-26\ses-2\eeg\sub-26_ses-2_task-eyesopen_eeg.set,3015
sub-26,ses-2,eyesopen,1,SD,16,250.0,61,1250,3,61,1250,data\sub-26\ses-2\eeg\sub-26_ses-2_task-eyesopen_eeg.set,3016
sub-26,ses-2,eyesopen,1,SD,17,250.0,61,1250,3,61,1250,data\sub-26\ses-2\eeg\sub-26_ses-2_task-eyesopen_eeg.set,3017
sub-26,ses-2,eyesopen,1,SD,18,250.0,61,1250,3,61,1250,data\sub-26\ses-2\eeg\sub-26_ses-2_task-eyesopen_eeg.set,3018
sub-26,ses-2,eyesopen,1,SD,19,250.0,61,1250,3,61,1250,data\sub-26\ses-2\eeg\sub-26_ses-2_task-eyesopen_eeg.set,3019
sub-26,ses-2,eyesopen,1,SD,20,250.0,61,1250,3,61,1250,data\sub-26\ses-2\eeg\sub-26_ses-2_task-eyesopen_eeg.set,3020
sub-26,ses-2,eyesopen,1,SD,21,250.0,61,1250,3,61,1250,data\sub-26\ses-2\eeg\sub-26_ses-2_task-eyesopen_eeg.set,3021
sub-26,ses-2,eyesopen,1,SD,22,250.0,61,1250,3,61,1250,data\sub-26\ses-2\eeg\sub-26_ses-2_task-eyesopen_eeg.set,3022
sub-26,ses-2,eyesopen,1,SD,23,250.0,61,1250,3,61,1250,data\sub-26\ses-2\eeg\sub-26_ses-2_task-eyesopen_eeg.set,3023
sub-26,ses-2,eyesopen,1,SD,24,250.0,61,1250,3,61,1250,data\sub-26\ses-2\eeg\sub-26_ses-2_task-eyesopen_eeg.set,3024
sub-26,ses-2,eyesopen,1,SD,25,250.0,61,1250,3,61,1250,data\sub-26\ses-2\eeg\sub-26_ses-2_task-eyesopen_eeg.set,3025
sub-26,ses-2,eyesopen,1,SD,26,250.0,61,1250,3,61,1250,data\sub-26\ses-2\eeg\sub-26_ses-2_task-eyesopen_eeg.set,3026
sub-26,ses-2,eyesopen,1,SD,27,250.0,61,1250,3,61,1250,data\sub-26\ses-2\eeg\sub-26_ses-2_task-eyesopen_eeg.set,3027
sub-26,ses-2,eyesopen,1,SD,28,250.0,61,1250,3,61,1250,data\sub-26\ses-2\eeg\sub-26_ses-2_task-eyesopen_eeg.set,3028
sub-26,ses-2,eyesopen,1,SD,29,250.0,61,1250,3,61,1250,data\sub-26\ses-2\eeg\sub-26_ses-2_task-eyesopen_eeg.set,3029
sub-26,ses-2,eyesopen,1,SD,30,250.0,61,1250,3,61,1250,data\sub-26\ses-2\eeg\sub-26_ses-2_task-eyesopen_eeg.set,3030
sub-26,ses-2,eyesopen,1,SD,31,250.0,61,1250,3,61,1250,data\sub-26\ses-2\eeg\sub-26_ses-2_task-eyesopen_eeg.set,3031
sub-26,ses-2,eyesopen,1,SD,32,250.0,61,1250,3,61,1250,data\sub-26\ses-2\eeg\sub-26_ses-2_task-eyesopen_eeg.set,3032
sub-26,ses-2,eyesopen,1,SD,33,250.0,61,1250,3,61,1250,data\sub-26\ses-2\eeg\sub-26_ses-2_task-eyesopen_eeg.set,3033
sub-26,ses-2,eyesopen,1,SD,34,250.0,61,1250,3,61,1250,data\sub-26\ses-2\eeg\sub-26_ses-2_task-eyesopen_eeg.set,3034
sub-26,ses-2,eyesopen,1,SD,35,250.0,61,1250,3,61,1250,data\sub-26\ses-2\eeg\sub-26_ses-2_task-eyesopen_eeg.set,3035
sub-26,ses-2,eyesopen,1,SD,36,250.0,61,1250,3,61,1250,data\sub-26\ses-2\eeg\sub-26_ses-2_task-eyesopen_eeg.set,3036
sub-26,ses-2,eyesopen,1,SD,37,250.0,61,1250,3,61,1250,data\sub-26\ses-2\eeg\sub-26_ses-2_task-eyesopen_eeg.set,3037
sub-26,ses-2,eyesopen,1,SD,38,250.0,61,1250,3,61,1250,data\sub-26\ses-2\eeg\sub-26_ses-2_task-eyesopen_eeg.set,3038
sub-26,ses-2,eyesopen,1,SD,39,250.0,61,1250,3,61,1250,data\sub-26\ses-2\eeg\sub-26_ses-2_task-eyesopen_eeg.set,3039
sub-26,ses-2,eyesopen,1,SD,40,250.0,61,1250,3,61,1250,data\sub-26\ses-2\eeg\sub-26_ses-2_task-eyesopen_eeg.set,3040
sub-26,ses-2,eyesopen,1,SD,41,250.0,61,1250,3,61,1250,data\sub-26\ses-2\eeg\sub-26_ses-2_task-eyesopen_eeg.set,3041
sub-26,ses-2,eyesopen,1,SD,42,250.0,61,1250,3,61,1250,data\sub-26\ses-2\eeg\sub-26_ses-2_task-eyesopen_eeg.set,3042
sub-26,ses-2,eyesopen,1,SD,43,250.0,61,1250,3,61,1250,data\sub-26\ses-2\eeg\sub-26_ses-2_task-eyesopen_eeg.set,3043
sub-26,ses-2,eyesopen,1,SD,44,250.0,61,1250,3,61,1250,data\sub-26\ses-2\eeg\sub-26_ses-2_task-eyesopen_eeg.set,3044
sub-26,ses-2,eyesopen,1,SD,45,250.0,61,1250,3,61,1250,data\sub-26\ses-2\eeg\sub-26_ses-2_task-eyesopen_eeg.set,3045
sub-26,ses-2,eyesopen,1,SD,46,250.0,61,1250,3,61,1250,data\sub-26\ses-2\eeg\sub-26_ses-2_task-eyesopen_eeg.set,3046
sub-26,ses-2,eyesopen,1,SD,47,250.0,61,1250,3,61,1250,data\sub-26\ses-2\eeg\sub-26_ses-2_task-eyesopen_eeg.set,3047
sub-26,ses-2,eyesopen,1,SD,48,250.0,61,1250,3,61,1250,data\sub-26\ses-2\eeg\sub-26_ses-2_task-eyesopen_eeg.set,3048
sub-26,ses-2,eyesopen,1,SD,49,250.0,61,1250,3,61,1250,data\sub-26\ses-2\eeg\sub-26_ses-2_task-eyesopen_eeg.set,3049
sub-26,ses-2,eyesopen,1,SD,50,250.0,61,1250,3,61,1250,data\sub-26\ses-2\eeg\sub-26_ses-2_task-eyesopen_eeg.set,3050
sub-26,ses-2,eyesopen,1,SD,51,250.0,61,1250,3,61,1250,data\sub-26\ses-2\eeg\sub-26_ses-2_task-eyesopen_eeg.set,3051
sub-26,ses-2,eyesopen,1,SD,52,250.0,61,1250,3,61,1250,data\sub-26\ses-2\eeg\sub-26_ses-2_task-eyesopen_eeg.set,3052
sub-26,ses-2,eyesopen,1,SD,53,250.0,61,1250,3,61,1250,data\sub-26\ses-2\eeg\sub-26_ses-2_task-eyesopen_eeg.set,3053
sub-26,ses-2,eyesopen,1,SD,54,250.0,61,1250,3,61,1250,data\sub-26\ses-2\eeg\sub-26_ses-2_task-eyesopen_eeg.set,3054
sub-26,ses-2,eyesopen,1,SD,55,250.0,61,1250,3,61,1250,data\sub-26\ses-2\eeg\sub-26_ses-2_task-eyesopen_eeg.set,3055
sub-26,ses-2,eyesopen,1,SD,56,250.0,61,1250,3,61,1250,data\sub-26\ses-2\eeg\sub-26_ses-2_task-eyesopen_eeg.set,3056
sub-26,ses-2,eyesopen,1,SD,57,250.0,61,1250,3,61,1250,data\sub-26\ses-2\eeg\sub-26_ses-2_task-eyesopen_eeg.set,3057
sub-26,ses-2,eyesopen,1,SD,58,250.0,61,1250,3,61,1250,data\sub-26\ses-2\eeg\sub-26_ses-2_task-eyesopen_eeg.set,3058
sub-26,ses-2,eyesopen,1,SD,59,250.0,61,1250,3,61,1250,data\sub-26\ses-2\eeg\sub-26_ses-2_task-eyesopen_eeg.set,3059
sub-27,ses-1,eyesopen,0,NS,0,250.0,61,1250,3,61,1250,data\sub-27\ses-1\eeg\sub-27_ses-1_task-eyesopen_eeg.set,3060
sub-27,ses-1,eyesopen,0,NS,1,250.0,61,1250,3,61,1250,data\sub-27\ses-1\eeg\sub-27_ses-1_task-eyesopen_eeg.set,3061
sub-27,ses-1,eyesopen,0,NS,2,250.0,61,1250,3,61,1250,data\sub-27\ses-1\eeg\sub-27_ses-1_task-eyesopen_eeg.set,3062
sub-27,ses-1,eyesopen,0,NS,3,250.0,61,1250,3,61,1250,data\sub-27\ses-1\eeg\sub-27_ses-1_task-eyesopen_eeg.set,3063
sub-27,ses-1,eyesopen,0,NS,4,250.0,61,1250,3,61,1250,data\sub-27\ses-1\eeg\sub-27_ses-1_task-eyesopen_eeg.set,3064
sub-27,ses-1,eyesopen,0,NS,5,250.0,61,1250,3,61,1250,data\sub-27\ses-1\eeg\sub-27_ses-1_task-eyesopen_eeg.set,3065
sub-27,ses-1,eyesopen,0,NS,6,250.0,61,1250,3,61,1250,data\sub-27\ses-1\eeg\sub-27_ses-1_task-eyesopen_eeg.set,3066
sub-27,ses-1,eyesopen,0,NS,7,250.0,61,1250,3,61,1250,data\sub-27\ses-1\eeg\sub-27_ses-1_task-eyesopen_eeg.set,3067
sub-27,ses-1,eyesopen,0,NS,8,250.0,61,1250,3,61,1250,data\sub-27\ses-1\eeg\sub-27_ses-1_task-eyesopen_eeg.set,3068
sub-27,ses-1,eyesopen,0,NS,9,250.0,61,1250,3,61,1250,data\sub-27\ses-1\eeg\sub-27_ses-1_task-eyesopen_eeg.set,3069
sub-27,ses-1,eyesopen,0,NS,10,250.0,61,1250,3,61,1250,data\sub-27\ses-1\eeg\sub-27_ses-1_task-eyesopen_eeg.set,3070
sub-27,ses-1,eyesopen,0,NS,11,250.0,61,1250,3,61,1250,data\sub-27\ses-1\eeg\sub-27_ses-1_task-eyesopen_eeg.set,3071
sub-27,ses-1,eyesopen,0,NS,12,250.0,61,1250,3,61,1250,data\sub-27\ses-1\eeg\sub-27_ses-1_task-eyesopen_eeg.set,3072
sub-27,ses-1,eyesopen,0,NS,13,250.0,61,1250,3,61,1250,data\sub-27\ses-1\eeg\sub-27_ses-1_task-eyesopen_eeg.set,3073
sub-27,ses-1,eyesopen,0,NS,14,250.0,61,1250,3,61,1250,data\sub-27\ses-1\eeg\sub-27_ses-1_task-eyesopen_eeg.set,3074
sub-27,ses-1,eyesopen,0,NS,15,250.0,61,1250,3,61,1250,data\sub-27\ses-1\eeg\sub-27_ses-1_task-eyesopen_eeg.set,3075
sub-27,ses-1,eyesopen,0,NS,16,250.0,61,1250,3,61,1250,data\sub-27\ses-1\eeg\sub-27_ses-1_task-eyesopen_eeg.set,3076
sub-27,ses-1,eyesopen,0,NS,17,250.0,61,1250,3,61,1250,data\sub-27\ses-1\eeg\sub-27_ses-1_task-eyesopen_eeg.set,3077
sub-27,ses-1,eyesopen,0,NS,18,250.0,61,1250,3,61,1250,data\sub-27\ses-1\eeg\sub-27_ses-1_task-eyesopen_eeg.set,3078
sub-27,ses-1,eyesopen,0,NS,19,250.0,61,1250,3,61,1250,data\sub-27\ses-1\eeg\sub-27_ses-1_task-eyesopen_eeg.set,3079
sub-27,ses-1,eyesopen,0,NS,20,250.0,61,1250,3,61,1250,data\sub-27\ses-1\eeg\sub-27_ses-1_task-eyesopen_eeg.set,3080
sub-27,ses-1,eyesopen,0,NS,21,250.0,61,1250,3,61,1250,data\sub-27\ses-1\eeg\sub-27_ses-1_task-eyesopen_eeg.set,3081
sub-27,ses-1,eyesopen,0,NS,22,250.0,61,1250,3,61,1250,data\sub-27\ses-1\eeg\sub-27_ses-1_task-eyesopen_eeg.set,3082
sub-27,ses-1,eyesopen,0,NS,23,250.0,61,1250,3,61,1250,data\sub-27\ses-1\eeg\sub-27_ses-1_task-eyesopen_eeg.set,3083
sub-27,ses-1,eyesopen,0,NS,24,250.0,61,1250,3,61,1250,data\sub-27\ses-1\eeg\sub-27_ses-1_task-eyesopen_eeg.set,3084
sub-27,ses-1,eyesopen,0,NS,25,250.0,61,1250,3,61,1250,data\sub-27\ses-1\eeg\sub-27_ses-1_task-eyesopen_eeg.set,3085
sub-27,ses-1,eyesopen,0,NS,26,250.0,61,1250,3,61,1250,data\sub-27\ses-1\eeg\sub-27_ses-1_task-eyesopen_eeg.set,3086
sub-27,ses-1,eyesopen,0,NS,27,250.0,61,1250,3,61,1250,data\sub-27\ses-1\eeg\sub-27_ses-1_task-eyesopen_eeg.set,3087
sub-27,ses-1,eyesopen,0,NS,28,250.0,61,1250,3,61,1250,data\sub-27\ses-1\eeg\sub-27_ses-1_task-eyesopen_eeg.set,3088
sub-27,ses-1,eyesopen,0,NS,29,250.0,61,1250,3,61,1250,data\sub-27\ses-1\eeg\sub-27_ses-1_task-eyesopen_eeg.set,3089
sub-27,ses-1,eyesopen,0,NS,30,250.0,61,1250,3,61,1250,data\sub-27\ses-1\eeg\sub-27_ses-1_task-eyesopen_eeg.set,3090
sub-27,ses-1,eyesopen,0,NS,31,250.0,61,1250,3,61,1250,data\sub-27\ses-1\eeg\sub-27_ses-1_task-eyesopen_eeg.set,3091
sub-27,ses-1,eyesopen,0,NS,32,250.0,61,1250,3,61,1250,data\sub-27\ses-1\eeg\sub-27_ses-1_task-eyesopen_eeg.set,3092
sub-27,ses-1,eyesopen,0,NS,33,250.0,61,1250,3,61,1250,data\sub-27\ses-1\eeg\sub-27_ses-1_task-eyesopen_eeg.set,3093
sub-27,ses-1,eyesopen,0,NS,34,250.0,61,1250,3,61,1250,data\sub-27\ses-1\eeg\sub-27_ses-1_task-eyesopen_eeg.set,3094
sub-27,ses-1,eyesopen,0,NS,35,250.0,61,1250,3,61,1250,data\sub-27\ses-1\eeg\sub-27_ses-1_task-eyesopen_eeg.set,3095
sub-27,ses-1,eyesopen,0,NS,36,250.0,61,1250,3,61,1250,data\sub-27\ses-1\eeg\sub-27_ses-1_task-eyesopen_eeg.set,3096
sub-27,ses-1,eyesopen,0,NS,37,250.0,61,1250,3,61,1250,data\sub-27\ses-1\eeg\sub-27_ses-1_task-eyesopen_eeg.set,3097
sub-27,ses-1,eyesopen,0,NS,38,250.0,61,1250,3,61,1250,data\sub-27\ses-1\eeg\sub-27_ses-1_task-eyesopen_eeg.set,3098
sub-27,ses-1,eyesopen,0,NS,39,250.0,61,1250,3,61,1250,data\sub-27\ses-1\eeg\sub-27_ses-1_task-eyesopen_eeg.set,3099
sub-27,ses-1,eyesopen,0,NS,40,250.0,61,1250,3,61,1250,data\sub-27\ses-1\eeg\sub-27_ses-1_task-eyesopen_eeg.set,3100
sub-27,ses-1,eyesopen,0,NS,41,250.0,61,1250,3,61,1250,data\sub-27\ses-1\eeg\sub-27_ses-1_task-eyesopen_eeg.set,3101
sub-27,ses-1,eyesopen,0,NS,42,250.0,61,1250,3,61,1250,data\sub-27\ses-1\eeg\sub-27_ses-1_task-eyesopen_eeg.set,3102
sub-27,ses-1,eyesopen,0,NS,43,250.0,61,1250,3,61,1250,data\sub-27\ses-1\eeg\sub-27_ses-1_task-eyesopen_eeg.set,3103
sub-27,ses-1,eyesopen,0,NS,44,250.0,61,1250,3,61,1250,data\sub-27\ses-1\eeg\sub-27_ses-1_task-eyesopen_eeg.set,3104
sub-27,ses-1,eyesopen,0,NS,45,250.0,61,1250,3,61,1250,data\sub-27\ses-1\eeg\sub-27_ses-1_task-eyesopen_eeg.set,3105
sub-27,ses-1,eyesopen,0,NS,46,250.0,61,1250,3,61,1250,data\sub-27\ses-1\eeg\sub-27_ses-1_task-eyesopen_eeg.set,3106
sub-27,ses-1,eyesopen,0,NS,47,250.0,61,1250,3,61,1250,data\sub-27\ses-1\eeg\sub-27_ses-1_task-eyesopen_eeg.set,3107
sub-27,ses-1,eyesopen,0,NS,48,250.0,61,1250,3,61,1250,data\sub-27\ses-1\eeg\sub-27_ses-1_task-eyesopen_eeg.set,3108
sub-27,ses-1,eyesopen,0,NS,49,250.0,61,1250,3,61,1250,data\sub-27\ses-1\eeg\sub-27_ses-1_task-eyesopen_eeg.set,3109
sub-27,ses-1,eyesopen,0,NS,50,250.0,61,1250,3,61,1250,data\sub-27\ses-1\eeg\sub-27_ses-1_task-eyesopen_eeg.set,3110
sub-27,ses-1,eyesopen,0,NS,51,250.0,61,1250,3,61,1250,data\sub-27\ses-1\eeg\sub-27_ses-1_task-eyesopen_eeg.set,3111
sub-27,ses-1,eyesopen,0,NS,52,250.0,61,1250,3,61,1250,data\sub-27\ses-1\eeg\sub-27_ses-1_task-eyesopen_eeg.set,3112
sub-27,ses-1,eyesopen,0,NS,53,250.0,61,1250,3,61,1250,data\sub-27\ses-1\eeg\sub-27_ses-1_task-eyesopen_eeg.set,3113
sub-27,ses-1,eyesopen,0,NS,54,250.0,61,1250,3,61,1250,data\sub-27\ses-1\eeg\sub-27_ses-1_task-eyesopen_eeg.set,3114
sub-27,ses-1,eyesopen,0,NS,55,250.0,61,1250,3,61,1250,data\sub-27\ses-1\eeg\sub-27_ses-1_task-eyesopen_eeg.set,3115
sub-27,ses-1,eyesopen,0,NS,56,250.0,61,1250,3,61,1250,data\sub-27\ses-1\eeg\sub-27_ses-1_task-eyesopen_eeg.set,3116
sub-27,ses-1,eyesopen,0,NS,57,250.0,61,1250,3,61,1250,data\sub-27\ses-1\eeg\sub-27_ses-1_task-eyesopen_eeg.set,3117
sub-27,ses-1,eyesopen,0,NS,58,250.0,61,1250,3,61,1250,data\sub-27\ses-1\eeg\sub-27_ses-1_task-eyesopen_eeg.set,3118
sub-27,ses-1,eyesopen,0,NS,59,250.0,61,1250,3,61,1250,data\sub-27\ses-1\eeg\sub-27_ses-1_task-eyesopen_eeg.set,3119
sub-27,ses-2,eyesopen,1,SD,0,250.0,61,1250,3,61,1250,data\sub-27\ses-2\eeg\sub-27_ses-2_task-eyesopen_eeg.set,3120
sub-27,ses-2,eyesopen,1,SD,1,250.0,61,1250,3,61,1250,data\sub-27\ses-2\eeg\sub-27_ses-2_task-eyesopen_eeg.set,3121
sub-27,ses-2,eyesopen,1,SD,2,250.0,61,1250,3,61,1250,data\sub-27\ses-2\eeg\sub-27_ses-2_task-eyesopen_eeg.set,3122
sub-27,ses-2,eyesopen,1,SD,3,250.0,61,1250,3,61,1250,data\sub-27\ses-2\eeg\sub-27_ses-2_task-eyesopen_eeg.set,3123
sub-27,ses-2,eyesopen,1,SD,4,250.0,61,1250,3,61,1250,data\sub-27\ses-2\eeg\sub-27_ses-2_task-eyesopen_eeg.set,3124
sub-27,ses-2,eyesopen,1,SD,5,250.0,61,1250,3,61,1250,data\sub-27\ses-2\eeg\sub-27_ses-2_task-eyesopen_eeg.set,3125
sub-27,ses-2,eyesopen,1,SD,6,250.0,61,1250,3,61,1250,data\sub-27\ses-2\eeg\sub-27_ses-2_task-eyesopen_eeg.set,3126
sub-27,ses-2,eyesopen,1,SD,7,250.0,61,1250,3,61,1250,data\sub-27\ses-2\eeg\sub-27_ses-2_task-eyesopen_eeg.set,3127
sub-27,ses-2,eyesopen,1,SD,8,250.0,61,1250,3,61,1250,data\sub-27\ses-2\eeg\sub-27_ses-2_task-eyesopen_eeg.set,3128
sub-27,ses-2,eyesopen,1,SD,9,250.0,61,1250,3,61,1250,data\sub-27\ses-2\eeg\sub-27_ses-2_task-eyesopen_eeg.set,3129
sub-27,ses-2,eyesopen,1,SD,10,250.0,61,1250,3,61,1250,data\sub-27\ses-2\eeg\sub-27_ses-2_task-eyesopen_eeg.set,3130
sub-27,ses-2,eyesopen,1,SD,11,250.0,61,1250,3,61,1250,data\sub-27\ses-2\eeg\sub-27_ses-2_task-eyesopen_eeg.set,3131
sub-27,ses-2,eyesopen,1,SD,12,250.0,61,1250,3,61,1250,data\sub-27\ses-2\eeg\sub-27_ses-2_task-eyesopen_eeg.set,3132
sub-27,ses-2,eyesopen,1,SD,13,250.0,61,1250,3,61,1250,data\sub-27\ses-2\eeg\sub-27_ses-2_task-eyesopen_eeg.set,3133
sub-27,ses-2,eyesopen,1,SD,14,250.0,61,1250,3,61,1250,data\sub-27\ses-2\eeg\sub-27_ses-2_task-eyesopen_eeg.set,3134
sub-27,ses-2,eyesopen,1,SD,15,250.0,61,1250,3,61,1250,data\sub-27\ses-2\eeg\sub-27_ses-2_task-eyesopen_eeg.set,3135
sub-27,ses-2,eyesopen,1,SD,16,250.0,61,1250,3,61,1250,data\sub-27\ses-2\eeg\sub-27_ses-2_task-eyesopen_eeg.set,3136
sub-27,ses-2,eyesopen,1,SD,17,250.0,61,1250,3,61,1250,data\sub-27\ses-2\eeg\sub-27_ses-2_task-eyesopen_eeg.set,3137
sub-27,ses-2,eyesopen,1,SD,18,250.0,61,1250,3,61,1250,data\sub-27\ses-2\eeg\sub-27_ses-2_task-eyesopen_eeg.set,3138
sub-27,ses-2,eyesopen,1,SD,19,250.0,61,1250,3,61,1250,data\sub-27\ses-2\eeg\sub-27_ses-2_task-eyesopen_eeg.set,3139
sub-27,ses-2,eyesopen,1,SD,20,250.0,61,1250,3,61,1250,data\sub-27\ses-2\eeg\sub-27_ses-2_task-eyesopen_eeg.set,3140
sub-27,ses-2,eyesopen,1,SD,21,250.0,61,1250,3,61,1250,data\sub-27\ses-2\eeg\sub-27_ses-2_task-eyesopen_eeg.set,3141
sub-27,ses-2,eyesopen,1,SD,22,250.0,61,1250,3,61,1250,data\sub-27\ses-2\eeg\sub-27_ses-2_task-eyesopen_eeg.set,3142
sub-27,ses-2,eyesopen,1,SD,23,250.0,61,1250,3,61,1250,data\sub-27\ses-2\eeg\sub-27_ses-2_task-eyesopen_eeg.set,3143
sub-27,ses-2,eyesopen,1,SD,24,250.0,61,1250,3,61,1250,data\sub-27\ses-2\eeg\sub-27_ses-2_task-eyesopen_eeg.set,3144
sub-27,ses-2,eyesopen,1,SD,25,250.0,61,1250,3,61,1250,data\sub-27\ses-2\eeg\sub-27_ses-2_task-eyesopen_eeg.set,3145
sub-27,ses-2,eyesopen,1,SD,26,250.0,61,1250,3,61,1250,data\sub-27\ses-2\eeg\sub-27_ses-2_task-eyesopen_eeg.set,3146
sub-27,ses-2,eyesopen,1,SD,27,250.0,61,1250,3,61,1250,data\sub-27\ses-2\eeg\sub-27_ses-2_task-eyesopen_eeg.set,3147
sub-27,ses-2,eyesopen,1,SD,28,250.0,61,1250,3,61,1250,data\sub-27\ses-2\eeg\sub-27_ses-2_task-eyesopen_eeg.set,3148
sub-27,ses-2,eyesopen,1,SD,29,250.0,61,1250,3,61,1250,data\sub-27\ses-2\eeg\sub-27_ses-2_task-eyesopen_eeg.set,3149
sub-27,ses-2,eyesopen,1,SD,30,250.0,61,1250,3,61,1250,data\sub-27\ses-2\eeg\sub-27_ses-2_task-eyesopen_eeg.set,3150
sub-27,ses-2,eyesopen,1,SD,31,250.0,61,1250,3,61,1250,data\sub-27\ses-2\eeg\sub-27_ses-2_task-eyesopen_eeg.set,3151
sub-27,ses-2,eyesopen,1,SD,32,250.0,61,1250,3,61,1250,data\sub-27\ses-2\eeg\sub-27_ses-2_task-eyesopen_eeg.set,3152
sub-27,ses-2,eyesopen,1,SD,33,250.0,61,1250,3,61,1250,data\sub-27\ses-2\eeg\sub-27_ses-2_task-eyesopen_eeg.set,3153
sub-27,ses-2,eyesopen,1,SD,34,250.0,61,1250,3,61,1250,data\sub-27\ses-2\eeg\sub-27_ses-2_task-eyesopen_eeg.set,3154
sub-27,ses-2,eyesopen,1,SD,35,250.0,61,1250,3,61,1250,data\sub-27\ses-2\eeg\sub-27_ses-2_task-eyesopen_eeg.set,3155
sub-27,ses-2,eyesopen,1,SD,36,250.0,61,1250,3,61,1250,data\sub-27\ses-2\eeg\sub-27_ses-2_task-eyesopen_eeg.set,3156
sub-27,ses-2,eyesopen,1,SD,37,250.0,61,1250,3,61,1250,data\sub-27\ses-2\eeg\sub-27_ses-2_task-eyesopen_eeg.set,3157
sub-27,ses-2,eyesopen,1,SD,38,250.0,61,1250,3,61,1250,data\sub-27\ses-2\eeg\sub-27_ses-2_task-eyesopen_eeg.set,3158
sub-27,ses-2,eyesopen,1,SD,39,250.0,61,1250,3,61,1250,data\sub-27\ses-2\eeg\sub-27_ses-2_task-eyesopen_eeg.set,3159
sub-27,ses-2,eyesopen,1,SD,40,250.0,61,1250,3,61,1250,data\sub-27\ses-2\eeg\sub-27_ses-2_task-eyesopen_eeg.set,3160
sub-27,ses-2,eyesopen,1,SD,41,250.0,61,1250,3,61,1250,data\sub-27\ses-2\eeg\sub-27_ses-2_task-eyesopen_eeg.set,3161
sub-27,ses-2,eyesopen,1,SD,42,250.0,61,1250,3,61,1250,data\sub-27\ses-2\eeg\sub-27_ses-2_task-eyesopen_eeg.set,3162
sub-27,ses-2,eyesopen,1,SD,43,250.0,61,1250,3,61,1250,data\sub-27\ses-2\eeg\sub-27_ses-2_task-eyesopen_eeg.set,3163
sub-27,ses-2,eyesopen,1,SD,44,250.0,61,1250,3,61,1250,data\sub-27\ses-2\eeg\sub-27_ses-2_task-eyesopen_eeg.set,3164
sub-27,ses-2,eyesopen,1,SD,45,250.0,61,1250,3,61,1250,data\sub-27\ses-2\eeg\sub-27_ses-2_task-eyesopen_eeg.set,3165
sub-27,ses-2,eyesopen,1,SD,46,250.0,61,1250,3,61,1250,data\sub-27\ses-2\eeg\sub-27_ses-2_task-eyesopen_eeg.set,3166
sub-27,ses-2,eyesopen,1,SD,47,250.0,61,1250,3,61,1250,data\sub-27\ses-2\eeg\sub-27_ses-2_task-eyesopen_eeg.set,3167
sub-27,ses-2,eyesopen,1,SD,48,250.0,61,1250,3,61,1250,data\sub-27\ses-2\eeg\sub-27_ses-2_task-eyesopen_eeg.set,3168
sub-27,ses-2,eyesopen,1,SD,49,250.0,61,1250,3,61,1250,data\sub-27\ses-2\eeg\sub-27_ses-2_task-eyesopen_eeg.set,3169
sub-27,ses-2,eyesopen,1,SD,50,250.0,61,1250,3,61,1250,data\sub-27\ses-2\eeg\sub-27_ses-2_task-eyesopen_eeg.set,3170
sub-27,ses-2,eyesopen,1,SD,51,250.0,61,1250,3,61,1250,data\sub-27\ses-2\eeg\sub-27_ses-2_task-eyesopen_eeg.set,3171
sub-27,ses-2,eyesopen,1,SD,52,250.0,61,1250,3,61,1250,data\sub-27\ses-2\eeg\sub-27_ses-2_task-eyesopen_eeg.set,3172
sub-27,ses-2,eyesopen,1,SD,53,250.0,61,1250,3,61,1250,data\sub-27\ses-2\eeg\sub-27_ses-2_task-eyesopen_eeg.set,3173
sub-27,ses-2,eyesopen,1,SD,54,250.0,61,1250,3,61,1250,data\sub-27\ses-2\eeg\sub-27_ses-2_task-eyesopen_eeg.set,3174
sub-27,ses-2,eyesopen,1,SD,55,250.0,61,1250,3,61,1250,data\sub-27\ses-2\eeg\sub-27_ses-2_task-eyesopen_eeg.set,3175
sub-27,ses-2,eyesopen,1,SD,56,250.0,61,1250,3,61,1250,data\sub-27\ses-2\eeg\sub-27_ses-2_task-eyesopen_eeg.set,3176
sub-27,ses-2,eyesopen,1,SD,57,250.0,61,1250,3,61,1250,data\sub-27\ses-2\eeg\sub-27_ses-2_task-eyesopen_eeg.set,3177
sub-27,ses-2,eyesopen,1,SD,58,250.0,61,1250,3,61,1250,data\sub-27\ses-2\eeg\sub-27_ses-2_task-eyesopen_eeg.set,3178
sub-27,ses-2,eyesopen,1,SD,59,250.0,61,1250,3,61,1250,data\sub-27\ses-2\eeg\sub-27_ses-2_task-eyesopen_eeg.set,3179
sub-28,ses-1,eyesopen,0,NS,0,250.0,61,1250,3,61,1250,data\sub-28\ses-1\eeg\sub-28_ses-1_task-eyesopen_eeg.set,3180
sub-28,ses-1,eyesopen,0,NS,1,250.0,61,1250,3,61,1250,data\sub-28\ses-1\eeg\sub-28_ses-1_task-eyesopen_eeg.set,3181
sub-28,ses-1,eyesopen,0,NS,2,250.0,61,1250,3,61,1250,data\sub-28\ses-1\eeg\sub-28_ses-1_task-eyesopen_eeg.set,3182
sub-28,ses-1,eyesopen,0,NS,3,250.0,61,1250,3,61,1250,data\sub-28\ses-1\eeg\sub-28_ses-1_task-eyesopen_eeg.set,3183
sub-28,ses-1,eyesopen,0,NS,4,250.0,61,1250,3,61,1250,data\sub-28\ses-1\eeg\sub-28_ses-1_task-eyesopen_eeg.set,3184
sub-28,ses-1,eyesopen,0,NS,5,250.0,61,1250,3,61,1250,data\sub-28\ses-1\eeg\sub-28_ses-1_task-eyesopen_eeg.set,3185
sub-28,ses-1,eyesopen,0,NS,6,250.0,61,1250,3,61,1250,data\sub-28\ses-1\eeg\sub-28_ses-1_task-eyesopen_eeg.set,3186
sub-28,ses-1,eyesopen,0,NS,7,250.0,61,1250,3,61,1250,data\sub-28\ses-1\eeg\sub-28_ses-1_task-eyesopen_eeg.set,3187
sub-28,ses-1,eyesopen,0,NS,8,250.0,61,1250,3,61,1250,data\sub-28\ses-1\eeg\sub-28_ses-1_task-eyesopen_eeg.set,3188
sub-28,ses-1,eyesopen,0,NS,9,250.0,61,1250,3,61,1250,data\sub-28\ses-1\eeg\sub-28_ses-1_task-eyesopen_eeg.set,3189
sub-28,ses-1,eyesopen,0,NS,10,250.0,61,1250,3,61,1250,data\sub-28\ses-1\eeg\sub-28_ses-1_task-eyesopen_eeg.set,3190
sub-28,ses-1,eyesopen,0,NS,11,250.0,61,1250,3,61,1250,data\sub-28\ses-1\eeg\sub-28_ses-1_task-eyesopen_eeg.set,3191
sub-28,ses-1,eyesopen,0,NS,12,250.0,61,1250,3,61,1250,data\sub-28\ses-1\eeg\sub-28_ses-1_task-eyesopen_eeg.set,3192
sub-28,ses-1,eyesopen,0,NS,13,250.0,61,1250,3,61,1250,data\sub-28\ses-1\eeg\sub-28_ses-1_task-eyesopen_eeg.set,3193
sub-28,ses-1,eyesopen,0,NS,14,250.0,61,1250,3,61,1250,data\sub-28\ses-1\eeg\sub-28_ses-1_task-eyesopen_eeg.set,3194
sub-28,ses-1,eyesopen,0,NS,15,250.0,61,1250,3,61,1250,data\sub-28\ses-1\eeg\sub-28_ses-1_task-eyesopen_eeg.set,3195
sub-28,ses-1,eyesopen,0,NS,16,250.0,61,1250,3,61,1250,data\sub-28\ses-1\eeg\sub-28_ses-1_task-eyesopen_eeg.set,3196
sub-28,ses-1,eyesopen,0,NS,17,250.0,61,1250,3,61,1250,data\sub-28\ses-1\eeg\sub-28_ses-1_task-eyesopen_eeg.set,3197
sub-28,ses-1,eyesopen,0,NS,18,250.0,61,1250,3,61,1250,data\sub-28\ses-1\eeg\sub-28_ses-1_task-eyesopen_eeg.set,3198
sub-28,ses-1,eyesopen,0,NS,19,250.0,61,1250,3,61,1250,data\sub-28\ses-1\eeg\sub-28_ses-1_task-eyesopen_eeg.set,3199
sub-28,ses-1,eyesopen,0,NS,20,250.0,61,1250,3,61,1250,data\sub-28\ses-1\eeg\sub-28_ses-1_task-eyesopen_eeg.set,3200
sub-28,ses-1,eyesopen,0,NS,21,250.0,61,1250,3,61,1250,data\sub-28\ses-1\eeg\sub-28_ses-1_task-eyesopen_eeg.set,3201
sub-28,ses-1,eyesopen,0,NS,22,250.0,61,1250,3,61,1250,data\sub-28\ses-1\eeg\sub-28_ses-1_task-eyesopen_eeg.set,3202
sub-28,ses-1,eyesopen,0,NS,23,250.0,61,1250,3,61,1250,data\sub-28\ses-1\eeg\sub-28_ses-1_task-eyesopen_eeg.set,3203
sub-28,ses-1,eyesopen,0,NS,24,250.0,61,1250,3,61,1250,data\sub-28\ses-1\eeg\sub-28_ses-1_task-eyesopen_eeg.set,3204
sub-28,ses-1,eyesopen,0,NS,25,250.0,61,1250,3,61,1250,data\sub-28\ses-1\eeg\sub-28_ses-1_task-eyesopen_eeg.set,3205
sub-28,ses-1,eyesopen,0,NS,26,250.0,61,1250,3,61,1250,data\sub-28\ses-1\eeg\sub-28_ses-1_task-eyesopen_eeg.set,3206
sub-28,ses-1,eyesopen,0,NS,27,250.0,61,1250,3,61,1250,data\sub-28\ses-1\eeg\sub-28_ses-1_task-eyesopen_eeg.set,3207
sub-28,ses-1,eyesopen,0,NS,28,250.0,61,1250,3,61,1250,data\sub-28\ses-1\eeg\sub-28_ses-1_task-eyesopen_eeg.set,3208
sub-28,ses-1,eyesopen,0,NS,29,250.0,61,1250,3,61,1250,data\sub-28\ses-1\eeg\sub-28_ses-1_task-eyesopen_eeg.set,3209
sub-28,ses-1,eyesopen,0,NS,30,250.0,61,1250,3,61,1250,data\sub-28\ses-1\eeg\sub-28_ses-1_task-eyesopen_eeg.set,3210
sub-28,ses-1,eyesopen,0,NS,31,250.0,61,1250,3,61,1250,data\sub-28\ses-1\eeg\sub-28_ses-1_task-eyesopen_eeg.set,3211
sub-28,ses-1,eyesopen,0,NS,32,250.0,61,1250,3,61,1250,data\sub-28\ses-1\eeg\sub-28_ses-1_task-eyesopen_eeg.set,3212
sub-28,ses-1,eyesopen,0,NS,33,250.0,61,1250,3,61,1250,data\sub-28\ses-1\eeg\sub-28_ses-1_task-eyesopen_eeg.set,3213
sub-28,ses-1,eyesopen,0,NS,34,250.0,61,1250,3,61,1250,data\sub-28\ses-1\eeg\sub-28_ses-1_task-eyesopen_eeg.set,3214
sub-28,ses-1,eyesopen,0,NS,35,250.0,61,1250,3,61,1250,data\sub-28\ses-1\eeg\sub-28_ses-1_task-eyesopen_eeg.set,3215
sub-28,ses-1,eyesopen,0,NS,36,250.0,61,1250,3,61,1250,data\sub-28\ses-1\eeg\sub-28_ses-1_task-eyesopen_eeg.set,3216
sub-28,ses-1,eyesopen,0,NS,37,250.0,61,1250,3,61,1250,data\sub-28\ses-1\eeg\sub-28_ses-1_task-eyesopen_eeg.set,3217
sub-28,ses-1,eyesopen,0,NS,38,250.0,61,1250,3,61,1250,data\sub-28\ses-1\eeg\sub-28_ses-1_task-eyesopen_eeg.set,3218
sub-28,ses-1,eyesopen,0,NS,39,250.0,61,1250,3,61,1250,data\sub-28\ses-1\eeg\sub-28_ses-1_task-eyesopen_eeg.set,3219
sub-28,ses-1,eyesopen,0,NS,40,250.0,61,1250,3,61,1250,data\sub-28\ses-1\eeg\sub-28_ses-1_task-eyesopen_eeg.set,3220
sub-28,ses-1,eyesopen,0,NS,41,250.0,61,1250,3,61,1250,data\sub-28\ses-1\eeg\sub-28_ses-1_task-eyesopen_eeg.set,3221
sub-28,ses-1,eyesopen,0,NS,42,250.0,61,1250,3,61,1250,data\sub-28\ses-1\eeg\sub-28_ses-1_task-eyesopen_eeg.set,3222
sub-28,ses-1,eyesopen,0,NS,43,250.0,61,1250,3,61,1250,data\sub-28\ses-1\eeg\sub-28_ses-1_task-eyesopen_eeg.set,3223
sub-28,ses-1,eyesopen,0,NS,44,250.0,61,1250,3,61,1250,data\sub-28\ses-1\eeg\sub-28_ses-1_task-eyesopen_eeg.set,3224
sub-28,ses-1,eyesopen,0,NS,45,250.0,61,1250,3,61,1250,data\sub-28\ses-1\eeg\sub-28_ses-1_task-eyesopen_eeg.set,3225
sub-28,ses-1,eyesopen,0,NS,46,250.0,61,1250,3,61,1250,data\sub-28\ses-1\eeg\sub-28_ses-1_task-eyesopen_eeg.set,3226
sub-28,ses-1,eyesopen,0,NS,47,250.0,61,1250,3,61,1250,data\sub-28\ses-1\eeg\sub-28_ses-1_task-eyesopen_eeg.set,3227
sub-28,ses-1,eyesopen,0,NS,48,250.0,61,1250,3,61,1250,data\sub-28\ses-1\eeg\sub-28_ses-1_task-eyesopen_eeg.set,3228
sub-28,ses-1,eyesopen,0,NS,49,250.0,61,1250,3,61,1250,data\sub-28\ses-1\eeg\sub-28_ses-1_task-eyesopen_eeg.set,3229
sub-28,ses-1,eyesopen,0,NS,50,250.0,61,1250,3,61,1250,data\sub-28\ses-1\eeg\sub-28_ses-1_task-eyesopen_eeg.set,3230
sub-28,ses-1,eyesopen,0,NS,51,250.0,61,1250,3,61,1250,data\sub-28\ses-1\eeg\sub-28_ses-1_task-eyesopen_eeg.set,3231
sub-28,ses-1,eyesopen,0,NS,52,250.0,61,1250,3,61,1250,data\sub-28\ses-1\eeg\sub-28_ses-1_task-eyesopen_eeg.set,3232
sub-28,ses-1,eyesopen,0,NS,53,250.0,61,1250,3,61,1250,data\sub-28\ses-1\eeg\sub-28_ses-1_task-eyesopen_eeg.set,3233
sub-28,ses-1,eyesopen,0,NS,54,250.0,61,1250,3,61,1250,data\sub-28\ses-1\eeg\sub-28_ses-1_task-eyesopen_eeg.set,3234
sub-28,ses-1,eyesopen,0,NS,55,250.0,61,1250,3,61,1250,data\sub-28\ses-1\eeg\sub-28_ses-1_task-eyesopen_eeg.set,3235
sub-28,ses-1,eyesopen,0,NS,56,250.0,61,1250,3,61,1250,data\sub-28\ses-1\eeg\sub-28_ses-1_task-eyesopen_eeg.set,3236
sub-28,ses-1,eyesopen,0,NS,57,250.0,61,1250,3,61,1250,data\sub-28\ses-1\eeg\sub-28_ses-1_task-eyesopen_eeg.set,3237
sub-28,ses-1,eyesopen,0,NS,58,250.0,61,1250,3,61,1250,data\sub-28\ses-1\eeg\sub-28_ses-1_task-eyesopen_eeg.set,3238
sub-28,ses-1,eyesopen,0,NS,59,250.0,61,1250,3,61,1250,data\sub-28\ses-1\eeg\sub-28_ses-1_task-eyesopen_eeg.set,3239
sub-29,ses-1,eyesopen,0,NS,0,250.0,61,1250,3,61,1250,data\sub-29\ses-1\eeg\sub-29_ses-1_task-eyesopen_eeg.set,3240
sub-29,ses-1,eyesopen,0,NS,1,250.0,61,1250,3,61,1250,data\sub-29\ses-1\eeg\sub-29_ses-1_task-eyesopen_eeg.set,3241
sub-29,ses-1,eyesopen,0,NS,2,250.0,61,1250,3,61,1250,data\sub-29\ses-1\eeg\sub-29_ses-1_task-eyesopen_eeg.set,3242
sub-29,ses-1,eyesopen,0,NS,3,250.0,61,1250,3,61,1250,data\sub-29\ses-1\eeg\sub-29_ses-1_task-eyesopen_eeg.set,3243
sub-29,ses-1,eyesopen,0,NS,4,250.0,61,1250,3,61,1250,data\sub-29\ses-1\eeg\sub-29_ses-1_task-eyesopen_eeg.set,3244
sub-29,ses-1,eyesopen,0,NS,5,250.0,61,1250,3,61,1250,data\sub-29\ses-1\eeg\sub-29_ses-1_task-eyesopen_eeg.set,3245
sub-29,ses-1,eyesopen,0,NS,6,250.0,61,1250,3,61,1250,data\sub-29\ses-1\eeg\sub-29_ses-1_task-eyesopen_eeg.set,3246
sub-29,ses-1,eyesopen,0,NS,7,250.0,61,1250,3,61,1250,data\sub-29\ses-1\eeg\sub-29_ses-1_task-eyesopen_eeg.set,3247
sub-29,ses-1,eyesopen,0,NS,8,250.0,61,1250,3,61,1250,data\sub-29\ses-1\eeg\sub-29_ses-1_task-eyesopen_eeg.set,3248
sub-29,ses-1,eyesopen,0,NS,9,250.0,61,1250,3,61,1250,data\sub-29\ses-1\eeg\sub-29_ses-1_task-eyesopen_eeg.set,3249
sub-29,ses-1,eyesopen,0,NS,10,250.0,61,1250,3,61,1250,data\sub-29\ses-1\eeg\sub-29_ses-1_task-eyesopen_eeg.set,3250
sub-29,ses-1,eyesopen,0,NS,11,250.0,61,1250,3,61,1250,data\sub-29\ses-1\eeg\sub-29_ses-1_task-eyesopen_eeg.set,3251
sub-29,ses-1,eyesopen,0,NS,12,250.0,61,1250,3,61,1250,data\sub-29\ses-1\eeg\sub-29_ses-1_task-eyesopen_eeg.set,3252
sub-29,ses-1,eyesopen,0,NS,13,250.0,61,1250,3,61,1250,data\sub-29\ses-1\eeg\sub-29_ses-1_task-eyesopen_eeg.set,3253
sub-29,ses-1,eyesopen,0,NS,14,250.0,61,1250,3,61,1250,data\sub-29\ses-1\eeg\sub-29_ses-1_task-eyesopen_eeg.set,3254
sub-29,ses-1,eyesopen,0,NS,15,250.0,61,1250,3,61,1250,data\sub-29\ses-1\eeg\sub-29_ses-1_task-eyesopen_eeg.set,3255
sub-29,ses-1,eyesopen,0,NS,16,250.0,61,1250,3,61,1250,data\sub-29\ses-1\eeg\sub-29_ses-1_task-eyesopen_eeg.set,3256
sub-29,ses-1,eyesopen,0,NS,17,250.0,61,1250,3,61,1250,data\sub-29\ses-1\eeg\sub-29_ses-1_task-eyesopen_eeg.set,3257
sub-29,ses-1,eyesopen,0,NS,18,250.0,61,1250,3,61,1250,data\sub-29\ses-1\eeg\sub-29_ses-1_task-eyesopen_eeg.set,3258
sub-29,ses-1,eyesopen,0,NS,19,250.0,61,1250,3,61,1250,data\sub-29\ses-1\eeg\sub-29_ses-1_task-eyesopen_eeg.set,3259
sub-29,ses-1,eyesopen,0,NS,20,250.0,61,1250,3,61,1250,data\sub-29\ses-1\eeg\sub-29_ses-1_task-eyesopen_eeg.set,3260
sub-29,ses-1,eyesopen,0,NS,21,250.0,61,1250,3,61,1250,data\sub-29\ses-1\eeg\sub-29_ses-1_task-eyesopen_eeg.set,3261
sub-29,ses-1,eyesopen,0,NS,22,250.0,61,1250,3,61,1250,data\sub-29\ses-1\eeg\sub-29_ses-1_task-eyesopen_eeg.set,3262
sub-29,ses-1,eyesopen,0,NS,23,250.0,61,1250,3,61,1250,data\sub-29\ses-1\eeg\sub-29_ses-1_task-eyesopen_eeg.set,3263
sub-29,ses-1,eyesopen,0,NS,24,250.0,61,1250,3,61,1250,data\sub-29\ses-1\eeg\sub-29_ses-1_task-eyesopen_eeg.set,3264
sub-29,ses-1,eyesopen,0,NS,25,250.0,61,1250,3,61,1250,data\sub-29\ses-1\eeg\sub-29_ses-1_task-eyesopen_eeg.set,3265
sub-29,ses-1,eyesopen,0,NS,26,250.0,61,1250,3,61,1250,data\sub-29\ses-1\eeg\sub-29_ses-1_task-eyesopen_eeg.set,3266
sub-29,ses-1,eyesopen,0,NS,27,250.0,61,1250,3,61,1250,data\sub-29\ses-1\eeg\sub-29_ses-1_task-eyesopen_eeg.set,3267
sub-29,ses-1,eyesopen,0,NS,28,250.0,61,1250,3,61,1250,data\sub-29\ses-1\eeg\sub-29_ses-1_task-eyesopen_eeg.set,3268
sub-29,ses-1,eyesopen,0,NS,29,250.0,61,1250,3,61,1250,data\sub-29\ses-1\eeg\sub-29_ses-1_task-eyesopen_eeg.set,3269
sub-29,ses-1,eyesopen,0,NS,30,250.0,61,1250,3,61,1250,data\sub-29\ses-1\eeg\sub-29_ses-1_task-eyesopen_eeg.set,3270
sub-29,ses-1,eyesopen,0,NS,31,250.0,61,1250,3,61,1250,data\sub-29\ses-1\eeg\sub-29_ses-1_task-eyesopen_eeg.set,3271
sub-29,ses-1,eyesopen,0,NS,32,250.0,61,1250,3,61,1250,data\sub-29\ses-1\eeg\sub-29_ses-1_task-eyesopen_eeg.set,3272
sub-29,ses-1,eyesopen,0,NS,33,250.0,61,1250,3,61,1250,data\sub-29\ses-1\eeg\sub-29_ses-1_task-eyesopen_eeg.set,3273
sub-29,ses-1,eyesopen,0,NS,34,250.0,61,1250,3,61,1250,data\sub-29\ses-1\eeg\sub-29_ses-1_task-eyesopen_eeg.set,3274
sub-29,ses-1,eyesopen,0,NS,35,250.0,61,1250,3,61,1250,data\sub-29\ses-1\eeg\sub-29_ses-1_task-eyesopen_eeg.set,3275
sub-29,ses-1,eyesopen,0,NS,36,250.0,61,1250,3,61,1250,data\sub-29\ses-1\eeg\sub-29_ses-1_task-eyesopen_eeg.set,3276
sub-29,ses-1,eyesopen,0,NS,37,250.0,61,1250,3,61,1250,data\sub-29\ses-1\eeg\sub-29_ses-1_task-eyesopen_eeg.set,3277
sub-29,ses-1,eyesopen,0,NS,38,250.0,61,1250,3,61,1250,data\sub-29\ses-1\eeg\sub-29_ses-1_task-eyesopen_eeg.set,3278
sub-29,ses-1,eyesopen,0,NS,39,250.0,61,1250,3,61,1250,data\sub-29\ses-1\eeg\sub-29_ses-1_task-eyesopen_eeg.set,3279
sub-29,ses-1,eyesopen,0,NS,40,250.0,61,1250,3,61,1250,data\sub-29\ses-1\eeg\sub-29_ses-1_task-eyesopen_eeg.set,3280
sub-29,ses-1,eyesopen,0,NS,41,250.0,61,1250,3,61,1250,data\sub-29\ses-1\eeg\sub-29_ses-1_task-eyesopen_eeg.set,3281
sub-29,ses-1,eyesopen,0,NS,42,250.0,61,1250,3,61,1250,data\sub-29\ses-1\eeg\sub-29_ses-1_task-eyesopen_eeg.set,3282
sub-29,ses-1,eyesopen,0,NS,43,250.0,61,1250,3,61,1250,data\sub-29\ses-1\eeg\sub-29_ses-1_task-eyesopen_eeg.set,3283
sub-29,ses-1,eyesopen,0,NS,44,250.0,61,1250,3,61,1250,data\sub-29\ses-1\eeg\sub-29_ses-1_task-eyesopen_eeg.set,3284
sub-29,ses-1,eyesopen,0,NS,45,250.0,61,1250,3,61,1250,data\sub-29\ses-1\eeg\sub-29_ses-1_task-eyesopen_eeg.set,3285
sub-29,ses-1,eyesopen,0,NS,46,250.0,61,1250,3,61,1250,data\sub-29\ses-1\eeg\sub-29_ses-1_task-eyesopen_eeg.set,3286
sub-29,ses-1,eyesopen,0,NS,47,250.0,61,1250,3,61,1250,data\sub-29\ses-1\eeg\sub-29_ses-1_task-eyesopen_eeg.set,3287
sub-29,ses-1,eyesopen,0,NS,48,250.0,61,1250,3,61,1250,data\sub-29\ses-1\eeg\sub-29_ses-1_task-eyesopen_eeg.set,3288
sub-29,ses-1,eyesopen,0,NS,49,250.0,61,1250,3,61,1250,data\sub-29\ses-1\eeg\sub-29_ses-1_task-eyesopen_eeg.set,3289
sub-29,ses-1,eyesopen,0,NS,50,250.0,61,1250,3,61,1250,data\sub-29\ses-1\eeg\sub-29_ses-1_task-eyesopen_eeg.set,3290
sub-29,ses-1,eyesopen,0,NS,51,250.0,61,1250,3,61,1250,data\sub-29\ses-1\eeg\sub-29_ses-1_task-eyesopen_eeg.set,3291
sub-29,ses-1,eyesopen,0,NS,52,250.0,61,1250,3,61,1250,data\sub-29\ses-1\eeg\sub-29_ses-1_task-eyesopen_eeg.set,3292
sub-29,ses-1,eyesopen,0,NS,53,250.0,61,1250,3,61,1250,data\sub-29\ses-1\eeg\sub-29_ses-1_task-eyesopen_eeg.set,3293
sub-29,ses-1,eyesopen,0,NS,54,250.0,61,1250,3,61,1250,data\sub-29\ses-1\eeg\sub-29_ses-1_task-eyesopen_eeg.set,3294
sub-29,ses-1,eyesopen,0,NS,55,250.0,61,1250,3,61,1250,data\sub-29\ses-1\eeg\sub-29_ses-1_task-eyesopen_eeg.set,3295
sub-29,ses-1,eyesopen,0,NS,56,250.0,61,1250,3,61,1250,data\sub-29\ses-1\eeg\sub-29_ses-1_task-eyesopen_eeg.set,3296
sub-29,ses-1,eyesopen,0,NS,57,250.0,61,1250,3,61,1250,data\sub-29\ses-1\eeg\sub-29_ses-1_task-eyesopen_eeg.set,3297
sub-29,ses-1,eyesopen,0,NS,58,250.0,61,1250,3,61,1250,data\sub-29\ses-1\eeg\sub-29_ses-1_task-eyesopen_eeg.set,3298
sub-29,ses-1,eyesopen,0,NS,59,250.0,61,1250,3,61,1250,data\sub-29\ses-1\eeg\sub-29_ses-1_task-eyesopen_eeg.set,3299
sub-29,ses-2,eyesopen,1,SD,0,250.0,61,1250,3,61,1250,data\sub-29\ses-2\eeg\sub-29_ses-2_task-eyesopen_eeg.set,3300
sub-29,ses-2,eyesopen,1,SD,1,250.0,61,1250,3,61,1250,data\sub-29\ses-2\eeg\sub-29_ses-2_task-eyesopen_eeg.set,3301
sub-29,ses-2,eyesopen,1,SD,2,250.0,61,1250,3,61,1250,data\sub-29\ses-2\eeg\sub-29_ses-2_task-eyesopen_eeg.set,3302
sub-29,ses-2,eyesopen,1,SD,3,250.0,61,1250,3,61,1250,data\sub-29\ses-2\eeg\sub-29_ses-2_task-eyesopen_eeg.set,3303
sub-29,ses-2,eyesopen,1,SD,4,250.0,61,1250,3,61,1250,data\sub-29\ses-2\eeg\sub-29_ses-2_task-eyesopen_eeg.set,3304
sub-29,ses-2,eyesopen,1,SD,5,250.0,61,1250,3,61,1250,data\sub-29\ses-2\eeg\sub-29_ses-2_task-eyesopen_eeg.set,3305
sub-29,ses-2,eyesopen,1,SD,6,250.0,61,1250,3,61,1250,data\sub-29\ses-2\eeg\sub-29_ses-2_task-eyesopen_eeg.set,3306
sub-29,ses-2,eyesopen,1,SD,7,250.0,61,1250,3,61,1250,data\sub-29\ses-2\eeg\sub-29_ses-2_task-eyesopen_eeg.set,3307
sub-29,ses-2,eyesopen,1,SD,8,250.0,61,1250,3,61,1250,data\sub-29\ses-2\eeg\sub-29_ses-2_task-eyesopen_eeg.set,3308
sub-29,ses-2,eyesopen,1,SD,9,250.0,61,1250,3,61,1250,data\sub-29\ses-2\eeg\sub-29_ses-2_task-eyesopen_eeg.set,3309
sub-29,ses-2,eyesopen,1,SD,10,250.0,61,1250,3,61,1250,data\sub-29\ses-2\eeg\sub-29_ses-2_task-eyesopen_eeg.set,3310
sub-29,ses-2,eyesopen,1,SD,11,250.0,61,1250,3,61,1250,data\sub-29\ses-2\eeg\sub-29_ses-2_task-eyesopen_eeg.set,3311
sub-29,ses-2,eyesopen,1,SD,12,250.0,61,1250,3,61,1250,data\sub-29\ses-2\eeg\sub-29_ses-2_task-eyesopen_eeg.set,3312
sub-29,ses-2,eyesopen,1,SD,13,250.0,61,1250,3,61,1250,data\sub-29\ses-2\eeg\sub-29_ses-2_task-eyesopen_eeg.set,3313
sub-29,ses-2,eyesopen,1,SD,14,250.0,61,1250,3,61,1250,data\sub-29\ses-2\eeg\sub-29_ses-2_task-eyesopen_eeg.set,3314
sub-29,ses-2,eyesopen,1,SD,15,250.0,61,1250,3,61,1250,data\sub-29\ses-2\eeg\sub-29_ses-2_task-eyesopen_eeg.set,3315
sub-29,ses-2,eyesopen,1,SD,16,250.0,61,1250,3,61,1250,data\sub-29\ses-2\eeg\sub-29_ses-2_task-eyesopen_eeg.set,3316
sub-29,ses-2,eyesopen,1,SD,17,250.0,61,1250,3,61,1250,data\sub-29\ses-2\eeg\sub-29_ses-2_task-eyesopen_eeg.set,3317
sub-29,ses-2,eyesopen,1,SD,18,250.0,61,1250,3,61,1250,data\sub-29\ses-2\eeg\sub-29_ses-2_task-eyesopen_eeg.set,3318
sub-29,ses-2,eyesopen,1,SD,19,250.0,61,1250,3,61,1250,data\sub-29\ses-2\eeg\sub-29_ses-2_task-eyesopen_eeg.set,3319
sub-29,ses-2,eyesopen,1,SD,20,250.0,61,1250,3,61,1250,data\sub-29\ses-2\eeg\sub-29_ses-2_task-eyesopen_eeg.set,3320
sub-29,ses-2,eyesopen,1,SD,21,250.0,61,1250,3,61,1250,data\sub-29\ses-2\eeg\sub-29_ses-2_task-eyesopen_eeg.set,3321
sub-29,ses-2,eyesopen,1,SD,22,250.0,61,1250,3,61,1250,data\sub-29\ses-2\eeg\sub-29_ses-2_task-eyesopen_eeg.set,3322
sub-29,ses-2,eyesopen,1,SD,23,250.0,61,1250,3,61,1250,data\sub-29\ses-2\eeg\sub-29_ses-2_task-eyesopen_eeg.set,3323
sub-29,ses-2,eyesopen,1,SD,24,250.0,61,1250,3,61,1250,data\sub-29\ses-2\eeg\sub-29_ses-2_task-eyesopen_eeg.set,3324
sub-29,ses-2,eyesopen,1,SD,25,250.0,61,1250,3,61,1250,data\sub-29\ses-2\eeg\sub-29_ses-2_task-eyesopen_eeg.set,3325
sub-29,ses-2,eyesopen,1,SD,26,250.0,61,1250,3,61,1250,data\sub-29\ses-2\eeg\sub-29_ses-2_task-eyesopen_eeg.set,3326
sub-29,ses-2,eyesopen,1,SD,27,250.0,61,1250,3,61,1250,data\sub-29\ses-2\eeg\sub-29_ses-2_task-eyesopen_eeg.set,3327
sub-29,ses-2,eyesopen,1,SD,28,250.0,61,1250,3,61,1250,data\sub-29\ses-2\eeg\sub-29_ses-2_task-eyesopen_eeg.set,3328
sub-29,ses-2,eyesopen,1,SD,29,250.0,61,1250,3,61,1250,data\sub-29\ses-2\eeg\sub-29_ses-2_task-eyesopen_eeg.set,3329
sub-29,ses-2,eyesopen,1,SD,30,250.0,61,1250,3,61,1250,data\sub-29\ses-2\eeg\sub-29_ses-2_task-eyesopen_eeg.set,3330
sub-29,ses-2,eyesopen,1,SD,31,250.0,61,1250,3,61,1250,data\sub-29\ses-2\eeg\sub-29_ses-2_task-eyesopen_eeg.set,3331
sub-29,ses-2,eyesopen,1,SD,32,250.0,61,1250,3,61,1250,data\sub-29\ses-2\eeg\sub-29_ses-2_task-eyesopen_eeg.set,3332
sub-29,ses-2,eyesopen,1,SD,33,250.0,61,1250,3,61,1250,data\sub-29\ses-2\eeg\sub-29_ses-2_task-eyesopen_eeg.set,3333
sub-29,ses-2,eyesopen,1,SD,34,250.0,61,1250,3,61,1250,data\sub-29\ses-2\eeg\sub-29_ses-2_task-eyesopen_eeg.set,3334
sub-29,ses-2,eyesopen,1,SD,35,250.0,61,1250,3,61,1250,data\sub-29\ses-2\eeg\sub-29_ses-2_task-eyesopen_eeg.set,3335
sub-29,ses-2,eyesopen,1,SD,36,250.0,61,1250,3,61,1250,data\sub-29\ses-2\eeg\sub-29_ses-2_task-eyesopen_eeg.set,3336
sub-29,ses-2,eyesopen,1,SD,37,250.0,61,1250,3,61,1250,data\sub-29\ses-2\eeg\sub-29_ses-2_task-eyesopen_eeg.set,3337
sub-29,ses-2,eyesopen,1,SD,38,250.0,61,1250,3,61,1250,data\sub-29\ses-2\eeg\sub-29_ses-2_task-eyesopen_eeg.set,3338
sub-29,ses-2,eyesopen,1,SD,39,250.0,61,1250,3,61,1250,data\sub-29\ses-2\eeg\sub-29_ses-2_task-eyesopen_eeg.set,3339
sub-29,ses-2,eyesopen,1,SD,40,250.0,61,1250,3,61,1250,data\sub-29\ses-2\eeg\sub-29_ses-2_task-eyesopen_eeg.set,3340
sub-29,ses-2,eyesopen,1,SD,41,250.0,61,1250,3,61,1250,data\sub-29\ses-2\eeg\sub-29_ses-2_task-eyesopen_eeg.set,3341
sub-29,ses-2,eyesopen,1,SD,42,250.0,61,1250,3,61,1250,data\sub-29\ses-2\eeg\sub-29_ses-2_task-eyesopen_eeg.set,3342
sub-29,ses-2,eyesopen,1,SD,43,250.0,61,1250,3,61,1250,data\sub-29\ses-2\eeg\sub-29_ses-2_task-eyesopen_eeg.set,3343
sub-29,ses-2,eyesopen,1,SD,44,250.0,61,1250,3,61,1250,data\sub-29\ses-2\eeg\sub-29_ses-2_task-eyesopen_eeg.set,3344
sub-29,ses-2,eyesopen,1,SD,45,250.0,61,1250,3,61,1250,data\sub-29\ses-2\eeg\sub-29_ses-2_task-eyesopen_eeg.set,3345
sub-29,ses-2,eyesopen,1,SD,46,250.0,61,1250,3,61,1250,data\sub-29\ses-2\eeg\sub-29_ses-2_task-eyesopen_eeg.set,3346
sub-29,ses-2,eyesopen,1,SD,47,250.0,61,1250,3,61,1250,data\sub-29\ses-2\eeg\sub-29_ses-2_task-eyesopen_eeg.set,3347
sub-29,ses-2,eyesopen,1,SD,48,250.0,61,1250,3,61,1250,data\sub-29\ses-2\eeg\sub-29_ses-2_task-eyesopen_eeg.set,3348
sub-29,ses-2,eyesopen,1,SD,49,250.0,61,1250,3,61,1250,data\sub-29\ses-2\eeg\sub-29_ses-2_task-eyesopen_eeg.set,3349
sub-29,ses-2,eyesopen,1,SD,50,250.0,61,1250,3,61,1250,data\sub-29\ses-2\eeg\sub-29_ses-2_task-eyesopen_eeg.set,3350
sub-29,ses-2,eyesopen,1,SD,51,250.0,61,1250,3,61,1250,data\sub-29\ses-2\eeg\sub-29_ses-2_task-eyesopen_eeg.set,3351
sub-29,ses-2,eyesopen,1,SD,52,250.0,61,1250,3,61,1250,data\sub-29\ses-2\eeg\sub-29_ses-2_task-eyesopen_eeg.set,3352
sub-29,ses-2,eyesopen,1,SD,53,250.0,61,1250,3,61,1250,data\sub-29\ses-2\eeg\sub-29_ses-2_task-eyesopen_eeg.set,3353
sub-29,ses-2,eyesopen,1,SD,54,250.0,61,1250,3,61,1250,data\sub-29\ses-2\eeg\sub-29_ses-2_task-eyesopen_eeg.set,3354
sub-29,ses-2,eyesopen,1,SD,55,250.0,61,1250,3,61,1250,data\sub-29\ses-2\eeg\sub-29_ses-2_task-eyesopen_eeg.set,3355
sub-29,ses-2,eyesopen,1,SD,56,250.0,61,1250,3,61,1250,data\sub-29\ses-2\eeg\sub-29_ses-2_task-eyesopen_eeg.set,3356
sub-29,ses-2,eyesopen,1,SD,57,250.0,61,1250,3,61,1250,data\sub-29\ses-2\eeg\sub-29_ses-2_task-eyesopen_eeg.set,3357
sub-29,ses-2,eyesopen,1,SD,58,250.0,61,1250,3,61,1250,data\sub-29\ses-2\eeg\sub-29_ses-2_task-eyesopen_eeg.set,3358
sub-29,ses-2,eyesopen,1,SD,59,250.0,61,1250,3,61,1250,data\sub-29\ses-2\eeg\sub-29_ses-2_task-eyesopen_eeg.set,3359
sub-30,ses-1,eyesopen,0,NS,0,250.0,61,1250,3,61,1250,data\sub-30\ses-1\eeg\sub-30_ses-1_task-eyesopen_eeg.set,3360
sub-30,ses-1,eyesopen,0,NS,1,250.0,61,1250,3,61,1250,data\sub-30\ses-1\eeg\sub-30_ses-1_task-eyesopen_eeg.set,3361
sub-30,ses-1,eyesopen,0,NS,2,250.0,61,1250,3,61,1250,data\sub-30\ses-1\eeg\sub-30_ses-1_task-eyesopen_eeg.set,3362
sub-30,ses-1,eyesopen,0,NS,3,250.0,61,1250,3,61,1250,data\sub-30\ses-1\eeg\sub-30_ses-1_task-eyesopen_eeg.set,3363
sub-30,ses-1,eyesopen,0,NS,4,250.0,61,1250,3,61,1250,data\sub-30\ses-1\eeg\sub-30_ses-1_task-eyesopen_eeg.set,3364
sub-30,ses-1,eyesopen,0,NS,5,250.0,61,1250,3,61,1250,data\sub-30\ses-1\eeg\sub-30_ses-1_task-eyesopen_eeg.set,3365
sub-30,ses-1,eyesopen,0,NS,6,250.0,61,1250,3,61,1250,data\sub-30\ses-1\eeg\sub-30_ses-1_task-eyesopen_eeg.set,3366
sub-30,ses-1,eyesopen,0,NS,7,250.0,61,1250,3,61,1250,data\sub-30\ses-1\eeg\sub-30_ses-1_task-eyesopen_eeg.set,3367
sub-30,ses-1,eyesopen,0,NS,8,250.0,61,1250,3,61,1250,data\sub-30\ses-1\eeg\sub-30_ses-1_task-eyesopen_eeg.set,3368
sub-30,ses-1,eyesopen,0,NS,9,250.0,61,1250,3,61,1250,data\sub-30\ses-1\eeg\sub-30_ses-1_task-eyesopen_eeg.set,3369
sub-30,ses-1,eyesopen,0,NS,10,250.0,61,1250,3,61,1250,data\sub-30\ses-1\eeg\sub-30_ses-1_task-eyesopen_eeg.set,3370
sub-30,ses-1,eyesopen,0,NS,11,250.0,61,1250,3,61,1250,data\sub-30\ses-1\eeg\sub-30_ses-1_task-eyesopen_eeg.set,3371
sub-30,ses-1,eyesopen,0,NS,12,250.0,61,1250,3,61,1250,data\sub-30\ses-1\eeg\sub-30_ses-1_task-eyesopen_eeg.set,3372
sub-30,ses-1,eyesopen,0,NS,13,250.0,61,1250,3,61,1250,data\sub-30\ses-1\eeg\sub-30_ses-1_task-eyesopen_eeg.set,3373
sub-30,ses-1,eyesopen,0,NS,14,250.0,61,1250,3,61,1250,data\sub-30\ses-1\eeg\sub-30_ses-1_task-eyesopen_eeg.set,3374
sub-30,ses-1,eyesopen,0,NS,15,250.0,61,1250,3,61,1250,data\sub-30\ses-1\eeg\sub-30_ses-1_task-eyesopen_eeg.set,3375
sub-30,ses-1,eyesopen,0,NS,16,250.0,61,1250,3,61,1250,data\sub-30\ses-1\eeg\sub-30_ses-1_task-eyesopen_eeg.set,3376
sub-30,ses-1,eyesopen,0,NS,17,250.0,61,1250,3,61,1250,data\sub-30\ses-1\eeg\sub-30_ses-1_task-eyesopen_eeg.set,3377
sub-30,ses-1,eyesopen,0,NS,18,250.0,61,1250,3,61,1250,data\sub-30\ses-1\eeg\sub-30_ses-1_task-eyesopen_eeg.set,3378
sub-30,ses-1,eyesopen,0,NS,19,250.0,61,1250,3,61,1250,data\sub-30\ses-1\eeg\sub-30_ses-1_task-eyesopen_eeg.set,3379
sub-30,ses-1,eyesopen,0,NS,20,250.0,61,1250,3,61,1250,data\sub-30\ses-1\eeg\sub-30_ses-1_task-eyesopen_eeg.set,3380
sub-30,ses-1,eyesopen,0,NS,21,250.0,61,1250,3,61,1250,data\sub-30\ses-1\eeg\sub-30_ses-1_task-eyesopen_eeg.set,3381
sub-30,ses-1,eyesopen,0,NS,22,250.0,61,1250,3,61,1250,data\sub-30\ses-1\eeg\sub-30_ses-1_task-eyesopen_eeg.set,3382
sub-30,ses-1,eyesopen,0,NS,23,250.0,61,1250,3,61,1250,data\sub-30\ses-1\eeg\sub-30_ses-1_task-eyesopen_eeg.set,3383
sub-30,ses-1,eyesopen,0,NS,24,250.0,61,1250,3,61,1250,data\sub-30\ses-1\eeg\sub-30_ses-1_task-eyesopen_eeg.set,3384
sub-30,ses-1,eyesopen,0,NS,25,250.0,61,1250,3,61,1250,data\sub-30\ses-1\eeg\sub-30_ses-1_task-eyesopen_eeg.set,3385
sub-30,ses-1,eyesopen,0,NS,26,250.0,61,1250,3,61,1250,data\sub-30\ses-1\eeg\sub-30_ses-1_task-eyesopen_eeg.set,3386
sub-30,ses-1,eyesopen,0,NS,27,250.0,61,1250,3,61,1250,data\sub-30\ses-1\eeg\sub-30_ses-1_task-eyesopen_eeg.set,3387
sub-30,ses-1,eyesopen,0,NS,28,250.0,61,1250,3,61,1250,data\sub-30\ses-1\eeg\sub-30_ses-1_task-eyesopen_eeg.set,3388
sub-30,ses-1,eyesopen,0,NS,29,250.0,61,1250,3,61,1250,data\sub-30\ses-1\eeg\sub-30_ses-1_task-eyesopen_eeg.set,3389
sub-30,ses-1,eyesopen,0,NS,30,250.0,61,1250,3,61,1250,data\sub-30\ses-1\eeg\sub-30_ses-1_task-eyesopen_eeg.set,3390
sub-30,ses-1,eyesopen,0,NS,31,250.0,61,1250,3,61,1250,data\sub-30\ses-1\eeg\sub-30_ses-1_task-eyesopen_eeg.set,3391
sub-30,ses-1,eyesopen,0,NS,32,250.0,61,1250,3,61,1250,data\sub-30\ses-1\eeg\sub-30_ses-1_task-eyesopen_eeg.set,3392
sub-30,ses-1,eyesopen,0,NS,33,250.0,61,1250,3,61,1250,data\sub-30\ses-1\eeg\sub-30_ses-1_task-eyesopen_eeg.set,3393
sub-30,ses-1,eyesopen,0,NS,34,250.0,61,1250,3,61,1250,data\sub-30\ses-1\eeg\sub-30_ses-1_task-eyesopen_eeg.set,3394
sub-30,ses-1,eyesopen,0,NS,35,250.0,61,1250,3,61,1250,data\sub-30\ses-1\eeg\sub-30_ses-1_task-eyesopen_eeg.set,3395
sub-30,ses-1,eyesopen,0,NS,36,250.0,61,1250,3,61,1250,data\sub-30\ses-1\eeg\sub-30_ses-1_task-eyesopen_eeg.set,3396
sub-30,ses-1,eyesopen,0,NS,37,250.0,61,1250,3,61,1250,data\sub-30\ses-1\eeg\sub-30_ses-1_task-eyesopen_eeg.set,3397
sub-30,ses-1,eyesopen,0,NS,38,250.0,61,1250,3,61,1250,data\sub-30\ses-1\eeg\sub-30_ses-1_task-eyesopen_eeg.set,3398
sub-30,ses-1,eyesopen,0,NS,39,250.0,61,1250,3,61,1250,data\sub-30\ses-1\eeg\sub-30_ses-1_task-eyesopen_eeg.set,3399
sub-30,ses-1,eyesopen,0,NS,40,250.0,61,1250,3,61,1250,data\sub-30\ses-1\eeg\sub-30_ses-1_task-eyesopen_eeg.set,3400
sub-30,ses-1,eyesopen,0,NS,41,250.0,61,1250,3,61,1250,data\sub-30\ses-1\eeg\sub-30_ses-1_task-eyesopen_eeg.set,3401
sub-30,ses-1,eyesopen,0,NS,42,250.0,61,1250,3,61,1250,data\sub-30\ses-1\eeg\sub-30_ses-1_task-eyesopen_eeg.set,3402
sub-30,ses-1,eyesopen,0,NS,43,250.0,61,1250,3,61,1250,data\sub-30\ses-1\eeg\sub-30_ses-1_task-eyesopen_eeg.set,3403
sub-30,ses-1,eyesopen,0,NS,44,250.0,61,1250,3,61,1250,data\sub-30\ses-1\eeg\sub-30_ses-1_task-eyesopen_eeg.set,3404
sub-30,ses-1,eyesopen,0,NS,45,250.0,61,1250,3,61,1250,data\sub-30\ses-1\eeg\sub-30_ses-1_task-eyesopen_eeg.set,3405
sub-30,ses-1,eyesopen,0,NS,46,250.0,61,1250,3,61,1250,data\sub-30\ses-1\eeg\sub-30_ses-1_task-eyesopen_eeg.set,3406
sub-30,ses-1,eyesopen,0,NS,47,250.0,61,1250,3,61,1250,data\sub-30\ses-1\eeg\sub-30_ses-1_task-eyesopen_eeg.set,3407
sub-30,ses-1,eyesopen,0,NS,48,250.0,61,1250,3,61,1250,data\sub-30\ses-1\eeg\sub-30_ses-1_task-eyesopen_eeg.set,3408
sub-30,ses-1,eyesopen,0,NS,49,250.0,61,1250,3,61,1250,data\sub-30\ses-1\eeg\sub-30_ses-1_task-eyesopen_eeg.set,3409
sub-30,ses-1,eyesopen,0,NS,50,250.0,61,1250,3,61,1250,data\sub-30\ses-1\eeg\sub-30_ses-1_task-eyesopen_eeg.set,3410
sub-30,ses-1,eyesopen,0,NS,51,250.0,61,1250,3,61,1250,data\sub-30\ses-1\eeg\sub-30_ses-1_task-eyesopen_eeg.set,3411
sub-30,ses-1,eyesopen,0,NS,52,250.0,61,1250,3,61,1250,data\sub-30\ses-1\eeg\sub-30_ses-1_task-eyesopen_eeg.set,3412
sub-30,ses-1,eyesopen,0,NS,53,250.0,61,1250,3,61,1250,data\sub-30\ses-1\eeg\sub-30_ses-1_task-eyesopen_eeg.set,3413
sub-30,ses-1,eyesopen,0,NS,54,250.0,61,1250,3,61,1250,data\sub-30\ses-1\eeg\sub-30_ses-1_task-eyesopen_eeg.set,3414
sub-30,ses-1,eyesopen,0,NS,55,250.0,61,1250,3,61,1250,data\sub-30\ses-1\eeg\sub-30_ses-1_task-eyesopen_eeg.set,3415
sub-30,ses-1,eyesopen,0,NS,56,250.0,61,1250,3,61,1250,data\sub-30\ses-1\eeg\sub-30_ses-1_task-eyesopen_eeg.set,3416
sub-30,ses-1,eyesopen,0,NS,57,250.0,61,1250,3,61,1250,data\sub-30\ses-1\eeg\sub-30_ses-1_task-eyesopen_eeg.set,3417
sub-30,ses-1,eyesopen,0,NS,58,250.0,61,1250,3,61,1250,data\sub-30\ses-1\eeg\sub-30_ses-1_task-eyesopen_eeg.set,3418
sub-30,ses-1,eyesopen,0,NS,59,250.0,61,1250,3,61,1250,data\sub-30\ses-1\eeg\sub-30_ses-1_task-eyesopen_eeg.set,3419
sub-30,ses-2,eyesopen,1,SD,0,250.0,61,1250,3,61,1250,data\sub-30\ses-2\eeg\sub-30_ses-2_task-eyesopen_eeg.set,3420
sub-30,ses-2,eyesopen,1,SD,1,250.0,61,1250,3,61,1250,data\sub-30\ses-2\eeg\sub-30_ses-2_task-eyesopen_eeg.set,3421
sub-30,ses-2,eyesopen,1,SD,2,250.0,61,1250,3,61,1250,data\sub-30\ses-2\eeg\sub-30_ses-2_task-eyesopen_eeg.set,3422
sub-30,ses-2,eyesopen,1,SD,3,250.0,61,1250,3,61,1250,data\sub-30\ses-2\eeg\sub-30_ses-2_task-eyesopen_eeg.set,3423
sub-30,ses-2,eyesopen,1,SD,4,250.0,61,1250,3,61,1250,data\sub-30\ses-2\eeg\sub-30_ses-2_task-eyesopen_eeg.set,3424
sub-30,ses-2,eyesopen,1,SD,5,250.0,61,1250,3,61,1250,data\sub-30\ses-2\eeg\sub-30_ses-2_task-eyesopen_eeg.set,3425
sub-30,ses-2,eyesopen,1,SD,6,250.0,61,1250,3,61,1250,data\sub-30\ses-2\eeg\sub-30_ses-2_task-eyesopen_eeg.set,3426
sub-30,ses-2,eyesopen,1,SD,7,250.0,61,1250,3,61,1250,data\sub-30\ses-2\eeg\sub-30_ses-2_task-eyesopen_eeg.set,3427
sub-30,ses-2,eyesopen,1,SD,8,250.0,61,1250,3,61,1250,data\sub-30\ses-2\eeg\sub-30_ses-2_task-eyesopen_eeg.set,3428
sub-30,ses-2,eyesopen,1,SD,9,250.0,61,1250,3,61,1250,data\sub-30\ses-2\eeg\sub-30_ses-2_task-eyesopen_eeg.set,3429
sub-30,ses-2,eyesopen,1,SD,10,250.0,61,1250,3,61,1250,data\sub-30\ses-2\eeg\sub-30_ses-2_task-eyesopen_eeg.set,3430
sub-30,ses-2,eyesopen,1,SD,11,250.0,61,1250,3,61,1250,data\sub-30\ses-2\eeg\sub-30_ses-2_task-eyesopen_eeg.set,3431
sub-30,ses-2,eyesopen,1,SD,12,250.0,61,1250,3,61,1250,data\sub-30\ses-2\eeg\sub-30_ses-2_task-eyesopen_eeg.set,3432
sub-30,ses-2,eyesopen,1,SD,13,250.0,61,1250,3,61,1250,data\sub-30\ses-2\eeg\sub-30_ses-2_task-eyesopen_eeg.set,3433
sub-30,ses-2,eyesopen,1,SD,14,250.0,61,1250,3,61,1250,data\sub-30\ses-2\eeg\sub-30_ses-2_task-eyesopen_eeg.set,3434
sub-30,ses-2,eyesopen,1,SD,15,250.0,61,1250,3,61,1250,data\sub-30\ses-2\eeg\sub-30_ses-2_task-eyesopen_eeg.set,3435
sub-30,ses-2,eyesopen,1,SD,16,250.0,61,1250,3,61,1250,data\sub-30\ses-2\eeg\sub-30_ses-2_task-eyesopen_eeg.set,3436
sub-30,ses-2,eyesopen,1,SD,17,250.0,61,1250,3,61,1250,data\sub-30\ses-2\eeg\sub-30_ses-2_task-eyesopen_eeg.set,3437
sub-30,ses-2,eyesopen,1,SD,18,250.0,61,1250,3,61,1250,data\sub-30\ses-2\eeg\sub-30_ses-2_task-eyesopen_eeg.set,3438
sub-30,ses-2,eyesopen,1,SD,19,250.0,61,1250,3,61,1250,data\sub-30\ses-2\eeg\sub-30_ses-2_task-eyesopen_eeg.set,3439
sub-30,ses-2,eyesopen,1,SD,20,250.0,61,1250,3,61,1250,data\sub-30\ses-2\eeg\sub-30_ses-2_task-eyesopen_eeg.set,3440
sub-30,ses-2,eyesopen,1,SD,21,250.0,61,1250,3,61,1250,data\sub-30\ses-2\eeg\sub-30_ses-2_task-eyesopen_eeg.set,3441
sub-30,ses-2,eyesopen,1,SD,22,250.0,61,1250,3,61,1250,data\sub-30\ses-2\eeg\sub-30_ses-2_task-eyesopen_eeg.set,3442
sub-30,ses-2,eyesopen,1,SD,23,250.0,61,1250,3,61,1250,data\sub-30\ses-2\eeg\sub-30_ses-2_task-eyesopen_eeg.set,3443
sub-30,ses-2,eyesopen,1,SD,24,250.0,61,1250,3,61,1250,data\sub-30\ses-2\eeg\sub-30_ses-2_task-eyesopen_eeg.set,3444
sub-30,ses-2,eyesopen,1,SD,25,250.0,61,1250,3,61,1250,data\sub-30\ses-2\eeg\sub-30_ses-2_task-eyesopen_eeg.set,3445
sub-30,ses-2,eyesopen,1,SD,26,250.0,61,1250,3,61,1250,data\sub-30\ses-2\eeg\sub-30_ses-2_task-eyesopen_eeg.set,3446
sub-30,ses-2,eyesopen,1,SD,27,250.0,61,1250,3,61,1250,data\sub-30\ses-2\eeg\sub-30_ses-2_task-eyesopen_eeg.set,3447
sub-30,ses-2,eyesopen,1,SD,28,250.0,61,1250,3,61,1250,data\sub-30\ses-2\eeg\sub-30_ses-2_task-eyesopen_eeg.set,3448
sub-30,ses-2,eyesopen,1,SD,29,250.0,61,1250,3,61,1250,data\sub-30\ses-2\eeg\sub-30_ses-2_task-eyesopen_eeg.set,3449
sub-30,ses-2,eyesopen,1,SD,30,250.0,61,1250,3,61,1250,data\sub-30\ses-2\eeg\sub-30_ses-2_task-eyesopen_eeg.set,3450
sub-30,ses-2,eyesopen,1,SD,31,250.0,61,1250,3,61,1250,data\sub-30\ses-2\eeg\sub-30_ses-2_task-eyesopen_eeg.set,3451
sub-30,ses-2,eyesopen,1,SD,32,250.0,61,1250,3,61,1250,data\sub-30\ses-2\eeg\sub-30_ses-2_task-eyesopen_eeg.set,3452
sub-30,ses-2,eyesopen,1,SD,33,250.0,61,1250,3,61,1250,data\sub-30\ses-2\eeg\sub-30_ses-2_task-eyesopen_eeg.set,3453
sub-30,ses-2,eyesopen,1,SD,34,250.0,61,1250,3,61,1250,data\sub-30\ses-2\eeg\sub-30_ses-2_task-eyesopen_eeg.set,3454
sub-30,ses-2,eyesopen,1,SD,35,250.0,61,1250,3,61,1250,data\sub-30\ses-2\eeg\sub-30_ses-2_task-eyesopen_eeg.set,3455
sub-30,ses-2,eyesopen,1,SD,36,250.0,61,1250,3,61,1250,data\sub-30\ses-2\eeg\sub-30_ses-2_task-eyesopen_eeg.set,3456
sub-30,ses-2,eyesopen,1,SD,37,250.0,61,1250,3,61,1250,data\sub-30\ses-2\eeg\sub-30_ses-2_task-eyesopen_eeg.set,3457
sub-30,ses-2,eyesopen,1,SD,38,250.0,61,1250,3,61,1250,data\sub-30\ses-2\eeg\sub-30_ses-2_task-eyesopen_eeg.set,3458
sub-30,ses-2,eyesopen,1,SD,39,250.0,61,1250,3,61,1250,data\sub-30\ses-2\eeg\sub-30_ses-2_task-eyesopen_eeg.set,3459
sub-30,ses-2,eyesopen,1,SD,40,250.0,61,1250,3,61,1250,data\sub-30\ses-2\eeg\sub-30_ses-2_task-eyesopen_eeg.set,3460
sub-30,ses-2,eyesopen,1,SD,41,250.0,61,1250,3,61,1250,data\sub-30\ses-2\eeg\sub-30_ses-2_task-eyesopen_eeg.set,3461
sub-30,ses-2,eyesopen,1,SD,42,250.0,61,1250,3,61,1250,data\sub-30\ses-2\eeg\sub-30_ses-2_task-eyesopen_eeg.set,3462
sub-30,ses-2,eyesopen,1,SD,43,250.0,61,1250,3,61,1250,data\sub-30\ses-2\eeg\sub-30_ses-2_task-eyesopen_eeg.set,3463
sub-30,ses-2,eyesopen,1,SD,44,250.0,61,1250,3,61,1250,data\sub-30\ses-2\eeg\sub-30_ses-2_task-eyesopen_eeg.set,3464
sub-30,ses-2,eyesopen,1,SD,45,250.0,61,1250,3,61,1250,data\sub-30\ses-2\eeg\sub-30_ses-2_task-eyesopen_eeg.set,3465
sub-30,ses-2,eyesopen,1,SD,46,250.0,61,1250,3,61,1250,data\sub-30\ses-2\eeg\sub-30_ses-2_task-eyesopen_eeg.set,3466
sub-30,ses-2,eyesopen,1,SD,47,250.0,61,1250,3,61,1250,data\sub-30\ses-2\eeg\sub-30_ses-2_task-eyesopen_eeg.set,3467
sub-30,ses-2,eyesopen,1,SD,48,250.0,61,1250,3,61,1250,data\sub-30\ses-2\eeg\sub-30_ses-2_task-eyesopen_eeg.set,3468
sub-30,ses-2,eyesopen,1,SD,49,250.0,61,1250,3,61,1250,data\sub-30\ses-2\eeg\sub-30_ses-2_task-eyesopen_eeg.set,3469
sub-30,ses-2,eyesopen,1,SD,50,250.0,61,1250,3,61,1250,data\sub-30\ses-2\eeg\sub-30_ses-2_task-eyesopen_eeg.set,3470
sub-30,ses-2,eyesopen,1,SD,51,250.0,61,1250,3,61,1250,data\sub-30\ses-2\eeg\sub-30_ses-2_task-eyesopen_eeg.set,3471
sub-30,ses-2,eyesopen,1,SD,52,250.0,61,1250,3,61,1250,data\sub-30\ses-2\eeg\sub-30_ses-2_task-eyesopen_eeg.set,3472
sub-30,ses-2,eyesopen,1,SD,53,250.0,61,1250,3,61,1250,data\sub-30\ses-2\eeg\sub-30_ses-2_task-eyesopen_eeg.set,3473
sub-30,ses-2,eyesopen,1,SD,54,250.0,61,1250,3,61,1250,data\sub-30\ses-2\eeg\sub-30_ses-2_task-eyesopen_eeg.set,3474
sub-30,ses-2,eyesopen,1,SD,55,250.0,61,1250,3,61,1250,data\sub-30\ses-2\eeg\sub-30_ses-2_task-eyesopen_eeg.set,3475
sub-30,ses-2,eyesopen,1,SD,56,250.0,61,1250,3,61,1250,data\sub-30\ses-2\eeg\sub-30_ses-2_task-eyesopen_eeg.set,3476
sub-30,ses-2,eyesopen,1,SD,57,250.0,61,1250,3,61,1250,data\sub-30\ses-2\eeg\sub-30_ses-2_task-eyesopen_eeg.set,3477
sub-30,ses-2,eyesopen,1,SD,58,250.0,61,1250,3,61,1250,data\sub-30\ses-2\eeg\sub-30_ses-2_task-eyesopen_eeg.set,3478
sub-30,ses-2,eyesopen,1,SD,59,250.0,61,1250,3,61,1250,data\sub-30\ses-2\eeg\sub-30_ses-2_task-eyesopen_eeg.set,3479
sub-33,ses-1,eyesopen,0,NS,0,250.0,61,1250,3,61,1250,data\sub-33\ses-1\eeg\sub-33_ses-1_task-eyesopen_eeg.set,3720
sub-33,ses-1,eyesopen,0,NS,1,250.0,61,1250,3,61,1250,data\sub-33\ses-1\eeg\sub-33_ses-1_task-eyesopen_eeg.set,3721
sub-33,ses-1,eyesopen,0,NS,2,250.0,61,1250,3,61,1250,data\sub-33\ses-1\eeg\sub-33_ses-1_task-eyesopen_eeg.set,3722
sub-33,ses-1,eyesopen,0,NS,3,250.0,61,1250,3,61,1250,data\sub-33\ses-1\eeg\sub-33_ses-1_task-eyesopen_eeg.set,3723
sub-33,ses-1,eyesopen,0,NS,4,250.0,61,1250,3,61,1250,data\sub-33\ses-1\eeg\sub-33_ses-1_task-eyesopen_eeg.set,3724
sub-33,ses-1,eyesopen,0,NS,5,250.0,61,1250,3,61,1250,data\sub-33\ses-1\eeg\sub-33_ses-1_task-eyesopen_eeg.set,3725
sub-33,ses-1,eyesopen,0,NS,6,250.0,61,1250,3,61,1250,data\sub-33\ses-1\eeg\sub-33_ses-1_task-eyesopen_eeg.set,3726
sub-33,ses-1,eyesopen,0,NS,7,250.0,61,1250,3,61,1250,data\sub-33\ses-1\eeg\sub-33_ses-1_task-eyesopen_eeg.set,3727
sub-33,ses-1,eyesopen,0,NS,8,250.0,61,1250,3,61,1250,data\sub-33\ses-1\eeg\sub-33_ses-1_task-eyesopen_eeg.set,3728
sub-33,ses-1,eyesopen,0,NS,9,250.0,61,1250,3,61,1250,data\sub-33\ses-1\eeg\sub-33_ses-1_task-eyesopen_eeg.set,3729
sub-33,ses-1,eyesopen,0,NS,10,250.0,61,1250,3,61,1250,data\sub-33\ses-1\eeg\sub-33_ses-1_task-eyesopen_eeg.set,3730
sub-33,ses-1,eyesopen,0,NS,11,250.0,61,1250,3,61,1250,data\sub-33\ses-1\eeg\sub-33_ses-1_task-eyesopen_eeg.set,3731
sub-33,ses-1,eyesopen,0,NS,12,250.0,61,1250,3,61,1250,data\sub-33\ses-1\eeg\sub-33_ses-1_task-eyesopen_eeg.set,3732
sub-33,ses-1,eyesopen,0,NS,13,250.0,61,1250,3,61,1250,data\sub-33\ses-1\eeg\sub-33_ses-1_task-eyesopen_eeg.set,3733
sub-33,ses-1,eyesopen,0,NS,14,250.0,61,1250,3,61,1250,data\sub-33\ses-1\eeg\sub-33_ses-1_task-eyesopen_eeg.set,3734
sub-33,ses-1,eyesopen,0,NS,15,250.0,61,1250,3,61,1250,data\sub-33\ses-1\eeg\sub-33_ses-1_task-eyesopen_eeg.set,3735
sub-33,ses-1,eyesopen,0,NS,16,250.0,61,1250,3,61,1250,data\sub-33\ses-1\eeg\sub-33_ses-1_task-eyesopen_eeg.set,3736
sub-33,ses-1,eyesopen,0,NS,17,250.0,61,1250,3,61,1250,data\sub-33\ses-1\eeg\sub-33_ses-1_task-eyesopen_eeg.set,3737
sub-33,ses-1,eyesopen,0,NS,18,250.0,61,1250,3,61,1250,data\sub-33\ses-1\eeg\sub-33_ses-1_task-eyesopen_eeg.set,3738
sub-33,ses-1,eyesopen,0,NS,19,250.0,61,1250,3,61,1250,data\sub-33\ses-1\eeg\sub-33_ses-1_task-eyesopen_eeg.set,3739
sub-33,ses-1,eyesopen,0,NS,20,250.0,61,1250,3,61,1250,data\sub-33\ses-1\eeg\sub-33_ses-1_task-eyesopen_eeg.set,3740
sub-33,ses-1,eyesopen,0,NS,21,250.0,61,1250,3,61,1250,data\sub-33\ses-1\eeg\sub-33_ses-1_task-eyesopen_eeg.set,3741
sub-33,ses-1,eyesopen,0,NS,22,250.0,61,1250,3,61,1250,data\sub-33\ses-1\eeg\sub-33_ses-1_task-eyesopen_eeg.set,3742
sub-33,ses-1,eyesopen,0,NS,23,250.0,61,1250,3,61,1250,data\sub-33\ses-1\eeg\sub-33_ses-1_task-eyesopen_eeg.set,3743
sub-33,ses-1,eyesopen,0,NS,24,250.0,61,1250,3,61,1250,data\sub-33\ses-1\eeg\sub-33_ses-1_task-eyesopen_eeg.set,3744
sub-33,ses-1,eyesopen,0,NS,25,250.0,61,1250,3,61,1250,data\sub-33\ses-1\eeg\sub-33_ses-1_task-eyesopen_eeg.set,3745
sub-33,ses-1,eyesopen,0,NS,26,250.0,61,1250,3,61,1250,data\sub-33\ses-1\eeg\sub-33_ses-1_task-eyesopen_eeg.set,3746
sub-33,ses-1,eyesopen,0,NS,27,250.0,61,1250,3,61,1250,data\sub-33\ses-1\eeg\sub-33_ses-1_task-eyesopen_eeg.set,3747
sub-33,ses-1,eyesopen,0,NS,28,250.0,61,1250,3,61,1250,data\sub-33\ses-1\eeg\sub-33_ses-1_task-eyesopen_eeg.set,3748
sub-33,ses-1,eyesopen,0,NS,29,250.0,61,1250,3,61,1250,data\sub-33\ses-1\eeg\sub-33_ses-1_task-eyesopen_eeg.set,3749
sub-33,ses-1,eyesopen,0,NS,30,250.0,61,1250,3,61,1250,data\sub-33\ses-1\eeg\sub-33_ses-1_task-eyesopen_eeg.set,3750
sub-33,ses-1,eyesopen,0,NS,31,250.0,61,1250,3,61,1250,data\sub-33\ses-1\eeg\sub-33_ses-1_task-eyesopen_eeg.set,3751
sub-33,ses-1,eyesopen,0,NS,32,250.0,61,1250,3,61,1250,data\sub-33\ses-1\eeg\sub-33_ses-1_task-eyesopen_eeg.set,3752
sub-33,ses-1,eyesopen,0,NS,33,250.0,61,1250,3,61,1250,data\sub-33\ses-1\eeg\sub-33_ses-1_task-eyesopen_eeg.set,3753
sub-33,ses-1,eyesopen,0,NS,34,250.0,61,1250,3,61,1250,data\sub-33\ses-1\eeg\sub-33_ses-1_task-eyesopen_eeg.set,3754
sub-33,ses-1,eyesopen,0,NS,35,250.0,61,1250,3,61,1250,data\sub-33\ses-1\eeg\sub-33_ses-1_task-eyesopen_eeg.set,3755
sub-33,ses-1,eyesopen,0,NS,36,250.0,61,1250,3,61,1250,data\sub-33\ses-1\eeg\sub-33_ses-1_task-eyesopen_eeg.set,3756
sub-33,ses-1,eyesopen,0,NS,37,250.0,61,1250,3,61,1250,data\sub-33\ses-1\eeg\sub-33_ses-1_task-eyesopen_eeg.set,3757
sub-33,ses-1,eyesopen,0,NS,38,250.0,61,1250,3,61,1250,data\sub-33\ses-1\eeg\sub-33_ses-1_task-eyesopen_eeg.set,3758
sub-33,ses-1,eyesopen,0,NS,39,250.0,61,1250,3,61,1250,data\sub-33\ses-1\eeg\sub-33_ses-1_task-eyesopen_eeg.set,3759
sub-33,ses-1,eyesopen,0,NS,40,250.0,61,1250,3,61,1250,data\sub-33\ses-1\eeg\sub-33_ses-1_task-eyesopen_eeg.set,3760
sub-33,ses-1,eyesopen,0,NS,41,250.0,61,1250,3,61,1250,data\sub-33\ses-1\eeg\sub-33_ses-1_task-eyesopen_eeg.set,3761
sub-33,ses-1,eyesopen,0,NS,42,250.0,61,1250,3,61,1250,data\sub-33\ses-1\eeg\sub-33_ses-1_task-eyesopen_eeg.set,3762
sub-33,ses-1,eyesopen,0,NS,43,250.0,61,1250,3,61,1250,data\sub-33\ses-1\eeg\sub-33_ses-1_task-eyesopen_eeg.set,3763
sub-33,ses-1,eyesopen,0,NS,44,250.0,61,1250,3,61,1250,data\sub-33\ses-1\eeg\sub-33_ses-1_task-eyesopen_eeg.set,3764
sub-33,ses-1,eyesopen,0,NS,45,250.0,61,1250,3,61,1250,data\sub-33\ses-1\eeg\sub-33_ses-1_task-eyesopen_eeg.set,3765
sub-33,ses-1,eyesopen,0,NS,46,250.0,61,1250,3,61,1250,data\sub-33\ses-1\eeg\sub-33_ses-1_task-eyesopen_eeg.set,3766
sub-33,ses-1,eyesopen,0,NS,47,250.0,61,1250,3,61,1250,data\sub-33\ses-1\eeg\sub-33_ses-1_task-eyesopen_eeg.set,3767
sub-33,ses-1,eyesopen,0,NS,48,250.0,61,1250,3,61,1250,data\sub-33\ses-1\eeg\sub-33_ses-1_task-eyesopen_eeg.set,3768
sub-33,ses-1,eyesopen,0,NS,49,250.0,61,1250,3,61,1250,data\sub-33\ses-1\eeg\sub-33_ses-1_task-eyesopen_eeg.set,3769
sub-33,ses-1,eyesopen,0,NS,50,250.0,61,1250,3,61,1250,data\sub-33\ses-1\eeg\sub-33_ses-1_task-eyesopen_eeg.set,3770
sub-33,ses-1,eyesopen,0,NS,51,250.0,61,1250,3,61,1250,data\sub-33\ses-1\eeg\sub-33_ses-1_task-eyesopen_eeg.set,3771
sub-33,ses-1,eyesopen,0,NS,52,250.0,61,1250,3,61,1250,data\sub-33\ses-1\eeg\sub-33_ses-1_task-eyesopen_eeg.set,3772
sub-33,ses-1,eyesopen,0,NS,53,250.0,61,1250,3,61,1250,data\sub-33\ses-1\eeg\sub-33_ses-1_task-eyesopen_eeg.set,3773
sub-33,ses-1,eyesopen,0,NS,54,250.0,61,1250,3,61,1250,data\sub-33\ses-1\eeg\sub-33_ses-1_task-eyesopen_eeg.set,3774
sub-33,ses-1,eyesopen,0,NS,55,250.0,61,1250,3,61,1250,data\sub-33\ses-1\eeg\sub-33_ses-1_task-eyesopen_eeg.set,3775
sub-33,ses-1,eyesopen,0,NS,56,250.0,61,1250,3,61,1250,data\sub-33\ses-1\eeg\sub-33_ses-1_task-eyesopen_eeg.set,3776
sub-33,ses-1,eyesopen,0,NS,57,250.0,61,1250,3,61,1250,data\sub-33\ses-1\eeg\sub-33_ses-1_task-eyesopen_eeg.set,3777
sub-33,ses-1,eyesopen,0,NS,58,250.0,61,1250,3,61,1250,data\sub-33\ses-1\eeg\sub-33_ses-1_task-eyesopen_eeg.set,3778
sub-33,ses-1,eyesopen,0,NS,59,250.0,61,1250,3,61,1250,data\sub-33\ses-1\eeg\sub-33_ses-1_task-eyesopen_eeg.set,3779
sub-33,ses-2,eyesopen,1,SD,0,250.0,61,1250,3,61,1250,data\sub-33\ses-2\eeg\sub-33_ses-2_task-eyesopen_eeg.set,3780
sub-33,ses-2,eyesopen,1,SD,1,250.0,61,1250,3,61,1250,data\sub-33\ses-2\eeg\sub-33_ses-2_task-eyesopen_eeg.set,3781
sub-33,ses-2,eyesopen,1,SD,2,250.0,61,1250,3,61,1250,data\sub-33\ses-2\eeg\sub-33_ses-2_task-eyesopen_eeg.set,3782
sub-33,ses-2,eyesopen,1,SD,3,250.0,61,1250,3,61,1250,data\sub-33\ses-2\eeg\sub-33_ses-2_task-eyesopen_eeg.set,3783
sub-33,ses-2,eyesopen,1,SD,4,250.0,61,1250,3,61,1250,data\sub-33\ses-2\eeg\sub-33_ses-2_task-eyesopen_eeg.set,3784
sub-33,ses-2,eyesopen,1,SD,5,250.0,61,1250,3,61,1250,data\sub-33\ses-2\eeg\sub-33_ses-2_task-eyesopen_eeg.set,3785
sub-33,ses-2,eyesopen,1,SD,6,250.0,61,1250,3,61,1250,data\sub-33\ses-2\eeg\sub-33_ses-2_task-eyesopen_eeg.set,3786
sub-33,ses-2,eyesopen,1,SD,7,250.0,61,1250,3,61,1250,data\sub-33\ses-2\eeg\sub-33_ses-2_task-eyesopen_eeg.set,3787
sub-33,ses-2,eyesopen,1,SD,8,250.0,61,1250,3,61,1250,data\sub-33\ses-2\eeg\sub-33_ses-2_task-eyesopen_eeg.set,3788
sub-33,ses-2,eyesopen,1,SD,9,250.0,61,1250,3,61,1250,data\sub-33\ses-2\eeg\sub-33_ses-2_task-eyesopen_eeg.set,3789
sub-33,ses-2,eyesopen,1,SD,10,250.0,61,1250,3,61,1250,data\sub-33\ses-2\eeg\sub-33_ses-2_task-eyesopen_eeg.set,3790
sub-33,ses-2,eyesopen,1,SD,11,250.0,61,1250,3,61,1250,data\sub-33\ses-2\eeg\sub-33_ses-2_task-eyesopen_eeg.set,3791
sub-33,ses-2,eyesopen,1,SD,12,250.0,61,1250,3,61,1250,data\sub-33\ses-2\eeg\sub-33_ses-2_task-eyesopen_eeg.set,3792
sub-33,ses-2,eyesopen,1,SD,13,250.0,61,1250,3,61,1250,data\sub-33\ses-2\eeg\sub-33_ses-2_task-eyesopen_eeg.set,3793
sub-33,ses-2,eyesopen,1,SD,14,250.0,61,1250,3,61,1250,data\sub-33\ses-2\eeg\sub-33_ses-2_task-eyesopen_eeg.set,3794
sub-33,ses-2,eyesopen,1,SD,15,250.0,61,1250,3,61,1250,data\sub-33\ses-2\eeg\sub-33_ses-2_task-eyesopen_eeg.set,3795
sub-33,ses-2,eyesopen,1,SD,16,250.0,61,1250,3,61,1250,data\sub-33\ses-2\eeg\sub-33_ses-2_task-eyesopen_eeg.set,3796
sub-33,ses-2,eyesopen,1,SD,17,250.0,61,1250,3,61,1250,data\sub-33\ses-2\eeg\sub-33_ses-2_task-eyesopen_eeg.set,3797
sub-33,ses-2,eyesopen,1,SD,18,250.0,61,1250,3,61,1250,data\sub-33\ses-2\eeg\sub-33_ses-2_task-eyesopen_eeg.set,3798
sub-33,ses-2,eyesopen,1,SD,19,250.0,61,1250,3,61,1250,data\sub-33\ses-2\eeg\sub-33_ses-2_task-eyesopen_eeg.set,3799
sub-33,ses-2,eyesopen,1,SD,20,250.0,61,1250,3,61,1250,data\sub-33\ses-2\eeg\sub-33_ses-2_task-eyesopen_eeg.set,3800
sub-33,ses-2,eyesopen,1,SD,21,250.0,61,1250,3,61,1250,data\sub-33\ses-2\eeg\sub-33_ses-2_task-eyesopen_eeg.set,3801
sub-33,ses-2,eyesopen,1,SD,22,250.0,61,1250,3,61,1250,data\sub-33\ses-2\eeg\sub-33_ses-2_task-eyesopen_eeg.set,3802
sub-33,ses-2,eyesopen,1,SD,23,250.0,61,1250,3,61,1250,data\sub-33\ses-2\eeg\sub-33_ses-2_task-eyesopen_eeg.set,3803
sub-33,ses-2,eyesopen,1,SD,24,250.0,61,1250,3,61,1250,data\sub-33\ses-2\eeg\sub-33_ses-2_task-eyesopen_eeg.set,3804
sub-33,ses-2,eyesopen,1,SD,25,250.0,61,1250,3,61,1250,data\sub-33\ses-2\eeg\sub-33_ses-2_task-eyesopen_eeg.set,3805
sub-33,ses-2,eyesopen,1,SD,26,250.0,61,1250,3,61,1250,data\sub-33\ses-2\eeg\sub-33_ses-2_task-eyesopen_eeg.set,3806
sub-33,ses-2,eyesopen,1,SD,27,250.0,61,1250,3,61,1250,data\sub-33\ses-2\eeg\sub-33_ses-2_task-eyesopen_eeg.set,3807
sub-33,ses-2,eyesopen,1,SD,28,250.0,61,1250,3,61,1250,data\sub-33\ses-2\eeg\sub-33_ses-2_task-eyesopen_eeg.set,3808
sub-33,ses-2,eyesopen,1,SD,29,250.0,61,1250,3,61,1250,data\sub-33\ses-2\eeg\sub-33_ses-2_task-eyesopen_eeg.set,3809
sub-33,ses-2,eyesopen,1,SD,30,250.0,61,1250,3,61,1250,data\sub-33\ses-2\eeg\sub-33_ses-2_task-eyesopen_eeg.set,3810
sub-33,ses-2,eyesopen,1,SD,31,250.0,61,1250,3,61,1250,data\sub-33\ses-2\eeg\sub-33_ses-2_task-eyesopen_eeg.set,3811
sub-33,ses-2,eyesopen,1,SD,32,250.0,61,1250,3,61,1250,data\sub-33\ses-2\eeg\sub-33_ses-2_task-eyesopen_eeg.set,3812
sub-33,ses-2,eyesopen,1,SD,33,250.0,61,1250,3,61,1250,data\sub-33\ses-2\eeg\sub-33_ses-2_task-eyesopen_eeg.set,3813
sub-33,ses-2,eyesopen,1,SD,34,250.0,61,1250,3,61,1250,data\sub-33\ses-2\eeg\sub-33_ses-2_task-eyesopen_eeg.set,3814
sub-33,ses-2,eyesopen,1,SD,35,250.0,61,1250,3,61,1250,data\sub-33\ses-2\eeg\sub-33_ses-2_task-eyesopen_eeg.set,3815
sub-33,ses-2,eyesopen,1,SD,36,250.0,61,1250,3,61,1250,data\sub-33\ses-2\eeg\sub-33_ses-2_task-eyesopen_eeg.set,3816
sub-33,ses-2,eyesopen,1,SD,37,250.0,61,1250,3,61,1250,data\sub-33\ses-2\eeg\sub-33_ses-2_task-eyesopen_eeg.set,3817
sub-33,ses-2,eyesopen,1,SD,38,250.0,61,1250,3,61,1250,data\sub-33\ses-2\eeg\sub-33_ses-2_task-eyesopen_eeg.set,3818
sub-33,ses-2,eyesopen,1,SD,39,250.0,61,1250,3,61,1250,data\sub-33\ses-2\eeg\sub-33_ses-2_task-eyesopen_eeg.set,3819
sub-33,ses-2,eyesopen,1,SD,40,250.0,61,1250,3,61,1250,data\sub-33\ses-2\eeg\sub-33_ses-2_task-eyesopen_eeg.set,3820
sub-33,ses-2,eyesopen,1,SD,41,250.0,61,1250,3,61,1250,data\sub-33\ses-2\eeg\sub-33_ses-2_task-eyesopen_eeg.set,3821
sub-33,ses-2,eyesopen,1,SD,42,250.0,61,1250,3,61,1250,data\sub-33\ses-2\eeg\sub-33_ses-2_task-eyesopen_eeg.set,3822
sub-33,ses-2,eyesopen,1,SD,43,250.0,61,1250,3,61,1250,data\sub-33\ses-2\eeg\sub-33_ses-2_task-eyesopen_eeg.set,3823
sub-33,ses-2,eyesopen,1,SD,44,250.0,61,1250,3,61,1250,data\sub-33\ses-2\eeg\sub-33_ses-2_task-eyesopen_eeg.set,3824
sub-33,ses-2,eyesopen,1,SD,45,250.0,61,1250,3,61,1250,data\sub-33\ses-2\eeg\sub-33_ses-2_task-eyesopen_eeg.set,3825
sub-33,ses-2,eyesopen,1,SD,46,250.0,61,1250,3,61,1250,data\sub-33\ses-2\eeg\sub-33_ses-2_task-eyesopen_eeg.set,3826
sub-33,ses-2,eyesopen,1,SD,47,250.0,61,1250,3,61,1250,data\sub-33\ses-2\eeg\sub-33_ses-2_task-eyesopen_eeg.set,3827
sub-33,ses-2,eyesopen,1,SD,48,250.0,61,1250,3,61,1250,data\sub-33\ses-2\eeg\sub-33_ses-2_task-eyesopen_eeg.set,3828
sub-33,ses-2,eyesopen,1,SD,49,250.0,61,1250,3,61,1250,data\sub-33\ses-2\eeg\sub-33_ses-2_task-eyesopen_eeg.set,3829
sub-33,ses-2,eyesopen,1,SD,50,250.0,61,1250,3,61,1250,data\sub-33\ses-2\eeg\sub-33_ses-2_task-eyesopen_eeg.set,3830
sub-33,ses-2,eyesopen,1,SD,51,250.0,61,1250,3,61,1250,data\sub-33\ses-2\eeg\sub-33_ses-2_task-eyesopen_eeg.set,3831
sub-33,ses-2,eyesopen,1,SD,52,250.0,61,1250,3,61,1250,data\sub-33\ses-2\eeg\sub-33_ses-2_task-eyesopen_eeg.set,3832
sub-33,ses-2,eyesopen,1,SD,53,250.0,61,1250,3,61,1250,data\sub-33\ses-2\eeg\sub-33_ses-2_task-eyesopen_eeg.set,3833
sub-33,ses-2,eyesopen,1,SD,54,250.0,61,1250,3,61,1250,data\sub-33\ses-2\eeg\sub-33_ses-2_task-eyesopen_eeg.set,3834
sub-33,ses-2,eyesopen,1,SD,55,250.0,61,1250,3,61,1250,data\sub-33\ses-2\eeg\sub-33_ses-2_task-eyesopen_eeg.set,3835
sub-33,ses-2,eyesopen,1,SD,56,250.0,61,1250,3,61,1250,data\sub-33\ses-2\eeg\sub-33_ses-2_task-eyesopen_eeg.set,3836
sub-33,ses-2,eyesopen,1,SD,57,250.0,61,1250,3,61,1250,data\sub-33\ses-2\eeg\sub-33_ses-2_task-eyesopen_eeg.set,3837
sub-33,ses-2,eyesopen,1,SD,58,250.0,61,1250,3,61,1250,data\sub-33\ses-2\eeg\sub-33_ses-2_task-eyesopen_eeg.set,3838
sub-33,ses-2,eyesopen,1,SD,59,250.0,61,1250,3,61,1250,data\sub-33\ses-2\eeg\sub-33_ses-2_task-eyesopen_eeg.set,3839
sub-37,ses-1,eyesopen,0,NS,0,250.0,61,1250,3,61,1250,data\sub-37\ses-1\eeg\sub-37_ses-1_task-eyesopen_eeg.set,4200
sub-37,ses-1,eyesopen,0,NS,1,250.0,61,1250,3,61,1250,data\sub-37\ses-1\eeg\sub-37_ses-1_task-eyesopen_eeg.set,4201
sub-37,ses-1,eyesopen,0,NS,2,250.0,61,1250,3,61,1250,data\sub-37\ses-1\eeg\sub-37_ses-1_task-eyesopen_eeg.set,4202
sub-37,ses-1,eyesopen,0,NS,3,250.0,61,1250,3,61,1250,data\sub-37\ses-1\eeg\sub-37_ses-1_task-eyesopen_eeg.set,4203
sub-37,ses-1,eyesopen,0,NS,4,250.0,61,1250,3,61,1250,data\sub-37\ses-1\eeg\sub-37_ses-1_task-eyesopen_eeg.set,4204
sub-37,ses-1,eyesopen,0,NS,5,250.0,61,1250,3,61,1250,data\sub-37\ses-1\eeg\sub-37_ses-1_task-eyesopen_eeg.set,4205
sub-37,ses-1,eyesopen,0,NS,6,250.0,61,1250,3,61,1250,data\sub-37\ses-1\eeg\sub-37_ses-1_task-eyesopen_eeg.set,4206
sub-37,ses-1,eyesopen,0,NS,7,250.0,61,1250,3,61,1250,data\sub-37\ses-1\eeg\sub-37_ses-1_task-eyesopen_eeg.set,4207
sub-37,ses-1,eyesopen,0,NS,8,250.0,61,1250,3,61,1250,data\sub-37\ses-1\eeg\sub-37_ses-1_task-eyesopen_eeg.set,4208
sub-37,ses-1,eyesopen,0,NS,9,250.0,61,1250,3,61,1250,data\sub-37\ses-1\eeg\sub-37_ses-1_task-eyesopen_eeg.set,4209
sub-37,ses-1,eyesopen,0,NS,10,250.0,61,1250,3,61,1250,data\sub-37\ses-1\eeg\sub-37_ses-1_task-eyesopen_eeg.set,4210
sub-37,ses-1,eyesopen,0,NS,11,250.0,61,1250,3,61,1250,data\sub-37\ses-1\eeg\sub-37_ses-1_task-eyesopen_eeg.set,4211
sub-37,ses-1,eyesopen,0,NS,12,250.0,61,1250,3,61,1250,data\sub-37\ses-1\eeg\sub-37_ses-1_task-eyesopen_eeg.set,4212
sub-37,ses-1,eyesopen,0,NS,13,250.0,61,1250,3,61,1250,data\sub-37\ses-1\eeg\sub-37_ses-1_task-eyesopen_eeg.set,4213
sub-37,ses-1,eyesopen,0,NS,14,250.0,61,1250,3,61,1250,data\sub-37\ses-1\eeg\sub-37_ses-1_task-eyesopen_eeg.set,4214
sub-37,ses-1,eyesopen,0,NS,15,250.0,61,1250,3,61,1250,data\sub-37\ses-1\eeg\sub-37_ses-1_task-eyesopen_eeg.set,4215
sub-37,ses-1,eyesopen,0,NS,16,250.0,61,1250,3,61,1250,data\sub-37\ses-1\eeg\sub-37_ses-1_task-eyesopen_eeg.set,4216
sub-37,ses-1,eyesopen,0,NS,17,250.0,61,1250,3,61,1250,data\sub-37\ses-1\eeg\sub-37_ses-1_task-eyesopen_eeg.set,4217
sub-37,ses-1,eyesopen,0,NS,18,250.0,61,1250,3,61,1250,data\sub-37\ses-1\eeg\sub-37_ses-1_task-eyesopen_eeg.set,4218
sub-37,ses-1,eyesopen,0,NS,19,250.0,61,1250,3,61,1250,data\sub-37\ses-1\eeg\sub-37_ses-1_task-eyesopen_eeg.set,4219
sub-37,ses-1,eyesopen,0,NS,20,250.0,61,1250,3,61,1250,data\sub-37\ses-1\eeg\sub-37_ses-1_task-eyesopen_eeg.set,4220
sub-37,ses-1,eyesopen,0,NS,21,250.0,61,1250,3,61,1250,data\sub-37\ses-1\eeg\sub-37_ses-1_task-eyesopen_eeg.set,4221
sub-37,ses-1,eyesopen,0,NS,22,250.0,61,1250,3,61,1250,data\sub-37\ses-1\eeg\sub-37_ses-1_task-eyesopen_eeg.set,4222
sub-37,ses-1,eyesopen,0,NS,23,250.0,61,1250,3,61,1250,data\sub-37\ses-1\eeg\sub-37_ses-1_task-eyesopen_eeg.set,4223
sub-37,ses-1,eyesopen,0,NS,24,250.0,61,1250,3,61,1250,data\sub-37\ses-1\eeg\sub-37_ses-1_task-eyesopen_eeg.set,4224
sub-37,ses-1,eyesopen,0,NS,25,250.0,61,1250,3,61,1250,data\sub-37\ses-1\eeg\sub-37_ses-1_task-eyesopen_eeg.set,4225
sub-37,ses-1,eyesopen,0,NS,26,250.0,61,1250,3,61,1250,data\sub-37\ses-1\eeg\sub-37_ses-1_task-eyesopen_eeg.set,4226
sub-37,ses-1,eyesopen,0,NS,27,250.0,61,1250,3,61,1250,data\sub-37\ses-1\eeg\sub-37_ses-1_task-eyesopen_eeg.set,4227
sub-37,ses-1,eyesopen,0,NS,28,250.0,61,1250,3,61,1250,data\sub-37\ses-1\eeg\sub-37_ses-1_task-eyesopen_eeg.set,4228
sub-37,ses-1,eyesopen,0,NS,29,250.0,61,1250,3,61,1250,data\sub-37\ses-1\eeg\sub-37_ses-1_task-eyesopen_eeg.set,4229
sub-37,ses-1,eyesopen,0,NS,30,250.0,61,1250,3,61,1250,data\sub-37\ses-1\eeg\sub-37_ses-1_task-eyesopen_eeg.set,4230
sub-37,ses-1,eyesopen,0,NS,31,250.0,61,1250,3,61,1250,data\sub-37\ses-1\eeg\sub-37_ses-1_task-eyesopen_eeg.set,4231
sub-37,ses-1,eyesopen,0,NS,32,250.0,61,1250,3,61,1250,data\sub-37\ses-1\eeg\sub-37_ses-1_task-eyesopen_eeg.set,4232
sub-37,ses-1,eyesopen,0,NS,33,250.0,61,1250,3,61,1250,data\sub-37\ses-1\eeg\sub-37_ses-1_task-eyesopen_eeg.set,4233
sub-37,ses-1,eyesopen,0,NS,34,250.0,61,1250,3,61,1250,data\sub-37\ses-1\eeg\sub-37_ses-1_task-eyesopen_eeg.set,4234
sub-37,ses-1,eyesopen,0,NS,35,250.0,61,1250,3,61,1250,data\sub-37\ses-1\eeg\sub-37_ses-1_task-eyesopen_eeg.set,4235
sub-37,ses-1,eyesopen,0,NS,36,250.0,61,1250,3,61,1250,data\sub-37\ses-1\eeg\sub-37_ses-1_task-eyesopen_eeg.set,4236
sub-37,ses-1,eyesopen,0,NS,37,250.0,61,1250,3,61,1250,data\sub-37\ses-1\eeg\sub-37_ses-1_task-eyesopen_eeg.set,4237
sub-37,ses-1,eyesopen,0,NS,38,250.0,61,1250,3,61,1250,data\sub-37\ses-1\eeg\sub-37_ses-1_task-eyesopen_eeg.set,4238
sub-37,ses-1,eyesopen,0,NS,39,250.0,61,1250,3,61,1250,data\sub-37\ses-1\eeg\sub-37_ses-1_task-eyesopen_eeg.set,4239
sub-37,ses-1,eyesopen,0,NS,40,250.0,61,1250,3,61,1250,data\sub-37\ses-1\eeg\sub-37_ses-1_task-eyesopen_eeg.set,4240
sub-37,ses-1,eyesopen,0,NS,41,250.0,61,1250,3,61,1250,data\sub-37\ses-1\eeg\sub-37_ses-1_task-eyesopen_eeg.set,4241
sub-37,ses-1,eyesopen,0,NS,42,250.0,61,1250,3,61,1250,data\sub-37\ses-1\eeg\sub-37_ses-1_task-eyesopen_eeg.set,4242
sub-37,ses-1,eyesopen,0,NS,43,250.0,61,1250,3,61,1250,data\sub-37\ses-1\eeg\sub-37_ses-1_task-eyesopen_eeg.set,4243
sub-37,ses-1,eyesopen,0,NS,44,250.0,61,1250,3,61,1250,data\sub-37\ses-1\eeg\sub-37_ses-1_task-eyesopen_eeg.set,4244
sub-37,ses-1,eyesopen,0,NS,45,250.0,61,1250,3,61,1250,data\sub-37\ses-1\eeg\sub-37_ses-1_task-eyesopen_eeg.set,4245
sub-37,ses-1,eyesopen,0,NS,46,250.0,61,1250,3,61,1250,data\sub-37\ses-1\eeg\sub-37_ses-1_task-eyesopen_eeg.set,4246
sub-37,ses-1,eyesopen,0,NS,47,250.0,61,1250,3,61,1250,data\sub-37\ses-1\eeg\sub-37_ses-1_task-eyesopen_eeg.set,4247
sub-37,ses-1,eyesopen,0,NS,48,250.0,61,1250,3,61,1250,data\sub-37\ses-1\eeg\sub-37_ses-1_task-eyesopen_eeg.set,4248
sub-37,ses-1,eyesopen,0,NS,49,250.0,61,1250,3,61,1250,data\sub-37\ses-1\eeg\sub-37_ses-1_task-eyesopen_eeg.set,4249
sub-37,ses-1,eyesopen,0,NS,50,250.0,61,1250,3,61,1250,data\sub-37\ses-1\eeg\sub-37_ses-1_task-eyesopen_eeg.set,4250
sub-37,ses-1,eyesopen,0,NS,51,250.0,61,1250,3,61,1250,data\sub-37\ses-1\eeg\sub-37_ses-1_task-eyesopen_eeg.set,4251
sub-37,ses-1,eyesopen,0,NS,52,250.0,61,1250,3,61,1250,data\sub-37\ses-1\eeg\sub-37_ses-1_task-eyesopen_eeg.set,4252
sub-37,ses-1,eyesopen,0,NS,53,250.0,61,1250,3,61,1250,data\sub-37\ses-1\eeg\sub-37_ses-1_task-eyesopen_eeg.set,4253
sub-37,ses-1,eyesopen,0,NS,54,250.0,61,1250,3,61,1250,data\sub-37\ses-1\eeg\sub-37_ses-1_task-eyesopen_eeg.set,4254
sub-37,ses-1,eyesopen,0,NS,55,250.0,61,1250,3,61,1250,data\sub-37\ses-1\eeg\sub-37_ses-1_task-eyesopen_eeg.set,4255
sub-37,ses-1,eyesopen,0,NS,56,250.0,61,1250,3,61,1250,data\sub-37\ses-1\eeg\sub-37_ses-1_task-eyesopen_eeg.set,4256
sub-37,ses-1,eyesopen,0,NS,57,250.0,61,1250,3,61,1250,data\sub-37\ses-1\eeg\sub-37_ses-1_task-eyesopen_eeg.set,4257
sub-37,ses-1,eyesopen,0,NS,58,250.0,61,1250,3,61,1250,data\sub-37\ses-1\eeg\sub-37_ses-1_task-eyesopen_eeg.set,4258
sub-37,ses-1,eyesopen,0,NS,59,250.0,61,1250,3,61,1250,data\sub-37\ses-1\eeg\sub-37_ses-1_task-eyesopen_eeg.set,4259
sub-37,ses-2,eyesopen,1,SD,0,250.0,61,1250,3,61,1250,data\sub-37\ses-2\eeg\sub-37_ses-2_task-eyesopen_eeg.set,4260
sub-37,ses-2,eyesopen,1,SD,1,250.0,61,1250,3,61,1250,data\sub-37\ses-2\eeg\sub-37_ses-2_task-eyesopen_eeg.set,4261
sub-37,ses-2,eyesopen,1,SD,2,250.0,61,1250,3,61,1250,data\sub-37\ses-2\eeg\sub-37_ses-2_task-eyesopen_eeg.set,4262
sub-37,ses-2,eyesopen,1,SD,3,250.0,61,1250,3,61,1250,data\sub-37\ses-2\eeg\sub-37_ses-2_task-eyesopen_eeg.set,4263
sub-37,ses-2,eyesopen,1,SD,4,250.0,61,1250,3,61,1250,data\sub-37\ses-2\eeg\sub-37_ses-2_task-eyesopen_eeg.set,4264
sub-37,ses-2,eyesopen,1,SD,5,250.0,61,1250,3,61,1250,data\sub-37\ses-2\eeg\sub-37_ses-2_task-eyesopen_eeg.set,4265
sub-37,ses-2,eyesopen,1,SD,6,250.0,61,1250,3,61,1250,data\sub-37\ses-2\eeg\sub-37_ses-2_task-eyesopen_eeg.set,4266
sub-37,ses-2,eyesopen,1,SD,7,250.0,61,1250,3,61,1250,data\sub-37\ses-2\eeg\sub-37_ses-2_task-eyesopen_eeg.set,4267
sub-37,ses-2,eyesopen,1,SD,8,250.0,61,1250,3,61,1250,data\sub-37\ses-2\eeg\sub-37_ses-2_task-eyesopen_eeg.set,4268
sub-37,ses-2,eyesopen,1,SD,9,250.0,61,1250,3,61,1250,data\sub-37\ses-2\eeg\sub-37_ses-2_task-eyesopen_eeg.set,4269
sub-37,ses-2,eyesopen,1,SD,10,250.0,61,1250,3,61,1250,data\sub-37\ses-2\eeg\sub-37_ses-2_task-eyesopen_eeg.set,4270
sub-37,ses-2,eyesopen,1,SD,11,250.0,61,1250,3,61,1250,data\sub-37\ses-2\eeg\sub-37_ses-2_task-eyesopen_eeg.set,4271
sub-37,ses-2,eyesopen,1,SD,12,250.0,61,1250,3,61,1250,data\sub-37\ses-2\eeg\sub-37_ses-2_task-eyesopen_eeg.set,4272
sub-37,ses-2,eyesopen,1,SD,13,250.0,61,1250,3,61,1250,data\sub-37\ses-2\eeg\sub-37_ses-2_task-eyesopen_eeg.set,4273
sub-37,ses-2,eyesopen,1,SD,14,250.0,61,1250,3,61,1250,data\sub-37\ses-2\eeg\sub-37_ses-2_task-eyesopen_eeg.set,4274
sub-37,ses-2,eyesopen,1,SD,15,250.0,61,1250,3,61,1250,data\sub-37\ses-2\eeg\sub-37_ses-2_task-eyesopen_eeg.set,4275
sub-37,ses-2,eyesopen,1,SD,16,250.0,61,1250,3,61,1250,data\sub-37\ses-2\eeg\sub-37_ses-2_task-eyesopen_eeg.set,4276
sub-37,ses-2,eyesopen,1,SD,17,250.0,61,1250,3,61,1250,data\sub-37\ses-2\eeg\sub-37_ses-2_task-eyesopen_eeg.set,4277
sub-37,ses-2,eyesopen,1,SD,18,250.0,61,1250,3,61,1250,data\sub-37\ses-2\eeg\sub-37_ses-2_task-eyesopen_eeg.set,4278
sub-37,ses-2,eyesopen,1,SD,19,250.0,61,1250,3,61,1250,data\sub-37\ses-2\eeg\sub-37_ses-2_task-eyesopen_eeg.set,4279
sub-37,ses-2,eyesopen,1,SD,20,250.0,61,1250,3,61,1250,data\sub-37\ses-2\eeg\sub-37_ses-2_task-eyesopen_eeg.set,4280
sub-37,ses-2,eyesopen,1,SD,21,250.0,61,1250,3,61,1250,data\sub-37\ses-2\eeg\sub-37_ses-2_task-eyesopen_eeg.set,4281
sub-37,ses-2,eyesopen,1,SD,22,250.0,61,1250,3,61,1250,data\sub-37\ses-2\eeg\sub-37_ses-2_task-eyesopen_eeg.set,4282
sub-37,ses-2,eyesopen,1,SD,23,250.0,61,1250,3,61,1250,data\sub-37\ses-2\eeg\sub-37_ses-2_task-eyesopen_eeg.set,4283
sub-37,ses-2,eyesopen,1,SD,24,250.0,61,1250,3,61,1250,data\sub-37\ses-2\eeg\sub-37_ses-2_task-eyesopen_eeg.set,4284
sub-37,ses-2,eyesopen,1,SD,25,250.0,61,1250,3,61,1250,data\sub-37\ses-2\eeg\sub-37_ses-2_task-eyesopen_eeg.set,4285
sub-37,ses-2,eyesopen,1,SD,26,250.0,61,1250,3,61,1250,data\sub-37\ses-2\eeg\sub-37_ses-2_task-eyesopen_eeg.set,4286
sub-37,ses-2,eyesopen,1,SD,27,250.0,61,1250,3,61,1250,data\sub-37\ses-2\eeg\sub-37_ses-2_task-eyesopen_eeg.set,4287
sub-37,ses-2,eyesopen,1,SD,28,250.0,61,1250,3,61,1250,data\sub-37\ses-2\eeg\sub-37_ses-2_task-eyesopen_eeg.set,4288
sub-37,ses-2,eyesopen,1,SD,29,250.0,61,1250,3,61,1250,data\sub-37\ses-2\eeg\sub-37_ses-2_task-eyesopen_eeg.set,4289
sub-37,ses-2,eyesopen,1,SD,30,250.0,61,1250,3,61,1250,data\sub-37\ses-2\eeg\sub-37_ses-2_task-eyesopen_eeg.set,4290
sub-37,ses-2,eyesopen,1,SD,31,250.0,61,1250,3,61,1250,data\sub-37\ses-2\eeg\sub-37_ses-2_task-eyesopen_eeg.set,4291
sub-37,ses-2,eyesopen,1,SD,32,250.0,61,1250,3,61,1250,data\sub-37\ses-2\eeg\sub-37_ses-2_task-eyesopen_eeg.set,4292
sub-37,ses-2,eyesopen,1,SD,33,250.0,61,1250,3,61,1250,data\sub-37\ses-2\eeg\sub-37_ses-2_task-eyesopen_eeg.set,4293
sub-37,ses-2,eyesopen,1,SD,34,250.0,61,1250,3,61,1250,data\sub-37\ses-2\eeg\sub-37_ses-2_task-eyesopen_eeg.set,4294
sub-37,ses-2,eyesopen,1,SD,35,250.0,61,1250,3,61,1250,data\sub-37\ses-2\eeg\sub-37_ses-2_task-eyesopen_eeg.set,4295
sub-37,ses-2,eyesopen,1,SD,36,250.0,61,1250,3,61,1250,data\sub-37\ses-2\eeg\sub-37_ses-2_task-eyesopen_eeg.set,4296
sub-37,ses-2,eyesopen,1,SD,37,250.0,61,1250,3,61,1250,data\sub-37\ses-2\eeg\sub-37_ses-2_task-eyesopen_eeg.set,4297
sub-37,ses-2,eyesopen,1,SD,38,250.0,61,1250,3,61,1250,data\sub-37\ses-2\eeg\sub-37_ses-2_task-eyesopen_eeg.set,4298
sub-37,ses-2,eyesopen,1,SD,39,250.0,61,1250,3,61,1250,data\sub-37\ses-2\eeg\sub-37_ses-2_task-eyesopen_eeg.set,4299
sub-37,ses-2,eyesopen,1,SD,40,250.0,61,1250,3,61,1250,data\sub-37\ses-2\eeg\sub-37_ses-2_task-eyesopen_eeg.set,4300
sub-37,ses-2,eyesopen,1,SD,41,250.0,61,1250,3,61,1250,data\sub-37\ses-2\eeg\sub-37_ses-2_task-eyesopen_eeg.set,4301
sub-37,ses-2,eyesopen,1,SD,42,250.0,61,1250,3,61,1250,data\sub-37\ses-2\eeg\sub-37_ses-2_task-eyesopen_eeg.set,4302
sub-37,ses-2,eyesopen,1,SD,43,250.0,61,1250,3,61,1250,data\sub-37\ses-2\eeg\sub-37_ses-2_task-eyesopen_eeg.set,4303
sub-37,ses-2,eyesopen,1,SD,44,250.0,61,1250,3,61,1250,data\sub-37\ses-2\eeg\sub-37_ses-2_task-eyesopen_eeg.set,4304
sub-37,ses-2,eyesopen,1,SD,45,250.0,61,1250,3,61,1250,data\sub-37\ses-2\eeg\sub-37_ses-2_task-eyesopen_eeg.set,4305
sub-37,ses-2,eyesopen,1,SD,46,250.0,61,1250,3,61,1250,data\sub-37\ses-2\eeg\sub-37_ses-2_task-eyesopen_eeg.set,4306
sub-37,ses-2,eyesopen,1,SD,47,250.0,61,1250,3,61,1250,data\sub-37\ses-2\eeg\sub-37_ses-2_task-eyesopen_eeg.set,4307
sub-37,ses-2,eyesopen,1,SD,48,250.0,61,1250,3,61,1250,data\sub-37\ses-2\eeg\sub-37_ses-2_task-eyesopen_eeg.set,4308
sub-37,ses-2,eyesopen,1,SD,49,250.0,61,1250,3,61,1250,data\sub-37\ses-2\eeg\sub-37_ses-2_task-eyesopen_eeg.set,4309
sub-37,ses-2,eyesopen,1,SD,50,250.0,61,1250,3,61,1250,data\sub-37\ses-2\eeg\sub-37_ses-2_task-eyesopen_eeg.set,4310
sub-37,ses-2,eyesopen,1,SD,51,250.0,61,1250,3,61,1250,data\sub-37\ses-2\eeg\sub-37_ses-2_task-eyesopen_eeg.set,4311
sub-37,ses-2,eyesopen,1,SD,52,250.0,61,1250,3,61,1250,data\sub-37\ses-2\eeg\sub-37_ses-2_task-eyesopen_eeg.set,4312
sub-37,ses-2,eyesopen,1,SD,53,250.0,61,1250,3,61,1250,data\sub-37\ses-2\eeg\sub-37_ses-2_task-eyesopen_eeg.set,4313
sub-37,ses-2,eyesopen,1,SD,54,250.0,61,1250,3,61,1250,data\sub-37\ses-2\eeg\sub-37_ses-2_task-eyesopen_eeg.set,4314
sub-37,ses-2,eyesopen,1,SD,55,250.0,61,1250,3,61,1250,data\sub-37\ses-2\eeg\sub-37_ses-2_task-eyesopen_eeg.set,4315
sub-37,ses-2,eyesopen,1,SD,56,250.0,61,1250,3,61,1250,data\sub-37\ses-2\eeg\sub-37_ses-2_task-eyesopen_eeg.set,4316
sub-37,ses-2,eyesopen,1,SD,57,250.0,61,1250,3,61,1250,data\sub-37\ses-2\eeg\sub-37_ses-2_task-eyesopen_eeg.set,4317
sub-37,ses-2,eyesopen,1,SD,58,250.0,61,1250,3,61,1250,data\sub-37\ses-2\eeg\sub-37_ses-2_task-eyesopen_eeg.set,4318
sub-37,ses-2,eyesopen,1,SD,59,250.0,61,1250,3,61,1250,data\sub-37\ses-2\eeg\sub-37_ses-2_task-eyesopen_eeg.set,4319
sub-38,ses-1,eyesopen,0,NS,0,250.0,61,1250,3,61,1250,data\sub-38\ses-1\eeg\sub-38_ses-1_task-eyesopen_eeg.set,4320
sub-38,ses-1,eyesopen,0,NS,1,250.0,61,1250,3,61,1250,data\sub-38\ses-1\eeg\sub-38_ses-1_task-eyesopen_eeg.set,4321
sub-38,ses-1,eyesopen,0,NS,2,250.0,61,1250,3,61,1250,data\sub-38\ses-1\eeg\sub-38_ses-1_task-eyesopen_eeg.set,4322
sub-38,ses-1,eyesopen,0,NS,3,250.0,61,1250,3,61,1250,data\sub-38\ses-1\eeg\sub-38_ses-1_task-eyesopen_eeg.set,4323
sub-38,ses-1,eyesopen,0,NS,4,250.0,61,1250,3,61,1250,data\sub-38\ses-1\eeg\sub-38_ses-1_task-eyesopen_eeg.set,4324
sub-38,ses-1,eyesopen,0,NS,5,250.0,61,1250,3,61,1250,data\sub-38\ses-1\eeg\sub-38_ses-1_task-eyesopen_eeg.set,4325
sub-38,ses-1,eyesopen,0,NS,6,250.0,61,1250,3,61,1250,data\sub-38\ses-1\eeg\sub-38_ses-1_task-eyesopen_eeg.set,4326
sub-38,ses-1,eyesopen,0,NS,7,250.0,61,1250,3,61,1250,data\sub-38\ses-1\eeg\sub-38_ses-1_task-eyesopen_eeg.set,4327
sub-38,ses-1,eyesopen,0,NS,8,250.0,61,1250,3,61,1250,data\sub-38\ses-1\eeg\sub-38_ses-1_task-eyesopen_eeg.set,4328
sub-38,ses-1,eyesopen,0,NS,9,250.0,61,1250,3,61,1250,data\sub-38\ses-1\eeg\sub-38_ses-1_task-eyesopen_eeg.set,4329
sub-38,ses-1,eyesopen,0,NS,10,250.0,61,1250,3,61,1250,data\sub-38\ses-1\eeg\sub-38_ses-1_task-eyesopen_eeg.set,4330
sub-38,ses-1,eyesopen,0,NS,11,250.0,61,1250,3,61,1250,data\sub-38\ses-1\eeg\sub-38_ses-1_task-eyesopen_eeg.set,4331
sub-38,ses-1,eyesopen,0,NS,12,250.0,61,1250,3,61,1250,data\sub-38\ses-1\eeg\sub-38_ses-1_task-eyesopen_eeg.set,4332
sub-38,ses-1,eyesopen,0,NS,13,250.0,61,1250,3,61,1250,data\sub-38\ses-1\eeg\sub-38_ses-1_task-eyesopen_eeg.set,4333
sub-38,ses-1,eyesopen,0,NS,14,250.0,61,1250,3,61,1250,data\sub-38\ses-1\eeg\sub-38_ses-1_task-eyesopen_eeg.set,4334
sub-38,ses-1,eyesopen,0,NS,15,250.0,61,1250,3,61,1250,data\sub-38\ses-1\eeg\sub-38_ses-1_task-eyesopen_eeg.set,4335
sub-38,ses-1,eyesopen,0,NS,16,250.0,61,1250,3,61,1250,data\sub-38\ses-1\eeg\sub-38_ses-1_task-eyesopen_eeg.set,4336
sub-38,ses-1,eyesopen,0,NS,17,250.0,61,1250,3,61,1250,data\sub-38\ses-1\eeg\sub-38_ses-1_task-eyesopen_eeg.set,4337
sub-38,ses-1,eyesopen,0,NS,18,250.0,61,1250,3,61,1250,data\sub-38\ses-1\eeg\sub-38_ses-1_task-eyesopen_eeg.set,4338
sub-38,ses-1,eyesopen,0,NS,19,250.0,61,1250,3,61,1250,data\sub-38\ses-1\eeg\sub-38_ses-1_task-eyesopen_eeg.set,4339
sub-38,ses-1,eyesopen,0,NS,20,250.0,61,1250,3,61,1250,data\sub-38\ses-1\eeg\sub-38_ses-1_task-eyesopen_eeg.set,4340
sub-38,ses-1,eyesopen,0,NS,21,250.0,61,1250,3,61,1250,data\sub-38\ses-1\eeg\sub-38_ses-1_task-eyesopen_eeg.set,4341
sub-38,ses-1,eyesopen,0,NS,22,250.0,61,1250,3,61,1250,data\sub-38\ses-1\eeg\sub-38_ses-1_task-eyesopen_eeg.set,4342
sub-38,ses-1,eyesopen,0,NS,23,250.0,61,1250,3,61,1250,data\sub-38\ses-1\eeg\sub-38_ses-1_task-eyesopen_eeg.set,4343
sub-38,ses-1,eyesopen,0,NS,24,250.0,61,1250,3,61,1250,data\sub-38\ses-1\eeg\sub-38_ses-1_task-eyesopen_eeg.set,4344
sub-38,ses-1,eyesopen,0,NS,25,250.0,61,1250,3,61,1250,data\sub-38\ses-1\eeg\sub-38_ses-1_task-eyesopen_eeg.set,4345
sub-38,ses-1,eyesopen,0,NS,26,250.0,61,1250,3,61,1250,data\sub-38\ses-1\eeg\sub-38_ses-1_task-eyesopen_eeg.set,4346
sub-38,ses-1,eyesopen,0,NS,27,250.0,61,1250,3,61,1250,data\sub-38\ses-1\eeg\sub-38_ses-1_task-eyesopen_eeg.set,4347
sub-38,ses-1,eyesopen,0,NS,28,250.0,61,1250,3,61,1250,data\sub-38\ses-1\eeg\sub-38_ses-1_task-eyesopen_eeg.set,4348
sub-38,ses-1,eyesopen,0,NS,29,250.0,61,1250,3,61,1250,data\sub-38\ses-1\eeg\sub-38_ses-1_task-eyesopen_eeg.set,4349
sub-38,ses-1,eyesopen,0,NS,30,250.0,61,1250,3,61,1250,data\sub-38\ses-1\eeg\sub-38_ses-1_task-eyesopen_eeg.set,4350
sub-38,ses-1,eyesopen,0,NS,31,250.0,61,1250,3,61,1250,data\sub-38\ses-1\eeg\sub-38_ses-1_task-eyesopen_eeg.set,4351
sub-38,ses-1,eyesopen,0,NS,32,250.0,61,1250,3,61,1250,data\sub-38\ses-1\eeg\sub-38_ses-1_task-eyesopen_eeg.set,4352
sub-38,ses-1,eyesopen,0,NS,33,250.0,61,1250,3,61,1250,data\sub-38\ses-1\eeg\sub-38_ses-1_task-eyesopen_eeg.set,4353
sub-38,ses-1,eyesopen,0,NS,34,250.0,61,1250,3,61,1250,data\sub-38\ses-1\eeg\sub-38_ses-1_task-eyesopen_eeg.set,4354
sub-38,ses-1,eyesopen,0,NS,35,250.0,61,1250,3,61,1250,data\sub-38\ses-1\eeg\sub-38_ses-1_task-eyesopen_eeg.set,4355
sub-38,ses-1,eyesopen,0,NS,36,250.0,61,1250,3,61,1250,data\sub-38\ses-1\eeg\sub-38_ses-1_task-eyesopen_eeg.set,4356
sub-38,ses-1,eyesopen,0,NS,37,250.0,61,1250,3,61,1250,data\sub-38\ses-1\eeg\sub-38_ses-1_task-eyesopen_eeg.set,4357
sub-38,ses-1,eyesopen,0,NS,38,250.0,61,1250,3,61,1250,data\sub-38\ses-1\eeg\sub-38_ses-1_task-eyesopen_eeg.set,4358
sub-38,ses-1,eyesopen,0,NS,39,250.0,61,1250,3,61,1250,data\sub-38\ses-1\eeg\sub-38_ses-1_task-eyesopen_eeg.set,4359
sub-38,ses-1,eyesopen,0,NS,40,250.0,61,1250,3,61,1250,data\sub-38\ses-1\eeg\sub-38_ses-1_task-eyesopen_eeg.set,4360
sub-38,ses-1,eyesopen,0,NS,41,250.0,61,1250,3,61,1250,data\sub-38\ses-1\eeg\sub-38_ses-1_task-eyesopen_eeg.set,4361
sub-38,ses-1,eyesopen,0,NS,42,250.0,61,1250,3,61,1250,data\sub-38\ses-1\eeg\sub-38_ses-1_task-eyesopen_eeg.set,4362
sub-38,ses-1,eyesopen,0,NS,43,250.0,61,1250,3,61,1250,data\sub-38\ses-1\eeg\sub-38_ses-1_task-eyesopen_eeg.set,4363
sub-38,ses-1,eyesopen,0,NS,44,250.0,61,1250,3,61,1250,data\sub-38\ses-1\eeg\sub-38_ses-1_task-eyesopen_eeg.set,4364
sub-38,ses-1,eyesopen,0,NS,45,250.0,61,1250,3,61,1250,data\sub-38\ses-1\eeg\sub-38_ses-1_task-eyesopen_eeg.set,4365
sub-38,ses-1,eyesopen,0,NS,46,250.0,61,1250,3,61,1250,data\sub-38\ses-1\eeg\sub-38_ses-1_task-eyesopen_eeg.set,4366
sub-38,ses-1,eyesopen,0,NS,47,250.0,61,1250,3,61,1250,data\sub-38\ses-1\eeg\sub-38_ses-1_task-eyesopen_eeg.set,4367
sub-38,ses-1,eyesopen,0,NS,48,250.0,61,1250,3,61,1250,data\sub-38\ses-1\eeg\sub-38_ses-1_task-eyesopen_eeg.set,4368
sub-38,ses-1,eyesopen,0,NS,49,250.0,61,1250,3,61,1250,data\sub-38\ses-1\eeg\sub-38_ses-1_task-eyesopen_eeg.set,4369
sub-38,ses-1,eyesopen,0,NS,50,250.0,61,1250,3,61,1250,data\sub-38\ses-1\eeg\sub-38_ses-1_task-eyesopen_eeg.set,4370
sub-38,ses-1,eyesopen,0,NS,51,250.0,61,1250,3,61,1250,data\sub-38\ses-1\eeg\sub-38_ses-1_task-eyesopen_eeg.set,4371
sub-38,ses-1,eyesopen,0,NS,52,250.0,61,1250,3,61,1250,data\sub-38\ses-1\eeg\sub-38_ses-1_task-eyesopen_eeg.set,4372
sub-38,ses-1,eyesopen,0,NS,53,250.0,61,1250,3,61,1250,data\sub-38\ses-1\eeg\sub-38_ses-1_task-eyesopen_eeg.set,4373
sub-38,ses-1,eyesopen,0,NS,54,250.0,61,1250,3,61,1250,data\sub-38\ses-1\eeg\sub-38_ses-1_task-eyesopen_eeg.set,4374
sub-38,ses-1,eyesopen,0,NS,55,250.0,61,1250,3,61,1250,data\sub-38\ses-1\eeg\sub-38_ses-1_task-eyesopen_eeg.set,4375
sub-38,ses-1,eyesopen,0,NS,56,250.0,61,1250,3,61,1250,data\sub-38\ses-1\eeg\sub-38_ses-1_task-eyesopen_eeg.set,4376
sub-38,ses-1,eyesopen,0,NS,57,250.0,61,1250,3,61,1250,data\sub-38\ses-1\eeg\sub-38_ses-1_task-eyesopen_eeg.set,4377
sub-38,ses-1,eyesopen,0,NS,58,250.0,61,1250,3,61,1250,data\sub-38\ses-1\eeg\sub-38_ses-1_task-eyesopen_eeg.set,4378
sub-38,ses-1,eyesopen,0,NS,59,250.0,61,1250,3,61,1250,data\sub-38\ses-1\eeg\sub-38_ses-1_task-eyesopen_eeg.set,4379
sub-38,ses-2,eyesopen,1,SD,0,250.0,61,1250,3,61,1250,data\sub-38\ses-2\eeg\sub-38_ses-2_task-eyesopen_eeg.set,4380
sub-38,ses-2,eyesopen,1,SD,1,250.0,61,1250,3,61,1250,data\sub-38\ses-2\eeg\sub-38_ses-2_task-eyesopen_eeg.set,4381
sub-38,ses-2,eyesopen,1,SD,2,250.0,61,1250,3,61,1250,data\sub-38\ses-2\eeg\sub-38_ses-2_task-eyesopen_eeg.set,4382
sub-38,ses-2,eyesopen,1,SD,3,250.0,61,1250,3,61,1250,data\sub-38\ses-2\eeg\sub-38_ses-2_task-eyesopen_eeg.set,4383
sub-38,ses-2,eyesopen,1,SD,4,250.0,61,1250,3,61,1250,data\sub-38\ses-2\eeg\sub-38_ses-2_task-eyesopen_eeg.set,4384
sub-38,ses-2,eyesopen,1,SD,5,250.0,61,1250,3,61,1250,data\sub-38\ses-2\eeg\sub-38_ses-2_task-eyesopen_eeg.set,4385
sub-38,ses-2,eyesopen,1,SD,6,250.0,61,1250,3,61,1250,data\sub-38\ses-2\eeg\sub-38_ses-2_task-eyesopen_eeg.set,4386
sub-38,ses-2,eyesopen,1,SD,7,250.0,61,1250,3,61,1250,data\sub-38\ses-2\eeg\sub-38_ses-2_task-eyesopen_eeg.set,4387
sub-38,ses-2,eyesopen,1,SD,8,250.0,61,1250,3,61,1250,data\sub-38\ses-2\eeg\sub-38_ses-2_task-eyesopen_eeg.set,4388
sub-38,ses-2,eyesopen,1,SD,9,250.0,61,1250,3,61,1250,data\sub-38\ses-2\eeg\sub-38_ses-2_task-eyesopen_eeg.set,4389
sub-38,ses-2,eyesopen,1,SD,10,250.0,61,1250,3,61,1250,data\sub-38\ses-2\eeg\sub-38_ses-2_task-eyesopen_eeg.set,4390
sub-38,ses-2,eyesopen,1,SD,11,250.0,61,1250,3,61,1250,data\sub-38\ses-2\eeg\sub-38_ses-2_task-eyesopen_eeg.set,4391
sub-38,ses-2,eyesopen,1,SD,12,250.0,61,1250,3,61,1250,data\sub-38\ses-2\eeg\sub-38_ses-2_task-eyesopen_eeg.set,4392
sub-38,ses-2,eyesopen,1,SD,13,250.0,61,1250,3,61,1250,data\sub-38\ses-2\eeg\sub-38_ses-2_task-eyesopen_eeg.set,4393
sub-38,ses-2,eyesopen,1,SD,14,250.0,61,1250,3,61,1250,data\sub-38\ses-2\eeg\sub-38_ses-2_task-eyesopen_eeg.set,4394
sub-38,ses-2,eyesopen,1,SD,15,250.0,61,1250,3,61,1250,data\sub-38\ses-2\eeg\sub-38_ses-2_task-eyesopen_eeg.set,4395
sub-38,ses-2,eyesopen,1,SD,16,250.0,61,1250,3,61,1250,data\sub-38\ses-2\eeg\sub-38_ses-2_task-eyesopen_eeg.set,4396
sub-38,ses-2,eyesopen,1,SD,17,250.0,61,1250,3,61,1250,data\sub-38\ses-2\eeg\sub-38_ses-2_task-eyesopen_eeg.set,4397
sub-38,ses-2,eyesopen,1,SD,18,250.0,61,1250,3,61,1250,data\sub-38\ses-2\eeg\sub-38_ses-2_task-eyesopen_eeg.set,4398
sub-38,ses-2,eyesopen,1,SD,19,250.0,61,1250,3,61,1250,data\sub-38\ses-2\eeg\sub-38_ses-2_task-eyesopen_eeg.set,4399
sub-38,ses-2,eyesopen,1,SD,20,250.0,61,1250,3,61,1250,data\sub-38\ses-2\eeg\sub-38_ses-2_task-eyesopen_eeg.set,4400
sub-38,ses-2,eyesopen,1,SD,21,250.0,61,1250,3,61,1250,data\sub-38\ses-2\eeg\sub-38_ses-2_task-eyesopen_eeg.set,4401
sub-38,ses-2,eyesopen,1,SD,22,250.0,61,1250,3,61,1250,data\sub-38\ses-2\eeg\sub-38_ses-2_task-eyesopen_eeg.set,4402
sub-38,ses-2,eyesopen,1,SD,23,250.0,61,1250,3,61,1250,data\sub-38\ses-2\eeg\sub-38_ses-2_task-eyesopen_eeg.set,4403
sub-38,ses-2,eyesopen,1,SD,24,250.0,61,1250,3,61,1250,data\sub-38\ses-2\eeg\sub-38_ses-2_task-eyesopen_eeg.set,4404
sub-38,ses-2,eyesopen,1,SD,25,250.0,61,1250,3,61,1250,data\sub-38\ses-2\eeg\sub-38_ses-2_task-eyesopen_eeg.set,4405
sub-38,ses-2,eyesopen,1,SD,26,250.0,61,1250,3,61,1250,data\sub-38\ses-2\eeg\sub-38_ses-2_task-eyesopen_eeg.set,4406
sub-38,ses-2,eyesopen,1,SD,27,250.0,61,1250,3,61,1250,data\sub-38\ses-2\eeg\sub-38_ses-2_task-eyesopen_eeg.set,4407
sub-38,ses-2,eyesopen,1,SD,28,250.0,61,1250,3,61,1250,data\sub-38\ses-2\eeg\sub-38_ses-2_task-eyesopen_eeg.set,4408
sub-38,ses-2,eyesopen,1,SD,29,250.0,61,1250,3,61,1250,data\sub-38\ses-2\eeg\sub-38_ses-2_task-eyesopen_eeg.set,4409
sub-38,ses-2,eyesopen,1,SD,30,250.0,61,1250,3,61,1250,data\sub-38\ses-2\eeg\sub-38_ses-2_task-eyesopen_eeg.set,4410
sub-38,ses-2,eyesopen,1,SD,31,250.0,61,1250,3,61,1250,data\sub-38\ses-2\eeg\sub-38_ses-2_task-eyesopen_eeg.set,4411
sub-38,ses-2,eyesopen,1,SD,32,250.0,61,1250,3,61,1250,data\sub-38\ses-2\eeg\sub-38_ses-2_task-eyesopen_eeg.set,4412
sub-38,ses-2,eyesopen,1,SD,33,250.0,61,1250,3,61,1250,data\sub-38\ses-2\eeg\sub-38_ses-2_task-eyesopen_eeg.set,4413
sub-38,ses-2,eyesopen,1,SD,34,250.0,61,1250,3,61,1250,data\sub-38\ses-2\eeg\sub-38_ses-2_task-eyesopen_eeg.set,4414
sub-38,ses-2,eyesopen,1,SD,35,250.0,61,1250,3,61,1250,data\sub-38\ses-2\eeg\sub-38_ses-2_task-eyesopen_eeg.set,4415
sub-38,ses-2,eyesopen,1,SD,36,250.0,61,1250,3,61,1250,data\sub-38\ses-2\eeg\sub-38_ses-2_task-eyesopen_eeg.set,4416
sub-38,ses-2,eyesopen,1,SD,37,250.0,61,1250,3,61,1250,data\sub-38\ses-2\eeg\sub-38_ses-2_task-eyesopen_eeg.set,4417
sub-38,ses-2,eyesopen,1,SD,38,250.0,61,1250,3,61,1250,data\sub-38\ses-2\eeg\sub-38_ses-2_task-eyesopen_eeg.set,4418
sub-38,ses-2,eyesopen,1,SD,39,250.0,61,1250,3,61,1250,data\sub-38\ses-2\eeg\sub-38_ses-2_task-eyesopen_eeg.set,4419
sub-38,ses-2,eyesopen,1,SD,40,250.0,61,1250,3,61,1250,data\sub-38\ses-2\eeg\sub-38_ses-2_task-eyesopen_eeg.set,4420
sub-38,ses-2,eyesopen,1,SD,41,250.0,61,1250,3,61,1250,data\sub-38\ses-2\eeg\sub-38_ses-2_task-eyesopen_eeg.set,4421
sub-38,ses-2,eyesopen,1,SD,42,250.0,61,1250,3,61,1250,data\sub-38\ses-2\eeg\sub-38_ses-2_task-eyesopen_eeg.set,4422
sub-38,ses-2,eyesopen,1,SD,43,250.0,61,1250,3,61,1250,data\sub-38\ses-2\eeg\sub-38_ses-2_task-eyesopen_eeg.set,4423
sub-38,ses-2,eyesopen,1,SD,44,250.0,61,1250,3,61,1250,data\sub-38\ses-2\eeg\sub-38_ses-2_task-eyesopen_eeg.set,4424
sub-38,ses-2,eyesopen,1,SD,45,250.0,61,1250,3,61,1250,data\sub-38\ses-2\eeg\sub-38_ses-2_task-eyesopen_eeg.set,4425
sub-38,ses-2,eyesopen,1,SD,46,250.0,61,1250,3,61,1250,data\sub-38\ses-2\eeg\sub-38_ses-2_task-eyesopen_eeg.set,4426
sub-38,ses-2,eyesopen,1,SD,47,250.0,61,1250,3,61,1250,data\sub-38\ses-2\eeg\sub-38_ses-2_task-eyesopen_eeg.set,4427
sub-38,ses-2,eyesopen,1,SD,48,250.0,61,1250,3,61,1250,data\sub-38\ses-2\eeg\sub-38_ses-2_task-eyesopen_eeg.set,4428
sub-38,ses-2,eyesopen,1,SD,49,250.0,61,1250,3,61,1250,data\sub-38\ses-2\eeg\sub-38_ses-2_task-eyesopen_eeg.set,4429
sub-38,ses-2,eyesopen,1,SD,50,250.0,61,1250,3,61,1250,data\sub-38\ses-2\eeg\sub-38_ses-2_task-eyesopen_eeg.set,4430
sub-38,ses-2,eyesopen,1,SD,51,250.0,61,1250,3,61,1250,data\sub-38\ses-2\eeg\sub-38_ses-2_task-eyesopen_eeg.set,4431
sub-38,ses-2,eyesopen,1,SD,52,250.0,61,1250,3,61,1250,data\sub-38\ses-2\eeg\sub-38_ses-2_task-eyesopen_eeg.set,4432
sub-38,ses-2,eyesopen,1,SD,53,250.0,61,1250,3,61,1250,data\sub-38\ses-2\eeg\sub-38_ses-2_task-eyesopen_eeg.set,4433
sub-38,ses-2,eyesopen,1,SD,54,250.0,61,1250,3,61,1250,data\sub-38\ses-2\eeg\sub-38_ses-2_task-eyesopen_eeg.set,4434
sub-38,ses-2,eyesopen,1,SD,55,250.0,61,1250,3,61,1250,data\sub-38\ses-2\eeg\sub-38_ses-2_task-eyesopen_eeg.set,4435
sub-38,ses-2,eyesopen,1,SD,56,250.0,61,1250,3,61,1250,data\sub-38\ses-2\eeg\sub-38_ses-2_task-eyesopen_eeg.set,4436
sub-38,ses-2,eyesopen,1,SD,57,250.0,61,1250,3,61,1250,data\sub-38\ses-2\eeg\sub-38_ses-2_task-eyesopen_eeg.set,4437
sub-38,ses-2,eyesopen,1,SD,58,250.0,61,1250,3,61,1250,data\sub-38\ses-2\eeg\sub-38_ses-2_task-eyesopen_eeg.set,4438
sub-38,ses-2,eyesopen,1,SD,59,250.0,61,1250,3,61,1250,data\sub-38\ses-2\eeg\sub-38_ses-2_task-eyesopen_eeg.set,4439
sub-39,ses-1,eyesopen,0,NS,0,250.0,61,1250,3,61,1250,data\sub-39\ses-1\eeg\sub-39_ses-1_task-eyesopen_eeg.set,4440
sub-39,ses-1,eyesopen,0,NS,1,250.0,61,1250,3,61,1250,data\sub-39\ses-1\eeg\sub-39_ses-1_task-eyesopen_eeg.set,4441
sub-39,ses-1,eyesopen,0,NS,2,250.0,61,1250,3,61,1250,data\sub-39\ses-1\eeg\sub-39_ses-1_task-eyesopen_eeg.set,4442
sub-39,ses-1,eyesopen,0,NS,3,250.0,61,1250,3,61,1250,data\sub-39\ses-1\eeg\sub-39_ses-1_task-eyesopen_eeg.set,4443
sub-39,ses-1,eyesopen,0,NS,4,250.0,61,1250,3,61,1250,data\sub-39\ses-1\eeg\sub-39_ses-1_task-eyesopen_eeg.set,4444
sub-39,ses-1,eyesopen,0,NS,5,250.0,61,1250,3,61,1250,data\sub-39\ses-1\eeg\sub-39_ses-1_task-eyesopen_eeg.set,4445
sub-39,ses-1,eyesopen,0,NS,6,250.0,61,1250,3,61,1250,data\sub-39\ses-1\eeg\sub-39_ses-1_task-eyesopen_eeg.set,4446
sub-39,ses-1,eyesopen,0,NS,7,250.0,61,1250,3,61,1250,data\sub-39\ses-1\eeg\sub-39_ses-1_task-eyesopen_eeg.set,4447
sub-39,ses-1,eyesopen,0,NS,8,250.0,61,1250,3,61,1250,data\sub-39\ses-1\eeg\sub-39_ses-1_task-eyesopen_eeg.set,4448
sub-39,ses-1,eyesopen,0,NS,9,250.0,61,1250,3,61,1250,data\sub-39\ses-1\eeg\sub-39_ses-1_task-eyesopen_eeg.set,4449
sub-39,ses-1,eyesopen,0,NS,10,250.0,61,1250,3,61,1250,data\sub-39\ses-1\eeg\sub-39_ses-1_task-eyesopen_eeg.set,4450
sub-39,ses-1,eyesopen,0,NS,11,250.0,61,1250,3,61,1250,data\sub-39\ses-1\eeg\sub-39_ses-1_task-eyesopen_eeg.set,4451
sub-39,ses-1,eyesopen,0,NS,12,250.0,61,1250,3,61,1250,data\sub-39\ses-1\eeg\sub-39_ses-1_task-eyesopen_eeg.set,4452
sub-39,ses-1,eyesopen,0,NS,13,250.0,61,1250,3,61,1250,data\sub-39\ses-1\eeg\sub-39_ses-1_task-eyesopen_eeg.set,4453
sub-39,ses-1,eyesopen,0,NS,14,250.0,61,1250,3,61,1250,data\sub-39\ses-1\eeg\sub-39_ses-1_task-eyesopen_eeg.set,4454
sub-39,ses-1,eyesopen,0,NS,15,250.0,61,1250,3,61,1250,data\sub-39\ses-1\eeg\sub-39_ses-1_task-eyesopen_eeg.set,4455
sub-39,ses-1,eyesopen,0,NS,16,250.0,61,1250,3,61,1250,data\sub-39\ses-1\eeg\sub-39_ses-1_task-eyesopen_eeg.set,4456
sub-39,ses-1,eyesopen,0,NS,17,250.0,61,1250,3,61,1250,data\sub-39\ses-1\eeg\sub-39_ses-1_task-eyesopen_eeg.set,4457
sub-39,ses-1,eyesopen,0,NS,18,250.0,61,1250,3,61,1250,data\sub-39\ses-1\eeg\sub-39_ses-1_task-eyesopen_eeg.set,4458
sub-39,ses-1,eyesopen,0,NS,19,250.0,61,1250,3,61,1250,data\sub-39\ses-1\eeg\sub-39_ses-1_task-eyesopen_eeg.set,4459
sub-39,ses-1,eyesopen,0,NS,20,250.0,61,1250,3,61,1250,data\sub-39\ses-1\eeg\sub-39_ses-1_task-eyesopen_eeg.set,4460
sub-39,ses-1,eyesopen,0,NS,21,250.0,61,1250,3,61,1250,data\sub-39\ses-1\eeg\sub-39_ses-1_task-eyesopen_eeg.set,4461
sub-39,ses-1,eyesopen,0,NS,22,250.0,61,1250,3,61,1250,data\sub-39\ses-1\eeg\sub-39_ses-1_task-eyesopen_eeg.set,4462
sub-39,ses-1,eyesopen,0,NS,23,250.0,61,1250,3,61,1250,data\sub-39\ses-1\eeg\sub-39_ses-1_task-eyesopen_eeg.set,4463
sub-39,ses-1,eyesopen,0,NS,24,250.0,61,1250,3,61,1250,data\sub-39\ses-1\eeg\sub-39_ses-1_task-eyesopen_eeg.set,4464
sub-39,ses-1,eyesopen,0,NS,25,250.0,61,1250,3,61,1250,data\sub-39\ses-1\eeg\sub-39_ses-1_task-eyesopen_eeg.set,4465
sub-39,ses-1,eyesopen,0,NS,26,250.0,61,1250,3,61,1250,data\sub-39\ses-1\eeg\sub-39_ses-1_task-eyesopen_eeg.set,4466
sub-39,ses-1,eyesopen,0,NS,27,250.0,61,1250,3,61,1250,data\sub-39\ses-1\eeg\sub-39_ses-1_task-eyesopen_eeg.set,4467
sub-39,ses-1,eyesopen,0,NS,28,250.0,61,1250,3,61,1250,data\sub-39\ses-1\eeg\sub-39_ses-1_task-eyesopen_eeg.set,4468
sub-39,ses-1,eyesopen,0,NS,29,250.0,61,1250,3,61,1250,data\sub-39\ses-1\eeg\sub-39_ses-1_task-eyesopen_eeg.set,4469
sub-39,ses-1,eyesopen,0,NS,30,250.0,61,1250,3,61,1250,data\sub-39\ses-1\eeg\sub-39_ses-1_task-eyesopen_eeg.set,4470
sub-39,ses-1,eyesopen,0,NS,31,250.0,61,1250,3,61,1250,data\sub-39\ses-1\eeg\sub-39_ses-1_task-eyesopen_eeg.set,4471
sub-39,ses-1,eyesopen,0,NS,32,250.0,61,1250,3,61,1250,data\sub-39\ses-1\eeg\sub-39_ses-1_task-eyesopen_eeg.set,4472
sub-39,ses-1,eyesopen,0,NS,33,250.0,61,1250,3,61,1250,data\sub-39\ses-1\eeg\sub-39_ses-1_task-eyesopen_eeg.set,4473
sub-39,ses-1,eyesopen,0,NS,34,250.0,61,1250,3,61,1250,data\sub-39\ses-1\eeg\sub-39_ses-1_task-eyesopen_eeg.set,4474
sub-39,ses-1,eyesopen,0,NS,35,250.0,61,1250,3,61,1250,data\sub-39\ses-1\eeg\sub-39_ses-1_task-eyesopen_eeg.set,4475
sub-39,ses-1,eyesopen,0,NS,36,250.0,61,1250,3,61,1250,data\sub-39\ses-1\eeg\sub-39_ses-1_task-eyesopen_eeg.set,4476
sub-39,ses-1,eyesopen,0,NS,37,250.0,61,1250,3,61,1250,data\sub-39\ses-1\eeg\sub-39_ses-1_task-eyesopen_eeg.set,4477
sub-39,ses-1,eyesopen,0,NS,38,250.0,61,1250,3,61,1250,data\sub-39\ses-1\eeg\sub-39_ses-1_task-eyesopen_eeg.set,4478
sub-39,ses-1,eyesopen,0,NS,39,250.0,61,1250,3,61,1250,data\sub-39\ses-1\eeg\sub-39_ses-1_task-eyesopen_eeg.set,4479
sub-39,ses-1,eyesopen,0,NS,40,250.0,61,1250,3,61,1250,data\sub-39\ses-1\eeg\sub-39_ses-1_task-eyesopen_eeg.set,4480
sub-39,ses-1,eyesopen,0,NS,41,250.0,61,1250,3,61,1250,data\sub-39\ses-1\eeg\sub-39_ses-1_task-eyesopen_eeg.set,4481
sub-39,ses-1,eyesopen,0,NS,42,250.0,61,1250,3,61,1250,data\sub-39\ses-1\eeg\sub-39_ses-1_task-eyesopen_eeg.set,4482
sub-39,ses-1,eyesopen,0,NS,43,250.0,61,1250,3,61,1250,data\sub-39\ses-1\eeg\sub-39_ses-1_task-eyesopen_eeg.set,4483
sub-39,ses-1,eyesopen,0,NS,44,250.0,61,1250,3,61,1250,data\sub-39\ses-1\eeg\sub-39_ses-1_task-eyesopen_eeg.set,4484
sub-39,ses-1,eyesopen,0,NS,45,250.0,61,1250,3,61,1250,data\sub-39\ses-1\eeg\sub-39_ses-1_task-eyesopen_eeg.set,4485
sub-39,ses-1,eyesopen,0,NS,46,250.0,61,1250,3,61,1250,data\sub-39\ses-1\eeg\sub-39_ses-1_task-eyesopen_eeg.set,4486
sub-39,ses-1,eyesopen,0,NS,47,250.0,61,1250,3,61,1250,data\sub-39\ses-1\eeg\sub-39_ses-1_task-eyesopen_eeg.set,4487
sub-39,ses-1,eyesopen,0,NS,48,250.0,61,1250,3,61,1250,data\sub-39\ses-1\eeg\sub-39_ses-1_task-eyesopen_eeg.set,4488
sub-39,ses-1,eyesopen,0,NS,49,250.0,61,1250,3,61,1250,data\sub-39\ses-1\eeg\sub-39_ses-1_task-eyesopen_eeg.set,4489
sub-39,ses-1,eyesopen,0,NS,50,250.0,61,1250,3,61,1250,data\sub-39\ses-1\eeg\sub-39_ses-1_task-eyesopen_eeg.set,4490
sub-39,ses-1,eyesopen,0,NS,51,250.0,61,1250,3,61,1250,data\sub-39\ses-1\eeg\sub-39_ses-1_task-eyesopen_eeg.set,4491
sub-39,ses-1,eyesopen,0,NS,52,250.0,61,1250,3,61,1250,data\sub-39\ses-1\eeg\sub-39_ses-1_task-eyesopen_eeg.set,4492
sub-39,ses-1,eyesopen,0,NS,53,250.0,61,1250,3,61,1250,data\sub-39\ses-1\eeg\sub-39_ses-1_task-eyesopen_eeg.set,4493
sub-39,ses-1,eyesopen,0,NS,54,250.0,61,1250,3,61,1250,data\sub-39\ses-1\eeg\sub-39_ses-1_task-eyesopen_eeg.set,4494
sub-39,ses-1,eyesopen,0,NS,55,250.0,61,1250,3,61,1250,data\sub-39\ses-1\eeg\sub-39_ses-1_task-eyesopen_eeg.set,4495
sub-39,ses-1,eyesopen,0,NS,56,250.0,61,1250,3,61,1250,data\sub-39\ses-1\eeg\sub-39_ses-1_task-eyesopen_eeg.set,4496
sub-39,ses-1,eyesopen,0,NS,57,250.0,61,1250,3,61,1250,data\sub-39\ses-1\eeg\sub-39_ses-1_task-eyesopen_eeg.set,4497
sub-39,ses-1,eyesopen,0,NS,58,250.0,61,1250,3,61,1250,data\sub-39\ses-1\eeg\sub-39_ses-1_task-eyesopen_eeg.set,4498
sub-39,ses-1,eyesopen,0,NS,59,250.0,61,1250,3,61,1250,data\sub-39\ses-1\eeg\sub-39_ses-1_task-eyesopen_eeg.set,4499
sub-39,ses-2,eyesopen,1,SD,0,250.0,61,1250,3,61,1250,data\sub-39\ses-2\eeg\sub-39_ses-2_task-eyesopen_eeg.set,4500
sub-39,ses-2,eyesopen,1,SD,1,250.0,61,1250,3,61,1250,data\sub-39\ses-2\eeg\sub-39_ses-2_task-eyesopen_eeg.set,4501
sub-39,ses-2,eyesopen,1,SD,2,250.0,61,1250,3,61,1250,data\sub-39\ses-2\eeg\sub-39_ses-2_task-eyesopen_eeg.set,4502
sub-39,ses-2,eyesopen,1,SD,3,250.0,61,1250,3,61,1250,data\sub-39\ses-2\eeg\sub-39_ses-2_task-eyesopen_eeg.set,4503
sub-39,ses-2,eyesopen,1,SD,4,250.0,61,1250,3,61,1250,data\sub-39\ses-2\eeg\sub-39_ses-2_task-eyesopen_eeg.set,4504
sub-39,ses-2,eyesopen,1,SD,5,250.0,61,1250,3,61,1250,data\sub-39\ses-2\eeg\sub-39_ses-2_task-eyesopen_eeg.set,4505
sub-39,ses-2,eyesopen,1,SD,6,250.0,61,1250,3,61,1250,data\sub-39\ses-2\eeg\sub-39_ses-2_task-eyesopen_eeg.set,4506
sub-39,ses-2,eyesopen,1,SD,7,250.0,61,1250,3,61,1250,data\sub-39\ses-2\eeg\sub-39_ses-2_task-eyesopen_eeg.set,4507
sub-39,ses-2,eyesopen,1,SD,8,250.0,61,1250,3,61,1250,data\sub-39\ses-2\eeg\sub-39_ses-2_task-eyesopen_eeg.set,4508
sub-39,ses-2,eyesopen,1,SD,9,250.0,61,1250,3,61,1250,data\sub-39\ses-2\eeg\sub-39_ses-2_task-eyesopen_eeg.set,4509
sub-39,ses-2,eyesopen,1,SD,10,250.0,61,1250,3,61,1250,data\sub-39\ses-2\eeg\sub-39_ses-2_task-eyesopen_eeg.set,4510
sub-39,ses-2,eyesopen,1,SD,11,250.0,61,1250,3,61,1250,data\sub-39\ses-2\eeg\sub-39_ses-2_task-eyesopen_eeg.set,4511
sub-39,ses-2,eyesopen,1,SD,12,250.0,61,1250,3,61,1250,data\sub-39\ses-2\eeg\sub-39_ses-2_task-eyesopen_eeg.set,4512
sub-39,ses-2,eyesopen,1,SD,13,250.0,61,1250,3,61,1250,data\sub-39\ses-2\eeg\sub-39_ses-2_task-eyesopen_eeg.set,4513
sub-39,ses-2,eyesopen,1,SD,14,250.0,61,1250,3,61,1250,data\sub-39\ses-2\eeg\sub-39_ses-2_task-eyesopen_eeg.set,4514
sub-39,ses-2,eyesopen,1,SD,15,250.0,61,1250,3,61,1250,data\sub-39\ses-2\eeg\sub-39_ses-2_task-eyesopen_eeg.set,4515
sub-39,ses-2,eyesopen,1,SD,16,250.0,61,1250,3,61,1250,data\sub-39\ses-2\eeg\sub-39_ses-2_task-eyesopen_eeg.set,4516
sub-39,ses-2,eyesopen,1,SD,17,250.0,61,1250,3,61,1250,data\sub-39\ses-2\eeg\sub-39_ses-2_task-eyesopen_eeg.set,4517
sub-39,ses-2,eyesopen,1,SD,18,250.0,61,1250,3,61,1250,data\sub-39\ses-2\eeg\sub-39_ses-2_task-eyesopen_eeg.set,4518
sub-39,ses-2,eyesopen,1,SD,19,250.0,61,1250,3,61,1250,data\sub-39\ses-2\eeg\sub-39_ses-2_task-eyesopen_eeg.set,4519
sub-39,ses-2,eyesopen,1,SD,20,250.0,61,1250,3,61,1250,data\sub-39\ses-2\eeg\sub-39_ses-2_task-eyesopen_eeg.set,4520
sub-39,ses-2,eyesopen,1,SD,21,250.0,61,1250,3,61,1250,data\sub-39\ses-2\eeg\sub-39_ses-2_task-eyesopen_eeg.set,4521
sub-39,ses-2,eyesopen,1,SD,22,250.0,61,1250,3,61,1250,data\sub-39\ses-2\eeg\sub-39_ses-2_task-eyesopen_eeg.set,4522
sub-39,ses-2,eyesopen,1,SD,23,250.0,61,1250,3,61,1250,data\sub-39\ses-2\eeg\sub-39_ses-2_task-eyesopen_eeg.set,4523
sub-39,ses-2,eyesopen,1,SD,24,250.0,61,1250,3,61,1250,data\sub-39\ses-2\eeg\sub-39_ses-2_task-eyesopen_eeg.set,4524
sub-39,ses-2,eyesopen,1,SD,25,250.0,61,1250,3,61,1250,data\sub-39\ses-2\eeg\sub-39_ses-2_task-eyesopen_eeg.set,4525
sub-39,ses-2,eyesopen,1,SD,26,250.0,61,1250,3,61,1250,data\sub-39\ses-2\eeg\sub-39_ses-2_task-eyesopen_eeg.set,4526
sub-39,ses-2,eyesopen,1,SD,27,250.0,61,1250,3,61,1250,data\sub-39\ses-2\eeg\sub-39_ses-2_task-eyesopen_eeg.set,4527
sub-39,ses-2,eyesopen,1,SD,28,250.0,61,1250,3,61,1250,data\sub-39\ses-2\eeg\sub-39_ses-2_task-eyesopen_eeg.set,4528
sub-39,ses-2,eyesopen,1,SD,29,250.0,61,1250,3,61,1250,data\sub-39\ses-2\eeg\sub-39_ses-2_task-eyesopen_eeg.set,4529
sub-39,ses-2,eyesopen,1,SD,30,250.0,61,1250,3,61,1250,data\sub-39\ses-2\eeg\sub-39_ses-2_task-eyesopen_eeg.set,4530
sub-39,ses-2,eyesopen,1,SD,31,250.0,61,1250,3,61,1250,data\sub-39\ses-2\eeg\sub-39_ses-2_task-eyesopen_eeg.set,4531
sub-39,ses-2,eyesopen,1,SD,32,250.0,61,1250,3,61,1250,data\sub-39\ses-2\eeg\sub-39_ses-2_task-eyesopen_eeg.set,4532
sub-39,ses-2,eyesopen,1,SD,33,250.0,61,1250,3,61,1250,data\sub-39\ses-2\eeg\sub-39_ses-2_task-eyesopen_eeg.set,4533
sub-39,ses-2,eyesopen,1,SD,34,250.0,61,1250,3,61,1250,data\sub-39\ses-2\eeg\sub-39_ses-2_task-eyesopen_eeg.set,4534
sub-39,ses-2,eyesopen,1,SD,35,250.0,61,1250,3,61,1250,data\sub-39\ses-2\eeg\sub-39_ses-2_task-eyesopen_eeg.set,4535
sub-39,ses-2,eyesopen,1,SD,36,250.0,61,1250,3,61,1250,data\sub-39\ses-2\eeg\sub-39_ses-2_task-eyesopen_eeg.set,4536
sub-39,ses-2,eyesopen,1,SD,37,250.0,61,1250,3,61,1250,data\sub-39\ses-2\eeg\sub-39_ses-2_task-eyesopen_eeg.set,4537
sub-39,ses-2,eyesopen,1,SD,38,250.0,61,1250,3,61,1250,data\sub-39\ses-2\eeg\sub-39_ses-2_task-eyesopen_eeg.set,4538
sub-39,ses-2,eyesopen,1,SD,39,250.0,61,1250,3,61,1250,data\sub-39\ses-2\eeg\sub-39_ses-2_task-eyesopen_eeg.set,4539
sub-39,ses-2,eyesopen,1,SD,40,250.0,61,1250,3,61,1250,data\sub-39\ses-2\eeg\sub-39_ses-2_task-eyesopen_eeg.set,4540
sub-39,ses-2,eyesopen,1,SD,41,250.0,61,1250,3,61,1250,data\sub-39\ses-2\eeg\sub-39_ses-2_task-eyesopen_eeg.set,4541
sub-39,ses-2,eyesopen,1,SD,42,250.0,61,1250,3,61,1250,data\sub-39\ses-2\eeg\sub-39_ses-2_task-eyesopen_eeg.set,4542
sub-39,ses-2,eyesopen,1,SD,43,250.0,61,1250,3,61,1250,data\sub-39\ses-2\eeg\sub-39_ses-2_task-eyesopen_eeg.set,4543
sub-39,ses-2,eyesopen,1,SD,44,250.0,61,1250,3,61,1250,data\sub-39\ses-2\eeg\sub-39_ses-2_task-eyesopen_eeg.set,4544
sub-39,ses-2,eyesopen,1,SD,45,250.0,61,1250,3,61,1250,data\sub-39\ses-2\eeg\sub-39_ses-2_task-eyesopen_eeg.set,4545
sub-39,ses-2,eyesopen,1,SD,46,250.0,61,1250,3,61,1250,data\sub-39\ses-2\eeg\sub-39_ses-2_task-eyesopen_eeg.set,4546
sub-39,ses-2,eyesopen,1,SD,47,250.0,61,1250,3,61,1250,data\sub-39\ses-2\eeg\sub-39_ses-2_task-eyesopen_eeg.set,4547
sub-39,ses-2,eyesopen,1,SD,48,250.0,61,1250,3,61,1250,data\sub-39\ses-2\eeg\sub-39_ses-2_task-eyesopen_eeg.set,4548
sub-39,ses-2,eyesopen,1,SD,49,250.0,61,1250,3,61,1250,data\sub-39\ses-2\eeg\sub-39_ses-2_task-eyesopen_eeg.set,4549
sub-39,ses-2,eyesopen,1,SD,50,250.0,61,1250,3,61,1250,data\sub-39\ses-2\eeg\sub-39_ses-2_task-eyesopen_eeg.set,4550
sub-39,ses-2,eyesopen,1,SD,51,250.0,61,1250,3,61,1250,data\sub-39\ses-2\eeg\sub-39_ses-2_task-eyesopen_eeg.set,4551
sub-39,ses-2,eyesopen,1,SD,52,250.0,61,1250,3,61,1250,data\sub-39\ses-2\eeg\sub-39_ses-2_task-eyesopen_eeg.set,4552
sub-39,ses-2,eyesopen,1,SD,53,250.0,61,1250,3,61,1250,data\sub-39\ses-2\eeg\sub-39_ses-2_task-eyesopen_eeg.set,4553
sub-39,ses-2,eyesopen,1,SD,54,250.0,61,1250,3,61,1250,data\sub-39\ses-2\eeg\sub-39_ses-2_task-eyesopen_eeg.set,4554
sub-39,ses-2,eyesopen,1,SD,55,250.0,61,1250,3,61,1250,data\sub-39\ses-2\eeg\sub-39_ses-2_task-eyesopen_eeg.set,4555
sub-39,ses-2,eyesopen,1,SD,56,250.0,61,1250,3,61,1250,data\sub-39\ses-2\eeg\sub-39_ses-2_task-eyesopen_eeg.set,4556
sub-39,ses-2,eyesopen,1,SD,57,250.0,61,1250,3,61,1250,data\sub-39\ses-2\eeg\sub-39_ses-2_task-eyesopen_eeg.set,4557
sub-39,ses-2,eyesopen,1,SD,58,250.0,61,1250,3,61,1250,data\sub-39\ses-2\eeg\sub-39_ses-2_task-eyesopen_eeg.set,4558
sub-39,ses-2,eyesopen,1,SD,59,250.0,61,1250,3,61,1250,data\sub-39\ses-2\eeg\sub-39_ses-2_task-eyesopen_eeg.set,4559
sub-40,ses-1,eyesopen,0,NS,0,250.0,61,1250,3,61,1250,data\sub-40\ses-1\eeg\sub-40_ses-1_task-eyesopen_eeg.set,4560
sub-40,ses-1,eyesopen,0,NS,1,250.0,61,1250,3,61,1250,data\sub-40\ses-1\eeg\sub-40_ses-1_task-eyesopen_eeg.set,4561
sub-40,ses-1,eyesopen,0,NS,2,250.0,61,1250,3,61,1250,data\sub-40\ses-1\eeg\sub-40_ses-1_task-eyesopen_eeg.set,4562
sub-40,ses-1,eyesopen,0,NS,3,250.0,61,1250,3,61,1250,data\sub-40\ses-1\eeg\sub-40_ses-1_task-eyesopen_eeg.set,4563
sub-40,ses-1,eyesopen,0,NS,4,250.0,61,1250,3,61,1250,data\sub-40\ses-1\eeg\sub-40_ses-1_task-eyesopen_eeg.set,4564
sub-40,ses-1,eyesopen,0,NS,5,250.0,61,1250,3,61,1250,data\sub-40\ses-1\eeg\sub-40_ses-1_task-eyesopen_eeg.set,4565
sub-40,ses-1,eyesopen,0,NS,6,250.0,61,1250,3,61,1250,data\sub-40\ses-1\eeg\sub-40_ses-1_task-eyesopen_eeg.set,4566
sub-40,ses-1,eyesopen,0,NS,7,250.0,61,1250,3,61,1250,data\sub-40\ses-1\eeg\sub-40_ses-1_task-eyesopen_eeg.set,4567
sub-40,ses-1,eyesopen,0,NS,8,250.0,61,1250,3,61,1250,data\sub-40\ses-1\eeg\sub-40_ses-1_task-eyesopen_eeg.set,4568
sub-40,ses-1,eyesopen,0,NS,9,250.0,61,1250,3,61,1250,data\sub-40\ses-1\eeg\sub-40_ses-1_task-eyesopen_eeg.set,4569
sub-40,ses-1,eyesopen,0,NS,10,250.0,61,1250,3,61,1250,data\sub-40\ses-1\eeg\sub-40_ses-1_task-eyesopen_eeg.set,4570
sub-40,ses-1,eyesopen,0,NS,11,250.0,61,1250,3,61,1250,data\sub-40\ses-1\eeg\sub-40_ses-1_task-eyesopen_eeg.set,4571
sub-40,ses-1,eyesopen,0,NS,12,250.0,61,1250,3,61,1250,data\sub-40\ses-1\eeg\sub-40_ses-1_task-eyesopen_eeg.set,4572
sub-40,ses-1,eyesopen,0,NS,13,250.0,61,1250,3,61,1250,data\sub-40\ses-1\eeg\sub-40_ses-1_task-eyesopen_eeg.set,4573
sub-40,ses-1,eyesopen,0,NS,14,250.0,61,1250,3,61,1250,data\sub-40\ses-1\eeg\sub-40_ses-1_task-eyesopen_eeg.set,4574
sub-40,ses-1,eyesopen,0,NS,15,250.0,61,1250,3,61,1250,data\sub-40\ses-1\eeg\sub-40_ses-1_task-eyesopen_eeg.set,4575
sub-40,ses-1,eyesopen,0,NS,16,250.0,61,1250,3,61,1250,data\sub-40\ses-1\eeg\sub-40_ses-1_task-eyesopen_eeg.set,4576
sub-40,ses-1,eyesopen,0,NS,17,250.0,61,1250,3,61,1250,data\sub-40\ses-1\eeg\sub-40_ses-1_task-eyesopen_eeg.set,4577
sub-40,ses-1,eyesopen,0,NS,18,250.0,61,1250,3,61,1250,data\sub-40\ses-1\eeg\sub-40_ses-1_task-eyesopen_eeg.set,4578
sub-40,ses-1,eyesopen,0,NS,19,250.0,61,1250,3,61,1250,data\sub-40\ses-1\eeg\sub-40_ses-1_task-eyesopen_eeg.set,4579
sub-40,ses-1,eyesopen,0,NS,20,250.0,61,1250,3,61,1250,data\sub-40\ses-1\eeg\sub-40_ses-1_task-eyesopen_eeg.set,4580
sub-40,ses-1,eyesopen,0,NS,21,250.0,61,1250,3,61,1250,data\sub-40\ses-1\eeg\sub-40_ses-1_task-eyesopen_eeg.set,4581
sub-40,ses-1,eyesopen,0,NS,22,250.0,61,1250,3,61,1250,data\sub-40\ses-1\eeg\sub-40_ses-1_task-eyesopen_eeg.set,4582
sub-40,ses-1,eyesopen,0,NS,23,250.0,61,1250,3,61,1250,data\sub-40\ses-1\eeg\sub-40_ses-1_task-eyesopen_eeg.set,4583
sub-40,ses-1,eyesopen,0,NS,24,250.0,61,1250,3,61,1250,data\sub-40\ses-1\eeg\sub-40_ses-1_task-eyesopen_eeg.set,4584
sub-40,ses-1,eyesopen,0,NS,25,250.0,61,1250,3,61,1250,data\sub-40\ses-1\eeg\sub-40_ses-1_task-eyesopen_eeg.set,4585
sub-40,ses-1,eyesopen,0,NS,26,250.0,61,1250,3,61,1250,data\sub-40\ses-1\eeg\sub-40_ses-1_task-eyesopen_eeg.set,4586
sub-40,ses-1,eyesopen,0,NS,27,250.0,61,1250,3,61,1250,data\sub-40\ses-1\eeg\sub-40_ses-1_task-eyesopen_eeg.set,4587
sub-40,ses-1,eyesopen,0,NS,28,250.0,61,1250,3,61,1250,data\sub-40\ses-1\eeg\sub-40_ses-1_task-eyesopen_eeg.set,4588
sub-40,ses-1,eyesopen,0,NS,29,250.0,61,1250,3,61,1250,data\sub-40\ses-1\eeg\sub-40_ses-1_task-eyesopen_eeg.set,4589
sub-40,ses-1,eyesopen,0,NS,30,250.0,61,1250,3,61,1250,data\sub-40\ses-1\eeg\sub-40_ses-1_task-eyesopen_eeg.set,4590
sub-40,ses-1,eyesopen,0,NS,31,250.0,61,1250,3,61,1250,data\sub-40\ses-1\eeg\sub-40_ses-1_task-eyesopen_eeg.set,4591
sub-40,ses-1,eyesopen,0,NS,32,250.0,61,1250,3,61,1250,data\sub-40\ses-1\eeg\sub-40_ses-1_task-eyesopen_eeg.set,4592
sub-40,ses-1,eyesopen,0,NS,33,250.0,61,1250,3,61,1250,data\sub-40\ses-1\eeg\sub-40_ses-1_task-eyesopen_eeg.set,4593
sub-40,ses-1,eyesopen,0,NS,34,250.0,61,1250,3,61,1250,data\sub-40\ses-1\eeg\sub-40_ses-1_task-eyesopen_eeg.set,4594
sub-40,ses-1,eyesopen,0,NS,35,250.0,61,1250,3,61,1250,data\sub-40\ses-1\eeg\sub-40_ses-1_task-eyesopen_eeg.set,4595
sub-40,ses-1,eyesopen,0,NS,36,250.0,61,1250,3,61,1250,data\sub-40\ses-1\eeg\sub-40_ses-1_task-eyesopen_eeg.set,4596
sub-40,ses-1,eyesopen,0,NS,37,250.0,61,1250,3,61,1250,data\sub-40\ses-1\eeg\sub-40_ses-1_task-eyesopen_eeg.set,4597
sub-40,ses-1,eyesopen,0,NS,38,250.0,61,1250,3,61,1250,data\sub-40\ses-1\eeg\sub-40_ses-1_task-eyesopen_eeg.set,4598
sub-40,ses-1,eyesopen,0,NS,39,250.0,61,1250,3,61,1250,data\sub-40\ses-1\eeg\sub-40_ses-1_task-eyesopen_eeg.set,4599
sub-40,ses-1,eyesopen,0,NS,40,250.0,61,1250,3,61,1250,data\sub-40\ses-1\eeg\sub-40_ses-1_task-eyesopen_eeg.set,4600
sub-40,ses-1,eyesopen,0,NS,41,250.0,61,1250,3,61,1250,data\sub-40\ses-1\eeg\sub-40_ses-1_task-eyesopen_eeg.set,4601
sub-40,ses-1,eyesopen,0,NS,42,250.0,61,1250,3,61,1250,data\sub-40\ses-1\eeg\sub-40_ses-1_task-eyesopen_eeg.set,4602
sub-40,ses-1,eyesopen,0,NS,43,250.0,61,1250,3,61,1250,data\sub-40\ses-1\eeg\sub-40_ses-1_task-eyesopen_eeg.set,4603
sub-40,ses-1,eyesopen,0,NS,44,250.0,61,1250,3,61,1250,data\sub-40\ses-1\eeg\sub-40_ses-1_task-eyesopen_eeg.set,4604
sub-40,ses-1,eyesopen,0,NS,45,250.0,61,1250,3,61,1250,data\sub-40\ses-1\eeg\sub-40_ses-1_task-eyesopen_eeg.set,4605
sub-40,ses-1,eyesopen,0,NS,46,250.0,61,1250,3,61,1250,data\sub-40\ses-1\eeg\sub-40_ses-1_task-eyesopen_eeg.set,4606
sub-40,ses-1,eyesopen,0,NS,47,250.0,61,1250,3,61,1250,data\sub-40\ses-1\eeg\sub-40_ses-1_task-eyesopen_eeg.set,4607
sub-40,ses-1,eyesopen,0,NS,48,250.0,61,1250,3,61,1250,data\sub-40\ses-1\eeg\sub-40_ses-1_task-eyesopen_eeg.set,4608
sub-40,ses-1,eyesopen,0,NS,49,250.0,61,1250,3,61,1250,data\sub-40\ses-1\eeg\sub-40_ses-1_task-eyesopen_eeg.set,4609
sub-40,ses-1,eyesopen,0,NS,50,250.0,61,1250,3,61,1250,data\sub-40\ses-1\eeg\sub-40_ses-1_task-eyesopen_eeg.set,4610
sub-40,ses-1,eyesopen,0,NS,51,250.0,61,1250,3,61,1250,data\sub-40\ses-1\eeg\sub-40_ses-1_task-eyesopen_eeg.set,4611
sub-40,ses-1,eyesopen,0,NS,52,250.0,61,1250,3,61,1250,data\sub-40\ses-1\eeg\sub-40_ses-1_task-eyesopen_eeg.set,4612
sub-40,ses-1,eyesopen,0,NS,53,250.0,61,1250,3,61,1250,data\sub-40\ses-1\eeg\sub-40_ses-1_task-eyesopen_eeg.set,4613
sub-40,ses-1,eyesopen,0,NS,54,250.0,61,1250,3,61,1250,data\sub-40\ses-1\eeg\sub-40_ses-1_task-eyesopen_eeg.set,4614
sub-40,ses-1,eyesopen,0,NS,55,250.0,61,1250,3,61,1250,data\sub-40\ses-1\eeg\sub-40_ses-1_task-eyesopen_eeg.set,4615
sub-40,ses-1,eyesopen,0,NS,56,250.0,61,1250,3,61,1250,data\sub-40\ses-1\eeg\sub-40_ses-1_task-eyesopen_eeg.set,4616
sub-40,ses-1,eyesopen,0,NS,57,250.0,61,1250,3,61,1250,data\sub-40\ses-1\eeg\sub-40_ses-1_task-eyesopen_eeg.set,4617
sub-40,ses-1,eyesopen,0,NS,58,250.0,61,1250,3,61,1250,data\sub-40\ses-1\eeg\sub-40_ses-1_task-eyesopen_eeg.set,4618
sub-40,ses-1,eyesopen,0,NS,59,250.0,61,1250,3,61,1250,data\sub-40\ses-1\eeg\sub-40_ses-1_task-eyesopen_eeg.set,4619
sub-40,ses-2,eyesopen,1,SD,0,250.0,61,1250,3,61,1250,data\sub-40\ses-2\eeg\sub-40_ses-2_task-eyesopen_eeg.set,4620
sub-40,ses-2,eyesopen,1,SD,1,250.0,61,1250,3,61,1250,data\sub-40\ses-2\eeg\sub-40_ses-2_task-eyesopen_eeg.set,4621
sub-40,ses-2,eyesopen,1,SD,2,250.0,61,1250,3,61,1250,data\sub-40\ses-2\eeg\sub-40_ses-2_task-eyesopen_eeg.set,4622
sub-40,ses-2,eyesopen,1,SD,3,250.0,61,1250,3,61,1250,data\sub-40\ses-2\eeg\sub-40_ses-2_task-eyesopen_eeg.set,4623
sub-40,ses-2,eyesopen,1,SD,4,250.0,61,1250,3,61,1250,data\sub-40\ses-2\eeg\sub-40_ses-2_task-eyesopen_eeg.set,4624
sub-40,ses-2,eyesopen,1,SD,5,250.0,61,1250,3,61,1250,data\sub-40\ses-2\eeg\sub-40_ses-2_task-eyesopen_eeg.set,4625
sub-40,ses-2,eyesopen,1,SD,6,250.0,61,1250,3,61,1250,data\sub-40\ses-2\eeg\sub-40_ses-2_task-eyesopen_eeg.set,4626
sub-40,ses-2,eyesopen,1,SD,7,250.0,61,1250,3,61,1250,data\sub-40\ses-2\eeg\sub-40_ses-2_task-eyesopen_eeg.set,4627
sub-40,ses-2,eyesopen,1,SD,8,250.0,61,1250,3,61,1250,data\sub-40\ses-2\eeg\sub-40_ses-2_task-eyesopen_eeg.set,4628
sub-40,ses-2,eyesopen,1,SD,9,250.0,61,1250,3,61,1250,data\sub-40\ses-2\eeg\sub-40_ses-2_task-eyesopen_eeg.set,4629
sub-40,ses-2,eyesopen,1,SD,10,250.0,61,1250,3,61,1250,data\sub-40\ses-2\eeg\sub-40_ses-2_task-eyesopen_eeg.set,4630
sub-40,ses-2,eyesopen,1,SD,11,250.0,61,1250,3,61,1250,data\sub-40\ses-2\eeg\sub-40_ses-2_task-eyesopen_eeg.set,4631
sub-40,ses-2,eyesopen,1,SD,12,250.0,61,1250,3,61,1250,data\sub-40\ses-2\eeg\sub-40_ses-2_task-eyesopen_eeg.set,4632
sub-40,ses-2,eyesopen,1,SD,13,250.0,61,1250,3,61,1250,data\sub-40\ses-2\eeg\sub-40_ses-2_task-eyesopen_eeg.set,4633
sub-40,ses-2,eyesopen,1,SD,14,250.0,61,1250,3,61,1250,data\sub-40\ses-2\eeg\sub-40_ses-2_task-eyesopen_eeg.set,4634
sub-40,ses-2,eyesopen,1,SD,15,250.0,61,1250,3,61,1250,data\sub-40\ses-2\eeg\sub-40_ses-2_task-eyesopen_eeg.set,4635
sub-40,ses-2,eyesopen,1,SD,16,250.0,61,1250,3,61,1250,data\sub-40\ses-2\eeg\sub-40_ses-2_task-eyesopen_eeg.set,4636
sub-40,ses-2,eyesopen,1,SD,17,250.0,61,1250,3,61,1250,data\sub-40\ses-2\eeg\sub-40_ses-2_task-eyesopen_eeg.set,4637
sub-40,ses-2,eyesopen,1,SD,18,250.0,61,1250,3,61,1250,data\sub-40\ses-2\eeg\sub-40_ses-2_task-eyesopen_eeg.set,4638
sub-40,ses-2,eyesopen,1,SD,19,250.0,61,1250,3,61,1250,data\sub-40\ses-2\eeg\sub-40_ses-2_task-eyesopen_eeg.set,4639
sub-40,ses-2,eyesopen,1,SD,20,250.0,61,1250,3,61,1250,data\sub-40\ses-2\eeg\sub-40_ses-2_task-eyesopen_eeg.set,4640
sub-40,ses-2,eyesopen,1,SD,21,250.0,61,1250,3,61,1250,data\sub-40\ses-2\eeg\sub-40_ses-2_task-eyesopen_eeg.set,4641
sub-40,ses-2,eyesopen,1,SD,22,250.0,61,1250,3,61,1250,data\sub-40\ses-2\eeg\sub-40_ses-2_task-eyesopen_eeg.set,4642
sub-40,ses-2,eyesopen,1,SD,23,250.0,61,1250,3,61,1250,data\sub-40\ses-2\eeg\sub-40_ses-2_task-eyesopen_eeg.set,4643
sub-40,ses-2,eyesopen,1,SD,24,250.0,61,1250,3,61,1250,data\sub-40\ses-2\eeg\sub-40_ses-2_task-eyesopen_eeg.set,4644
sub-40,ses-2,eyesopen,1,SD,25,250.0,61,1250,3,61,1250,data\sub-40\ses-2\eeg\sub-40_ses-2_task-eyesopen_eeg.set,4645
sub-40,ses-2,eyesopen,1,SD,26,250.0,61,1250,3,61,1250,data\sub-40\ses-2\eeg\sub-40_ses-2_task-eyesopen_eeg.set,4646
sub-40,ses-2,eyesopen,1,SD,27,250.0,61,1250,3,61,1250,data\sub-40\ses-2\eeg\sub-40_ses-2_task-eyesopen_eeg.set,4647
sub-40,ses-2,eyesopen,1,SD,28,250.0,61,1250,3,61,1250,data\sub-40\ses-2\eeg\sub-40_ses-2_task-eyesopen_eeg.set,4648
sub-40,ses-2,eyesopen,1,SD,29,250.0,61,1250,3,61,1250,data\sub-40\ses-2\eeg\sub-40_ses-2_task-eyesopen_eeg.set,4649
sub-40,ses-2,eyesopen,1,SD,30,250.0,61,1250,3,61,1250,data\sub-40\ses-2\eeg\sub-40_ses-2_task-eyesopen_eeg.set,4650
sub-40,ses-2,eyesopen,1,SD,31,250.0,61,1250,3,61,1250,data\sub-40\ses-2\eeg\sub-40_ses-2_task-eyesopen_eeg.set,4651
sub-40,ses-2,eyesopen,1,SD,32,250.0,61,1250,3,61,1250,data\sub-40\ses-2\eeg\sub-40_ses-2_task-eyesopen_eeg.set,4652
sub-40,ses-2,eyesopen,1,SD,33,250.0,61,1250,3,61,1250,data\sub-40\ses-2\eeg\sub-40_ses-2_task-eyesopen_eeg.set,4653
sub-40,ses-2,eyesopen,1,SD,34,250.0,61,1250,3,61,1250,data\sub-40\ses-2\eeg\sub-40_ses-2_task-eyesopen_eeg.set,4654
sub-40,ses-2,eyesopen,1,SD,35,250.0,61,1250,3,61,1250,data\sub-40\ses-2\eeg\sub-40_ses-2_task-eyesopen_eeg.set,4655
sub-40,ses-2,eyesopen,1,SD,36,250.0,61,1250,3,61,1250,data\sub-40\ses-2\eeg\sub-40_ses-2_task-eyesopen_eeg.set,4656
sub-40,ses-2,eyesopen,1,SD,37,250.0,61,1250,3,61,1250,data\sub-40\ses-2\eeg\sub-40_ses-2_task-eyesopen_eeg.set,4657
sub-40,ses-2,eyesopen,1,SD,38,250.0,61,1250,3,61,1250,data\sub-40\ses-2\eeg\sub-40_ses-2_task-eyesopen_eeg.set,4658
sub-40,ses-2,eyesopen,1,SD,39,250.0,61,1250,3,61,1250,data\sub-40\ses-2\eeg\sub-40_ses-2_task-eyesopen_eeg.set,4659
sub-40,ses-2,eyesopen,1,SD,40,250.0,61,1250,3,61,1250,data\sub-40\ses-2\eeg\sub-40_ses-2_task-eyesopen_eeg.set,4660
sub-40,ses-2,eyesopen,1,SD,41,250.0,61,1250,3,61,1250,data\sub-40\ses-2\eeg\sub-40_ses-2_task-eyesopen_eeg.set,4661
sub-40,ses-2,eyesopen,1,SD,42,250.0,61,1250,3,61,1250,data\sub-40\ses-2\eeg\sub-40_ses-2_task-eyesopen_eeg.set,4662
sub-40,ses-2,eyesopen,1,SD,43,250.0,61,1250,3,61,1250,data\sub-40\ses-2\eeg\sub-40_ses-2_task-eyesopen_eeg.set,4663
sub-40,ses-2,eyesopen,1,SD,44,250.0,61,1250,3,61,1250,data\sub-40\ses-2\eeg\sub-40_ses-2_task-eyesopen_eeg.set,4664
sub-40,ses-2,eyesopen,1,SD,45,250.0,61,1250,3,61,1250,data\sub-40\ses-2\eeg\sub-40_ses-2_task-eyesopen_eeg.set,4665
sub-40,ses-2,eyesopen,1,SD,46,250.0,61,1250,3,61,1250,data\sub-40\ses-2\eeg\sub-40_ses-2_task-eyesopen_eeg.set,4666
sub-40,ses-2,eyesopen,1,SD,47,250.0,61,1250,3,61,1250,data\sub-40\ses-2\eeg\sub-40_ses-2_task-eyesopen_eeg.set,4667
sub-40,ses-2,eyesopen,1,SD,48,250.0,61,1250,3,61,1250,data\sub-40\ses-2\eeg\sub-40_ses-2_task-eyesopen_eeg.set,4668
sub-40,ses-2,eyesopen,1,SD,49,250.0,61,1250,3,61,1250,data\sub-40\ses-2\eeg\sub-40_ses-2_task-eyesopen_eeg.set,4669
sub-40,ses-2,eyesopen,1,SD,50,250.0,61,1250,3,61,1250,data\sub-40\ses-2\eeg\sub-40_ses-2_task-eyesopen_eeg.set,4670
sub-40,ses-2,eyesopen,1,SD,51,250.0,61,1250,3,61,1250,data\sub-40\ses-2\eeg\sub-40_ses-2_task-eyesopen_eeg.set,4671
sub-40,ses-2,eyesopen,1,SD,52,250.0,61,1250,3,61,1250,data\sub-40\ses-2\eeg\sub-40_ses-2_task-eyesopen_eeg.set,4672
sub-40,ses-2,eyesopen,1,SD,53,250.0,61,1250,3,61,1250,data\sub-40\ses-2\eeg\sub-40_ses-2_task-eyesopen_eeg.set,4673
sub-40,ses-2,eyesopen,1,SD,54,250.0,61,1250,3,61,1250,data\sub-40\ses-2\eeg\sub-40_ses-2_task-eyesopen_eeg.set,4674
sub-40,ses-2,eyesopen,1,SD,55,250.0,61,1250,3,61,1250,data\sub-40\ses-2\eeg\sub-40_ses-2_task-eyesopen_eeg.set,4675
sub-40,ses-2,eyesopen,1,SD,56,250.0,61,1250,3,61,1250,data\sub-40\ses-2\eeg\sub-40_ses-2_task-eyesopen_eeg.set,4676
sub-40,ses-2,eyesopen,1,SD,57,250.0,61,1250,3,61,1250,data\sub-40\ses-2\eeg\sub-40_ses-2_task-eyesopen_eeg.set,4677
sub-40,ses-2,eyesopen,1,SD,58,250.0,61,1250,3,61,1250,data\sub-40\ses-2\eeg\sub-40_ses-2_task-eyesopen_eeg.set,4678
sub-40,ses-2,eyesopen,1,SD,59,250.0,61,1250,3,61,1250,data\sub-40\ses-2\eeg\sub-40_ses-2_task-eyesopen_eeg.set,4679
sub-41,ses-1,eyesopen,0,NS,0,250.0,61,1250,3,61,1250,data\sub-41\ses-1\eeg\sub-41_ses-1_task-eyesopen_eeg.set,4680
sub-41,ses-1,eyesopen,0,NS,1,250.0,61,1250,3,61,1250,data\sub-41\ses-1\eeg\sub-41_ses-1_task-eyesopen_eeg.set,4681
sub-41,ses-1,eyesopen,0,NS,2,250.0,61,1250,3,61,1250,data\sub-41\ses-1\eeg\sub-41_ses-1_task-eyesopen_eeg.set,4682
sub-41,ses-1,eyesopen,0,NS,3,250.0,61,1250,3,61,1250,data\sub-41\ses-1\eeg\sub-41_ses-1_task-eyesopen_eeg.set,4683
sub-41,ses-1,eyesopen,0,NS,4,250.0,61,1250,3,61,1250,data\sub-41\ses-1\eeg\sub-41_ses-1_task-eyesopen_eeg.set,4684
sub-41,ses-1,eyesopen,0,NS,5,250.0,61,1250,3,61,1250,data\sub-41\ses-1\eeg\sub-41_ses-1_task-eyesopen_eeg.set,4685
sub-41,ses-1,eyesopen,0,NS,6,250.0,61,1250,3,61,1250,data\sub-41\ses-1\eeg\sub-41_ses-1_task-eyesopen_eeg.set,4686
sub-41,ses-1,eyesopen,0,NS,7,250.0,61,1250,3,61,1250,data\sub-41\ses-1\eeg\sub-41_ses-1_task-eyesopen_eeg.set,4687
sub-41,ses-1,eyesopen,0,NS,8,250.0,61,1250,3,61,1250,data\sub-41\ses-1\eeg\sub-41_ses-1_task-eyesopen_eeg.set,4688
sub-41,ses-1,eyesopen,0,NS,9,250.0,61,1250,3,61,1250,data\sub-41\ses-1\eeg\sub-41_ses-1_task-eyesopen_eeg.set,4689
sub-41,ses-1,eyesopen,0,NS,10,250.0,61,1250,3,61,1250,data\sub-41\ses-1\eeg\sub-41_ses-1_task-eyesopen_eeg.set,4690
sub-41,ses-1,eyesopen,0,NS,11,250.0,61,1250,3,61,1250,data\sub-41\ses-1\eeg\sub-41_ses-1_task-eyesopen_eeg.set,4691
sub-41,ses-1,eyesopen,0,NS,12,250.0,61,1250,3,61,1250,data\sub-41\ses-1\eeg\sub-41_ses-1_task-eyesopen_eeg.set,4692
sub-41,ses-1,eyesopen,0,NS,13,250.0,61,1250,3,61,1250,data\sub-41\ses-1\eeg\sub-41_ses-1_task-eyesopen_eeg.set,4693
sub-41,ses-1,eyesopen,0,NS,14,250.0,61,1250,3,61,1250,data\sub-41\ses-1\eeg\sub-41_ses-1_task-eyesopen_eeg.set,4694
sub-41,ses-1,eyesopen,0,NS,15,250.0,61,1250,3,61,1250,data\sub-41\ses-1\eeg\sub-41_ses-1_task-eyesopen_eeg.set,4695
sub-41,ses-1,eyesopen,0,NS,16,250.0,61,1250,3,61,1250,data\sub-41\ses-1\eeg\sub-41_ses-1_task-eyesopen_eeg.set,4696
sub-41,ses-1,eyesopen,0,NS,17,250.0,61,1250,3,61,1250,data\sub-41\ses-1\eeg\sub-41_ses-1_task-eyesopen_eeg.set,4697
sub-41,ses-1,eyesopen,0,NS,18,250.0,61,1250,3,61,1250,data\sub-41\ses-1\eeg\sub-41_ses-1_task-eyesopen_eeg.set,4698
sub-41,ses-1,eyesopen,0,NS,19,250.0,61,1250,3,61,1250,data\sub-41\ses-1\eeg\sub-41_ses-1_task-eyesopen_eeg.set,4699
sub-41,ses-1,eyesopen,0,NS,20,250.0,61,1250,3,61,1250,data\sub-41\ses-1\eeg\sub-41_ses-1_task-eyesopen_eeg.set,4700
sub-41,ses-1,eyesopen,0,NS,21,250.0,61,1250,3,61,1250,data\sub-41\ses-1\eeg\sub-41_ses-1_task-eyesopen_eeg.set,4701
sub-41,ses-1,eyesopen,0,NS,22,250.0,61,1250,3,61,1250,data\sub-41\ses-1\eeg\sub-41_ses-1_task-eyesopen_eeg.set,4702
sub-41,ses-1,eyesopen,0,NS,23,250.0,61,1250,3,61,1250,data\sub-41\ses-1\eeg\sub-41_ses-1_task-eyesopen_eeg.set,4703
sub-41,ses-1,eyesopen,0,NS,24,250.0,61,1250,3,61,1250,data\sub-41\ses-1\eeg\sub-41_ses-1_task-eyesopen_eeg.set,4704
sub-41,ses-1,eyesopen,0,NS,25,250.0,61,1250,3,61,1250,data\sub-41\ses-1\eeg\sub-41_ses-1_task-eyesopen_eeg.set,4705
sub-41,ses-1,eyesopen,0,NS,26,250.0,61,1250,3,61,1250,data\sub-41\ses-1\eeg\sub-41_ses-1_task-eyesopen_eeg.set,4706
sub-41,ses-1,eyesopen,0,NS,27,250.0,61,1250,3,61,1250,data\sub-41\ses-1\eeg\sub-41_ses-1_task-eyesopen_eeg.set,4707
sub-41,ses-1,eyesopen,0,NS,28,250.0,61,1250,3,61,1250,data\sub-41\ses-1\eeg\sub-41_ses-1_task-eyesopen_eeg.set,4708
sub-41,ses-1,eyesopen,0,NS,29,250.0,61,1250,3,61,1250,data\sub-41\ses-1\eeg\sub-41_ses-1_task-eyesopen_eeg.set,4709
sub-41,ses-1,eyesopen,0,NS,30,250.0,61,1250,3,61,1250,data\sub-41\ses-1\eeg\sub-41_ses-1_task-eyesopen_eeg.set,4710
sub-41,ses-1,eyesopen,0,NS,31,250.0,61,1250,3,61,1250,data\sub-41\ses-1\eeg\sub-41_ses-1_task-eyesopen_eeg.set,4711
sub-41,ses-1,eyesopen,0,NS,32,250.0,61,1250,3,61,1250,data\sub-41\ses-1\eeg\sub-41_ses-1_task-eyesopen_eeg.set,4712
sub-41,ses-1,eyesopen,0,NS,33,250.0,61,1250,3,61,1250,data\sub-41\ses-1\eeg\sub-41_ses-1_task-eyesopen_eeg.set,4713
sub-41,ses-1,eyesopen,0,NS,34,250.0,61,1250,3,61,1250,data\sub-41\ses-1\eeg\sub-41_ses-1_task-eyesopen_eeg.set,4714
sub-41,ses-1,eyesopen,0,NS,35,250.0,61,1250,3,61,1250,data\sub-41\ses-1\eeg\sub-41_ses-1_task-eyesopen_eeg.set,4715
sub-41,ses-1,eyesopen,0,NS,36,250.0,61,1250,3,61,1250,data\sub-41\ses-1\eeg\sub-41_ses-1_task-eyesopen_eeg.set,4716
sub-41,ses-1,eyesopen,0,NS,37,250.0,61,1250,3,61,1250,data\sub-41\ses-1\eeg\sub-41_ses-1_task-eyesopen_eeg.set,4717
sub-41,ses-1,eyesopen,0,NS,38,250.0,61,1250,3,61,1250,data\sub-41\ses-1\eeg\sub-41_ses-1_task-eyesopen_eeg.set,4718
sub-41,ses-1,eyesopen,0,NS,39,250.0,61,1250,3,61,1250,data\sub-41\ses-1\eeg\sub-41_ses-1_task-eyesopen_eeg.set,4719
sub-41,ses-1,eyesopen,0,NS,40,250.0,61,1250,3,61,1250,data\sub-41\ses-1\eeg\sub-41_ses-1_task-eyesopen_eeg.set,4720
sub-41,ses-1,eyesopen,0,NS,41,250.0,61,1250,3,61,1250,data\sub-41\ses-1\eeg\sub-41_ses-1_task-eyesopen_eeg.set,4721
sub-41,ses-1,eyesopen,0,NS,42,250.0,61,1250,3,61,1250,data\sub-41\ses-1\eeg\sub-41_ses-1_task-eyesopen_eeg.set,4722
sub-41,ses-1,eyesopen,0,NS,43,250.0,61,1250,3,61,1250,data\sub-41\ses-1\eeg\sub-41_ses-1_task-eyesopen_eeg.set,4723
sub-41,ses-1,eyesopen,0,NS,44,250.0,61,1250,3,61,1250,data\sub-41\ses-1\eeg\sub-41_ses-1_task-eyesopen_eeg.set,4724
sub-41,ses-1,eyesopen,0,NS,45,250.0,61,1250,3,61,1250,data\sub-41\ses-1\eeg\sub-41_ses-1_task-eyesopen_eeg.set,4725
sub-41,ses-1,eyesopen,0,NS,46,250.0,61,1250,3,61,1250,data\sub-41\ses-1\eeg\sub-41_ses-1_task-eyesopen_eeg.set,4726
sub-41,ses-1,eyesopen,0,NS,47,250.0,61,1250,3,61,1250,data\sub-41\ses-1\eeg\sub-41_ses-1_task-eyesopen_eeg.set,4727
sub-41,ses-1,eyesopen,0,NS,48,250.0,61,1250,3,61,1250,data\sub-41\ses-1\eeg\sub-41_ses-1_task-eyesopen_eeg.set,4728
sub-41,ses-1,eyesopen,0,NS,49,250.0,61,1250,3,61,1250,data\sub-41\ses-1\eeg\sub-41_ses-1_task-eyesopen_eeg.set,4729
sub-41,ses-1,eyesopen,0,NS,50,250.0,61,1250,3,61,1250,data\sub-41\ses-1\eeg\sub-41_ses-1_task-eyesopen_eeg.set,4730
sub-41,ses-1,eyesopen,0,NS,51,250.0,61,1250,3,61,1250,data\sub-41\ses-1\eeg\sub-41_ses-1_task-eyesopen_eeg.set,4731
sub-41,ses-1,eyesopen,0,NS,52,250.0,61,1250,3,61,1250,data\sub-41\ses-1\eeg\sub-41_ses-1_task-eyesopen_eeg.set,4732
sub-41,ses-1,eyesopen,0,NS,53,250.0,61,1250,3,61,1250,data\sub-41\ses-1\eeg\sub-41_ses-1_task-eyesopen_eeg.set,4733
sub-41,ses-1,eyesopen,0,NS,54,250.0,61,1250,3,61,1250,data\sub-41\ses-1\eeg\sub-41_ses-1_task-eyesopen_eeg.set,4734
sub-41,ses-1,eyesopen,0,NS,55,250.0,61,1250,3,61,1250,data\sub-41\ses-1\eeg\sub-41_ses-1_task-eyesopen_eeg.set,4735
sub-41,ses-1,eyesopen,0,NS,56,250.0,61,1250,3,61,1250,data\sub-41\ses-1\eeg\sub-41_ses-1_task-eyesopen_eeg.set,4736
sub-41,ses-1,eyesopen,0,NS,57,250.0,61,1250,3,61,1250,data\sub-41\ses-1\eeg\sub-41_ses-1_task-eyesopen_eeg.set,4737
sub-41,ses-1,eyesopen,0,NS,58,250.0,61,1250,3,61,1250,data\sub-41\ses-1\eeg\sub-41_ses-1_task-eyesopen_eeg.set,4738
sub-41,ses-1,eyesopen,0,NS,59,250.0,61,1250,3,61,1250,data\sub-41\ses-1\eeg\sub-41_ses-1_task-eyesopen_eeg.set,4739
sub-41,ses-2,eyesopen,1,SD,0,250.0,61,1250,3,61,1250,data\sub-41\ses-2\eeg\sub-41_ses-2_task-eyesopen_eeg.set,4740
sub-41,ses-2,eyesopen,1,SD,1,250.0,61,1250,3,61,1250,data\sub-41\ses-2\eeg\sub-41_ses-2_task-eyesopen_eeg.set,4741
sub-41,ses-2,eyesopen,1,SD,2,250.0,61,1250,3,61,1250,data\sub-41\ses-2\eeg\sub-41_ses-2_task-eyesopen_eeg.set,4742
sub-41,ses-2,eyesopen,1,SD,3,250.0,61,1250,3,61,1250,data\sub-41\ses-2\eeg\sub-41_ses-2_task-eyesopen_eeg.set,4743
sub-41,ses-2,eyesopen,1,SD,4,250.0,61,1250,3,61,1250,data\sub-41\ses-2\eeg\sub-41_ses-2_task-eyesopen_eeg.set,4744
sub-41,ses-2,eyesopen,1,SD,5,250.0,61,1250,3,61,1250,data\sub-41\ses-2\eeg\sub-41_ses-2_task-eyesopen_eeg.set,4745
sub-41,ses-2,eyesopen,1,SD,6,250.0,61,1250,3,61,1250,data\sub-41\ses-2\eeg\sub-41_ses-2_task-eyesopen_eeg.set,4746
sub-41,ses-2,eyesopen,1,SD,7,250.0,61,1250,3,61,1250,data\sub-41\ses-2\eeg\sub-41_ses-2_task-eyesopen_eeg.set,4747
sub-41,ses-2,eyesopen,1,SD,8,250.0,61,1250,3,61,1250,data\sub-41\ses-2\eeg\sub-41_ses-2_task-eyesopen_eeg.set,4748
sub-41,ses-2,eyesopen,1,SD,9,250.0,61,1250,3,61,1250,data\sub-41\ses-2\eeg\sub-41_ses-2_task-eyesopen_eeg.set,4749
sub-41,ses-2,eyesopen,1,SD,10,250.0,61,1250,3,61,1250,data\sub-41\ses-2\eeg\sub-41_ses-2_task-eyesopen_eeg.set,4750
sub-41,ses-2,eyesopen,1,SD,11,250.0,61,1250,3,61,1250,data\sub-41\ses-2\eeg\sub-41_ses-2_task-eyesopen_eeg.set,4751
sub-41,ses-2,eyesopen,1,SD,12,250.0,61,1250,3,61,1250,data\sub-41\ses-2\eeg\sub-41_ses-2_task-eyesopen_eeg.set,4752
sub-41,ses-2,eyesopen,1,SD,13,250.0,61,1250,3,61,1250,data\sub-41\ses-2\eeg\sub-41_ses-2_task-eyesopen_eeg.set,4753
sub-41,ses-2,eyesopen,1,SD,14,250.0,61,1250,3,61,1250,data\sub-41\ses-2\eeg\sub-41_ses-2_task-eyesopen_eeg.set,4754
sub-41,ses-2,eyesopen,1,SD,15,250.0,61,1250,3,61,1250,data\sub-41\ses-2\eeg\sub-41_ses-2_task-eyesopen_eeg.set,4755
sub-41,ses-2,eyesopen,1,SD,16,250.0,61,1250,3,61,1250,data\sub-41\ses-2\eeg\sub-41_ses-2_task-eyesopen_eeg.set,4756
sub-41,ses-2,eyesopen,1,SD,17,250.0,61,1250,3,61,1250,data\sub-41\ses-2\eeg\sub-41_ses-2_task-eyesopen_eeg.set,4757
sub-41,ses-2,eyesopen,1,SD,18,250.0,61,1250,3,61,1250,data\sub-41\ses-2\eeg\sub-41_ses-2_task-eyesopen_eeg.set,4758
sub-41,ses-2,eyesopen,1,SD,19,250.0,61,1250,3,61,1250,data\sub-41\ses-2\eeg\sub-41_ses-2_task-eyesopen_eeg.set,4759
sub-41,ses-2,eyesopen,1,SD,20,250.0,61,1250,3,61,1250,data\sub-41\ses-2\eeg\sub-41_ses-2_task-eyesopen_eeg.set,4760
sub-41,ses-2,eyesopen,1,SD,21,250.0,61,1250,3,61,1250,data\sub-41\ses-2\eeg\sub-41_ses-2_task-eyesopen_eeg.set,4761
sub-41,ses-2,eyesopen,1,SD,22,250.0,61,1250,3,61,1250,data\sub-41\ses-2\eeg\sub-41_ses-2_task-eyesopen_eeg.set,4762
sub-41,ses-2,eyesopen,1,SD,23,250.0,61,1250,3,61,1250,data\sub-41\ses-2\eeg\sub-41_ses-2_task-eyesopen_eeg.set,4763
sub-41,ses-2,eyesopen,1,SD,24,250.0,61,1250,3,61,1250,data\sub-41\ses-2\eeg\sub-41_ses-2_task-eyesopen_eeg.set,4764
sub-41,ses-2,eyesopen,1,SD,25,250.0,61,1250,3,61,1250,data\sub-41\ses-2\eeg\sub-41_ses-2_task-eyesopen_eeg.set,4765
sub-41,ses-2,eyesopen,1,SD,26,250.0,61,1250,3,61,1250,data\sub-41\ses-2\eeg\sub-41_ses-2_task-eyesopen_eeg.set,4766
sub-41,ses-2,eyesopen,1,SD,27,250.0,61,1250,3,61,1250,data\sub-41\ses-2\eeg\sub-41_ses-2_task-eyesopen_eeg.set,4767
sub-41,ses-2,eyesopen,1,SD,28,250.0,61,1250,3,61,1250,data\sub-41\ses-2\eeg\sub-41_ses-2_task-eyesopen_eeg.set,4768
sub-41,ses-2,eyesopen,1,SD,29,250.0,61,1250,3,61,1250,data\sub-41\ses-2\eeg\sub-41_ses-2_task-eyesopen_eeg.set,4769
sub-41,ses-2,eyesopen,1,SD,30,250.0,61,1250,3,61,1250,data\sub-41\ses-2\eeg\sub-41_ses-2_task-eyesopen_eeg.set,4770
sub-41,ses-2,eyesopen,1,SD,31,250.0,61,1250,3,61,1250,data\sub-41\ses-2\eeg\sub-41_ses-2_task-eyesopen_eeg.set,4771
sub-41,ses-2,eyesopen,1,SD,32,250.0,61,1250,3,61,1250,data\sub-41\ses-2\eeg\sub-41_ses-2_task-eyesopen_eeg.set,4772
sub-41,ses-2,eyesopen,1,SD,33,250.0,61,1250,3,61,1250,data\sub-41\ses-2\eeg\sub-41_ses-2_task-eyesopen_eeg.set,4773
sub-41,ses-2,eyesopen,1,SD,34,250.0,61,1250,3,61,1250,data\sub-41\ses-2\eeg\sub-41_ses-2_task-eyesopen_eeg.set,4774
sub-41,ses-2,eyesopen,1,SD,35,250.0,61,1250,3,61,1250,data\sub-41\ses-2\eeg\sub-41_ses-2_task-eyesopen_eeg.set,4775
sub-41,ses-2,eyesopen,1,SD,36,250.0,61,1250,3,61,1250,data\sub-41\ses-2\eeg\sub-41_ses-2_task-eyesopen_eeg.set,4776
sub-41,ses-2,eyesopen,1,SD,37,250.0,61,1250,3,61,1250,data\sub-41\ses-2\eeg\sub-41_ses-2_task-eyesopen_eeg.set,4777
sub-41,ses-2,eyesopen,1,SD,38,250.0,61,1250,3,61,1250,data\sub-41\ses-2\eeg\sub-41_ses-2_task-eyesopen_eeg.set,4778
sub-41,ses-2,eyesopen,1,SD,39,250.0,61,1250,3,61,1250,data\sub-41\ses-2\eeg\sub-41_ses-2_task-eyesopen_eeg.set,4779
sub-41,ses-2,eyesopen,1,SD,40,250.0,61,1250,3,61,1250,data\sub-41\ses-2\eeg\sub-41_ses-2_task-eyesopen_eeg.set,4780
sub-41,ses-2,eyesopen,1,SD,41,250.0,61,1250,3,61,1250,data\sub-41\ses-2\eeg\sub-41_ses-2_task-eyesopen_eeg.set,4781
sub-41,ses-2,eyesopen,1,SD,42,250.0,61,1250,3,61,1250,data\sub-41\ses-2\eeg\sub-41_ses-2_task-eyesopen_eeg.set,4782
sub-41,ses-2,eyesopen,1,SD,43,250.0,61,1250,3,61,1250,data\sub-41\ses-2\eeg\sub-41_ses-2_task-eyesopen_eeg.set,4783
sub-41,ses-2,eyesopen,1,SD,44,250.0,61,1250,3,61,1250,data\sub-41\ses-2\eeg\sub-41_ses-2_task-eyesopen_eeg.set,4784
sub-41,ses-2,eyesopen,1,SD,45,250.0,61,1250,3,61,1250,data\sub-41\ses-2\eeg\sub-41_ses-2_task-eyesopen_eeg.set,4785
sub-41,ses-2,eyesopen,1,SD,46,250.0,61,1250,3,61,1250,data\sub-41\ses-2\eeg\sub-41_ses-2_task-eyesopen_eeg.set,4786
sub-41,ses-2,eyesopen,1,SD,47,250.0,61,1250,3,61,1250,data\sub-41\ses-2\eeg\sub-41_ses-2_task-eyesopen_eeg.set,4787
sub-41,ses-2,eyesopen,1,SD,48,250.0,61,1250,3,61,1250,data\sub-41\ses-2\eeg\sub-41_ses-2_task-eyesopen_eeg.set,4788
sub-41,ses-2,eyesopen,1,SD,49,250.0,61,1250,3,61,1250,data\sub-41\ses-2\eeg\sub-41_ses-2_task-eyesopen_eeg.set,4789
sub-41,ses-2,eyesopen,1,SD,50,250.0,61,1250,3,61,1250,data\sub-41\ses-2\eeg\sub-41_ses-2_task-eyesopen_eeg.set,4790
sub-41,ses-2,eyesopen,1,SD,51,250.0,61,1250,3,61,1250,data\sub-41\ses-2\eeg\sub-41_ses-2_task-eyesopen_eeg.set,4791
sub-41,ses-2,eyesopen,1,SD,52,250.0,61,1250,3,61,1250,data\sub-41\ses-2\eeg\sub-41_ses-2_task-eyesopen_eeg.set,4792
sub-41,ses-2,eyesopen,1,SD,53,250.0,61,1250,3,61,1250,data\sub-41\ses-2\eeg\sub-41_ses-2_task-eyesopen_eeg.set,4793
sub-41,ses-2,eyesopen,1,SD,54,250.0,61,1250,3,61,1250,data\sub-41\ses-2\eeg\sub-41_ses-2_task-eyesopen_eeg.set,4794
sub-41,ses-2,eyesopen,1,SD,55,250.0,61,1250,3,61,1250,data\sub-41\ses-2\eeg\sub-41_ses-2_task-eyesopen_eeg.set,4795
sub-41,ses-2,eyesopen,1,SD,56,250.0,61,1250,3,61,1250,data\sub-41\ses-2\eeg\sub-41_ses-2_task-eyesopen_eeg.set,4796
sub-41,ses-2,eyesopen,1,SD,57,250.0,61,1250,3,61,1250,data\sub-41\ses-2\eeg\sub-41_ses-2_task-eyesopen_eeg.set,4797
sub-41,ses-2,eyesopen,1,SD,58,250.0,61,1250,3,61,1250,data\sub-41\ses-2\eeg\sub-41_ses-2_task-eyesopen_eeg.set,4798
sub-41,ses-2,eyesopen,1,SD,59,250.0,61,1250,3,61,1250,data\sub-41\ses-2\eeg\sub-41_ses-2_task-eyesopen_eeg.set,4799
sub-42,ses-1,eyesopen,0,NS,0,250.0,61,1250,3,61,1250,data\sub-42\ses-1\eeg\sub-42_ses-1_task-eyesopen_eeg.set,4800
sub-42,ses-1,eyesopen,0,NS,1,250.0,61,1250,3,61,1250,data\sub-42\ses-1\eeg\sub-42_ses-1_task-eyesopen_eeg.set,4801
sub-42,ses-1,eyesopen,0,NS,2,250.0,61,1250,3,61,1250,data\sub-42\ses-1\eeg\sub-42_ses-1_task-eyesopen_eeg.set,4802
sub-42,ses-1,eyesopen,0,NS,3,250.0,61,1250,3,61,1250,data\sub-42\ses-1\eeg\sub-42_ses-1_task-eyesopen_eeg.set,4803
sub-42,ses-1,eyesopen,0,NS,4,250.0,61,1250,3,61,1250,data\sub-42\ses-1\eeg\sub-42_ses-1_task-eyesopen_eeg.set,4804
sub-42,ses-1,eyesopen,0,NS,5,250.0,61,1250,3,61,1250,data\sub-42\ses-1\eeg\sub-42_ses-1_task-eyesopen_eeg.set,4805
sub-42,ses-1,eyesopen,0,NS,6,250.0,61,1250,3,61,1250,data\sub-42\ses-1\eeg\sub-42_ses-1_task-eyesopen_eeg.set,4806
sub-42,ses-1,eyesopen,0,NS,7,250.0,61,1250,3,61,1250,data\sub-42\ses-1\eeg\sub-42_ses-1_task-eyesopen_eeg.set,4807
sub-42,ses-1,eyesopen,0,NS,8,250.0,61,1250,3,61,1250,data\sub-42\ses-1\eeg\sub-42_ses-1_task-eyesopen_eeg.set,4808
sub-42,ses-1,eyesopen,0,NS,9,250.0,61,1250,3,61,1250,data\sub-42\ses-1\eeg\sub-42_ses-1_task-eyesopen_eeg.set,4809
sub-42,ses-1,eyesopen,0,NS,10,250.0,61,1250,3,61,1250,data\sub-42\ses-1\eeg\sub-42_ses-1_task-eyesopen_eeg.set,4810
sub-42,ses-1,eyesopen,0,NS,11,250.0,61,1250,3,61,1250,data\sub-42\ses-1\eeg\sub-42_ses-1_task-eyesopen_eeg.set,4811
sub-42,ses-1,eyesopen,0,NS,12,250.0,61,1250,3,61,1250,data\sub-42\ses-1\eeg\sub-42_ses-1_task-eyesopen_eeg.set,4812
sub-42,ses-1,eyesopen,0,NS,13,250.0,61,1250,3,61,1250,data\sub-42\ses-1\eeg\sub-42_ses-1_task-eyesopen_eeg.set,4813
sub-42,ses-1,eyesopen,0,NS,14,250.0,61,1250,3,61,1250,data\sub-42\ses-1\eeg\sub-42_ses-1_task-eyesopen_eeg.set,4814
sub-42,ses-1,eyesopen,0,NS,15,250.0,61,1250,3,61,1250,data\sub-42\ses-1\eeg\sub-42_ses-1_task-eyesopen_eeg.set,4815
sub-42,ses-1,eyesopen,0,NS,16,250.0,61,1250,3,61,1250,data\sub-42\ses-1\eeg\sub-42_ses-1_task-eyesopen_eeg.set,4816
sub-42,ses-1,eyesopen,0,NS,17,250.0,61,1250,3,61,1250,data\sub-42\ses-1\eeg\sub-42_ses-1_task-eyesopen_eeg.set,4817
sub-42,ses-1,eyesopen,0,NS,18,250.0,61,1250,3,61,1250,data\sub-42\ses-1\eeg\sub-42_ses-1_task-eyesopen_eeg.set,4818
sub-42,ses-1,eyesopen,0,NS,19,250.0,61,1250,3,61,1250,data\sub-42\ses-1\eeg\sub-42_ses-1_task-eyesopen_eeg.set,4819
sub-42,ses-1,eyesopen,0,NS,20,250.0,61,1250,3,61,1250,data\sub-42\ses-1\eeg\sub-42_ses-1_task-eyesopen_eeg.set,4820
sub-42,ses-1,eyesopen,0,NS,21,250.0,61,1250,3,61,1250,data\sub-42\ses-1\eeg\sub-42_ses-1_task-eyesopen_eeg.set,4821
sub-42,ses-1,eyesopen,0,NS,22,250.0,61,1250,3,61,1250,data\sub-42\ses-1\eeg\sub-42_ses-1_task-eyesopen_eeg.set,4822
sub-42,ses-1,eyesopen,0,NS,23,250.0,61,1250,3,61,1250,data\sub-42\ses-1\eeg\sub-42_ses-1_task-eyesopen_eeg.set,4823
sub-42,ses-1,eyesopen,0,NS,24,250.0,61,1250,3,61,1250,data\sub-42\ses-1\eeg\sub-42_ses-1_task-eyesopen_eeg.set,4824
sub-42,ses-1,eyesopen,0,NS,25,250.0,61,1250,3,61,1250,data\sub-42\ses-1\eeg\sub-42_ses-1_task-eyesopen_eeg.set,4825
sub-42,ses-1,eyesopen,0,NS,26,250.0,61,1250,3,61,1250,data\sub-42\ses-1\eeg\sub-42_ses-1_task-eyesopen_eeg.set,4826
sub-42,ses-1,eyesopen,0,NS,27,250.0,61,1250,3,61,1250,data\sub-42\ses-1\eeg\sub-42_ses-1_task-eyesopen_eeg.set,4827
sub-42,ses-1,eyesopen,0,NS,28,250.0,61,1250,3,61,1250,data\sub-42\ses-1\eeg\sub-42_ses-1_task-eyesopen_eeg.set,4828
sub-42,ses-1,eyesopen,0,NS,29,250.0,61,1250,3,61,1250,data\sub-42\ses-1\eeg\sub-42_ses-1_task-eyesopen_eeg.set,4829
sub-42,ses-1,eyesopen,0,NS,30,250.0,61,1250,3,61,1250,data\sub-42\ses-1\eeg\sub-42_ses-1_task-eyesopen_eeg.set,4830
sub-42,ses-1,eyesopen,0,NS,31,250.0,61,1250,3,61,1250,data\sub-42\ses-1\eeg\sub-42_ses-1_task-eyesopen_eeg.set,4831
sub-42,ses-1,eyesopen,0,NS,32,250.0,61,1250,3,61,1250,data\sub-42\ses-1\eeg\sub-42_ses-1_task-eyesopen_eeg.set,4832
sub-42,ses-1,eyesopen,0,NS,33,250.0,61,1250,3,61,1250,data\sub-42\ses-1\eeg\sub-42_ses-1_task-eyesopen_eeg.set,4833
sub-42,ses-1,eyesopen,0,NS,34,250.0,61,1250,3,61,1250,data\sub-42\ses-1\eeg\sub-42_ses-1_task-eyesopen_eeg.set,4834
sub-42,ses-1,eyesopen,0,NS,35,250.0,61,1250,3,61,1250,data\sub-42\ses-1\eeg\sub-42_ses-1_task-eyesopen_eeg.set,4835
sub-42,ses-1,eyesopen,0,NS,36,250.0,61,1250,3,61,1250,data\sub-42\ses-1\eeg\sub-42_ses-1_task-eyesopen_eeg.set,4836
sub-42,ses-1,eyesopen,0,NS,37,250.0,61,1250,3,61,1250,data\sub-42\ses-1\eeg\sub-42_ses-1_task-eyesopen_eeg.set,4837
sub-42,ses-1,eyesopen,0,NS,38,250.0,61,1250,3,61,1250,data\sub-42\ses-1\eeg\sub-42_ses-1_task-eyesopen_eeg.set,4838
sub-42,ses-1,eyesopen,0,NS,39,250.0,61,1250,3,61,1250,data\sub-42\ses-1\eeg\sub-42_ses-1_task-eyesopen_eeg.set,4839
sub-42,ses-1,eyesopen,0,NS,40,250.0,61,1250,3,61,1250,data\sub-42\ses-1\eeg\sub-42_ses-1_task-eyesopen_eeg.set,4840
sub-42,ses-1,eyesopen,0,NS,41,250.0,61,1250,3,61,1250,data\sub-42\ses-1\eeg\sub-42_ses-1_task-eyesopen_eeg.set,4841
sub-42,ses-1,eyesopen,0,NS,42,250.0,61,1250,3,61,1250,data\sub-42\ses-1\eeg\sub-42_ses-1_task-eyesopen_eeg.set,4842
sub-42,ses-1,eyesopen,0,NS,43,250.0,61,1250,3,61,1250,data\sub-42\ses-1\eeg\sub-42_ses-1_task-eyesopen_eeg.set,4843
sub-42,ses-1,eyesopen,0,NS,44,250.0,61,1250,3,61,1250,data\sub-42\ses-1\eeg\sub-42_ses-1_task-eyesopen_eeg.set,4844
sub-42,ses-1,eyesopen,0,NS,45,250.0,61,1250,3,61,1250,data\sub-42\ses-1\eeg\sub-42_ses-1_task-eyesopen_eeg.set,4845
sub-42,ses-1,eyesopen,0,NS,46,250.0,61,1250,3,61,1250,data\sub-42\ses-1\eeg\sub-42_ses-1_task-eyesopen_eeg.set,4846
sub-42,ses-1,eyesopen,0,NS,47,250.0,61,1250,3,61,1250,data\sub-42\ses-1\eeg\sub-42_ses-1_task-eyesopen_eeg.set,4847
sub-42,ses-1,eyesopen,0,NS,48,250.0,61,1250,3,61,1250,data\sub-42\ses-1\eeg\sub-42_ses-1_task-eyesopen_eeg.set,4848
sub-42,ses-1,eyesopen,0,NS,49,250.0,61,1250,3,61,1250,data\sub-42\ses-1\eeg\sub-42_ses-1_task-eyesopen_eeg.set,4849
sub-42,ses-1,eyesopen,0,NS,50,250.0,61,1250,3,61,1250,data\sub-42\ses-1\eeg\sub-42_ses-1_task-eyesopen_eeg.set,4850
sub-42,ses-1,eyesopen,0,NS,51,250.0,61,1250,3,61,1250,data\sub-42\ses-1\eeg\sub-42_ses-1_task-eyesopen_eeg.set,4851
sub-42,ses-1,eyesopen,0,NS,52,250.0,61,1250,3,61,1250,data\sub-42\ses-1\eeg\sub-42_ses-1_task-eyesopen_eeg.set,4852
sub-42,ses-1,eyesopen,0,NS,53,250.0,61,1250,3,61,1250,data\sub-42\ses-1\eeg\sub-42_ses-1_task-eyesopen_eeg.set,4853
sub-42,ses-1,eyesopen,0,NS,54,250.0,61,1250,3,61,1250,data\sub-42\ses-1\eeg\sub-42_ses-1_task-eyesopen_eeg.set,4854
sub-42,ses-1,eyesopen,0,NS,55,250.0,61,1250,3,61,1250,data\sub-42\ses-1\eeg\sub-42_ses-1_task-eyesopen_eeg.set,4855
sub-42,ses-1,eyesopen,0,NS,56,250.0,61,1250,3,61,1250,data\sub-42\ses-1\eeg\sub-42_ses-1_task-eyesopen_eeg.set,4856
sub-42,ses-1,eyesopen,0,NS,57,250.0,61,1250,3,61,1250,data\sub-42\ses-1\eeg\sub-42_ses-1_task-eyesopen_eeg.set,4857
sub-42,ses-1,eyesopen,0,NS,58,250.0,61,1250,3,61,1250,data\sub-42\ses-1\eeg\sub-42_ses-1_task-eyesopen_eeg.set,4858
sub-42,ses-1,eyesopen,0,NS,59,250.0,61,1250,3,61,1250,data\sub-42\ses-1\eeg\sub-42_ses-1_task-eyesopen_eeg.set,4859
sub-42,ses-2,eyesopen,1,SD,0,250.0,61,1250,3,61,1250,data\sub-42\ses-2\eeg\sub-42_ses-2_task-eyesopen_eeg.set,4860
sub-42,ses-2,eyesopen,1,SD,1,250.0,61,1250,3,61,1250,data\sub-42\ses-2\eeg\sub-42_ses-2_task-eyesopen_eeg.set,4861
sub-42,ses-2,eyesopen,1,SD,2,250.0,61,1250,3,61,1250,data\sub-42\ses-2\eeg\sub-42_ses-2_task-eyesopen_eeg.set,4862
sub-42,ses-2,eyesopen,1,SD,3,250.0,61,1250,3,61,1250,data\sub-42\ses-2\eeg\sub-42_ses-2_task-eyesopen_eeg.set,4863
sub-42,ses-2,eyesopen,1,SD,4,250.0,61,1250,3,61,1250,data\sub-42\ses-2\eeg\sub-42_ses-2_task-eyesopen_eeg.set,4864
sub-42,ses-2,eyesopen,1,SD,5,250.0,61,1250,3,61,1250,data\sub-42\ses-2\eeg\sub-42_ses-2_task-eyesopen_eeg.set,4865
sub-42,ses-2,eyesopen,1,SD,6,250.0,61,1250,3,61,1250,data\sub-42\ses-2\eeg\sub-42_ses-2_task-eyesopen_eeg.set,4866
sub-42,ses-2,eyesopen,1,SD,7,250.0,61,1250,3,61,1250,data\sub-42\ses-2\eeg\sub-42_ses-2_task-eyesopen_eeg.set,4867
sub-42,ses-2,eyesopen,1,SD,8,250.0,61,1250,3,61,1250,data\sub-42\ses-2\eeg\sub-42_ses-2_task-eyesopen_eeg.set,4868
sub-42,ses-2,eyesopen,1,SD,9,250.0,61,1250,3,61,1250,data\sub-42\ses-2\eeg\sub-42_ses-2_task-eyesopen_eeg.set,4869
sub-42,ses-2,eyesopen,1,SD,10,250.0,61,1250,3,61,1250,data\sub-42\ses-2\eeg\sub-42_ses-2_task-eyesopen_eeg.set,4870
sub-42,ses-2,eyesopen,1,SD,11,250.0,61,1250,3,61,1250,data\sub-42\ses-2\eeg\sub-42_ses-2_task-eyesopen_eeg.set,4871
sub-42,ses-2,eyesopen,1,SD,12,250.0,61,1250,3,61,1250,data\sub-42\ses-2\eeg\sub-42_ses-2_task-eyesopen_eeg.set,4872
sub-42,ses-2,eyesopen,1,SD,13,250.0,61,1250,3,61,1250,data\sub-42\ses-2\eeg\sub-42_ses-2_task-eyesopen_eeg.set,4873
sub-42,ses-2,eyesopen,1,SD,14,250.0,61,1250,3,61,1250,data\sub-42\ses-2\eeg\sub-42_ses-2_task-eyesopen_eeg.set,4874
sub-42,ses-2,eyesopen,1,SD,15,250.0,61,1250,3,61,1250,data\sub-42\ses-2\eeg\sub-42_ses-2_task-eyesopen_eeg.set,4875
sub-42,ses-2,eyesopen,1,SD,16,250.0,61,1250,3,61,1250,data\sub-42\ses-2\eeg\sub-42_ses-2_task-eyesopen_eeg.set,4876
sub-42,ses-2,eyesopen,1,SD,17,250.0,61,1250,3,61,1250,data\sub-42\ses-2\eeg\sub-42_ses-2_task-eyesopen_eeg.set,4877
sub-42,ses-2,eyesopen,1,SD,18,250.0,61,1250,3,61,1250,data\sub-42\ses-2\eeg\sub-42_ses-2_task-eyesopen_eeg.set,4878
sub-42,ses-2,eyesopen,1,SD,19,250.0,61,1250,3,61,1250,data\sub-42\ses-2\eeg\sub-42_ses-2_task-eyesopen_eeg.set,4879
sub-42,ses-2,eyesopen,1,SD,20,250.0,61,1250,3,61,1250,data\sub-42\ses-2\eeg\sub-42_ses-2_task-eyesopen_eeg.set,4880
sub-42,ses-2,eyesopen,1,SD,21,250.0,61,1250,3,61,1250,data\sub-42\ses-2\eeg\sub-42_ses-2_task-eyesopen_eeg.set,4881
sub-42,ses-2,eyesopen,1,SD,22,250.0,61,1250,3,61,1250,data\sub-42\ses-2\eeg\sub-42_ses-2_task-eyesopen_eeg.set,4882
sub-42,ses-2,eyesopen,1,SD,23,250.0,61,1250,3,61,1250,data\sub-42\ses-2\eeg\sub-42_ses-2_task-eyesopen_eeg.set,4883
sub-42,ses-2,eyesopen,1,SD,24,250.0,61,1250,3,61,1250,data\sub-42\ses-2\eeg\sub-42_ses-2_task-eyesopen_eeg.set,4884
sub-42,ses-2,eyesopen,1,SD,25,250.0,61,1250,3,61,1250,data\sub-42\ses-2\eeg\sub-42_ses-2_task-eyesopen_eeg.set,4885
sub-42,ses-2,eyesopen,1,SD,26,250.0,61,1250,3,61,1250,data\sub-42\ses-2\eeg\sub-42_ses-2_task-eyesopen_eeg.set,4886
sub-42,ses-2,eyesopen,1,SD,27,250.0,61,1250,3,61,1250,data\sub-42\ses-2\eeg\sub-42_ses-2_task-eyesopen_eeg.set,4887
sub-42,ses-2,eyesopen,1,SD,28,250.0,61,1250,3,61,1250,data\sub-42\ses-2\eeg\sub-42_ses-2_task-eyesopen_eeg.set,4888
sub-42,ses-2,eyesopen,1,SD,29,250.0,61,1250,3,61,1250,data\sub-42\ses-2\eeg\sub-42_ses-2_task-eyesopen_eeg.set,4889
sub-42,ses-2,eyesopen,1,SD,30,250.0,61,1250,3,61,1250,data\sub-42\ses-2\eeg\sub-42_ses-2_task-eyesopen_eeg.set,4890
sub-42,ses-2,eyesopen,1,SD,31,250.0,61,1250,3,61,1250,data\sub-42\ses-2\eeg\sub-42_ses-2_task-eyesopen_eeg.set,4891
sub-42,ses-2,eyesopen,1,SD,32,250.0,61,1250,3,61,1250,data\sub-42\ses-2\eeg\sub-42_ses-2_task-eyesopen_eeg.set,4892
sub-42,ses-2,eyesopen,1,SD,33,250.0,61,1250,3,61,1250,data\sub-42\ses-2\eeg\sub-42_ses-2_task-eyesopen_eeg.set,4893
sub-42,ses-2,eyesopen,1,SD,34,250.0,61,1250,3,61,1250,data\sub-42\ses-2\eeg\sub-42_ses-2_task-eyesopen_eeg.set,4894
sub-42,ses-2,eyesopen,1,SD,35,250.0,61,1250,3,61,1250,data\sub-42\ses-2\eeg\sub-42_ses-2_task-eyesopen_eeg.set,4895
sub-42,ses-2,eyesopen,1,SD,36,250.0,61,1250,3,61,1250,data\sub-42\ses-2\eeg\sub-42_ses-2_task-eyesopen_eeg.set,4896
sub-42,ses-2,eyesopen,1,SD,37,250.0,61,1250,3,61,1250,data\sub-42\ses-2\eeg\sub-42_ses-2_task-eyesopen_eeg.set,4897
sub-42,ses-2,eyesopen,1,SD,38,250.0,61,1250,3,61,1250,data\sub-42\ses-2\eeg\sub-42_ses-2_task-eyesopen_eeg.set,4898
sub-42,ses-2,eyesopen,1,SD,39,250.0,61,1250,3,61,1250,data\sub-42\ses-2\eeg\sub-42_ses-2_task-eyesopen_eeg.set,4899
sub-42,ses-2,eyesopen,1,SD,40,250.0,61,1250,3,61,1250,data\sub-42\ses-2\eeg\sub-42_ses-2_task-eyesopen_eeg.set,4900
sub-42,ses-2,eyesopen,1,SD,41,250.0,61,1250,3,61,1250,data\sub-42\ses-2\eeg\sub-42_ses-2_task-eyesopen_eeg.set,4901
sub-42,ses-2,eyesopen,1,SD,42,250.0,61,1250,3,61,1250,data\sub-42\ses-2\eeg\sub-42_ses-2_task-eyesopen_eeg.set,4902
sub-42,ses-2,eyesopen,1,SD,43,250.0,61,1250,3,61,1250,data\sub-42\ses-2\eeg\sub-42_ses-2_task-eyesopen_eeg.set,4903
sub-42,ses-2,eyesopen,1,SD,44,250.0,61,1250,3,61,1250,data\sub-42\ses-2\eeg\sub-42_ses-2_task-eyesopen_eeg.set,4904
sub-42,ses-2,eyesopen,1,SD,45,250.0,61,1250,3,61,1250,data\sub-42\ses-2\eeg\sub-42_ses-2_task-eyesopen_eeg.set,4905
sub-42,ses-2,eyesopen,1,SD,46,250.0,61,1250,3,61,1250,data\sub-42\ses-2\eeg\sub-42_ses-2_task-eyesopen_eeg.set,4906
sub-42,ses-2,eyesopen,1,SD,47,250.0,61,1250,3,61,1250,data\sub-42\ses-2\eeg\sub-42_ses-2_task-eyesopen_eeg.set,4907
sub-42,ses-2,eyesopen,1,SD,48,250.0,61,1250,3,61,1250,data\sub-42\ses-2\eeg\sub-42_ses-2_task-eyesopen_eeg.set,4908
sub-42,ses-2,eyesopen,1,SD,49,250.0,61,1250,3,61,1250,data\sub-42\ses-2\eeg\sub-42_ses-2_task-eyesopen_eeg.set,4909
sub-42,ses-2,eyesopen,1,SD,50,250.0,61,1250,3,61,1250,data\sub-42\ses-2\eeg\sub-42_ses-2_task-eyesopen_eeg.set,4910
sub-42,ses-2,eyesopen,1,SD,51,250.0,61,1250,3,61,1250,data\sub-42\ses-2\eeg\sub-42_ses-2_task-eyesopen_eeg.set,4911
sub-42,ses-2,eyesopen,1,SD,52,250.0,61,1250,3,61,1250,data\sub-42\ses-2\eeg\sub-42_ses-2_task-eyesopen_eeg.set,4912
sub-42,ses-2,eyesopen,1,SD,53,250.0,61,1250,3,61,1250,data\sub-42\ses-2\eeg\sub-42_ses-2_task-eyesopen_eeg.set,4913
sub-42,ses-2,eyesopen,1,SD,54,250.0,61,1250,3,61,1250,data\sub-42\ses-2\eeg\sub-42_ses-2_task-eyesopen_eeg.set,4914
sub-42,ses-2,eyesopen,1,SD,55,250.0,61,1250,3,61,1250,data\sub-42\ses-2\eeg\sub-42_ses-2_task-eyesopen_eeg.set,4915
sub-42,ses-2,eyesopen,1,SD,56,250.0,61,1250,3,61,1250,data\sub-42\ses-2\eeg\sub-42_ses-2_task-eyesopen_eeg.set,4916
sub-42,ses-2,eyesopen,1,SD,57,250.0,61,1250,3,61,1250,data\sub-42\ses-2\eeg\sub-42_ses-2_task-eyesopen_eeg.set,4917
sub-42,ses-2,eyesopen,1,SD,58,250.0,61,1250,3,61,1250,data\sub-42\ses-2\eeg\sub-42_ses-2_task-eyesopen_eeg.set,4918
sub-42,ses-2,eyesopen,1,SD,59,250.0,61,1250,3,61,1250,data\sub-42\ses-2\eeg\sub-42_ses-2_task-eyesopen_eeg.set,4919
sub-44,ses-1,eyesopen,0,NS,0,250.0,61,1250,3,61,1250,data\sub-44\ses-1\eeg\sub-44_ses-1_task-eyesopen_eeg.set,5040
sub-44,ses-1,eyesopen,0,NS,1,250.0,61,1250,3,61,1250,data\sub-44\ses-1\eeg\sub-44_ses-1_task-eyesopen_eeg.set,5041
sub-44,ses-1,eyesopen,0,NS,2,250.0,61,1250,3,61,1250,data\sub-44\ses-1\eeg\sub-44_ses-1_task-eyesopen_eeg.set,5042
sub-44,ses-1,eyesopen,0,NS,3,250.0,61,1250,3,61,1250,data\sub-44\ses-1\eeg\sub-44_ses-1_task-eyesopen_eeg.set,5043
sub-44,ses-1,eyesopen,0,NS,4,250.0,61,1250,3,61,1250,data\sub-44\ses-1\eeg\sub-44_ses-1_task-eyesopen_eeg.set,5044
sub-44,ses-1,eyesopen,0,NS,5,250.0,61,1250,3,61,1250,data\sub-44\ses-1\eeg\sub-44_ses-1_task-eyesopen_eeg.set,5045
sub-44,ses-1,eyesopen,0,NS,6,250.0,61,1250,3,61,1250,data\sub-44\ses-1\eeg\sub-44_ses-1_task-eyesopen_eeg.set,5046
sub-44,ses-1,eyesopen,0,NS,7,250.0,61,1250,3,61,1250,data\sub-44\ses-1\eeg\sub-44_ses-1_task-eyesopen_eeg.set,5047
sub-44,ses-1,eyesopen,0,NS,8,250.0,61,1250,3,61,1250,data\sub-44\ses-1\eeg\sub-44_ses-1_task-eyesopen_eeg.set,5048
sub-44,ses-1,eyesopen,0,NS,9,250.0,61,1250,3,61,1250,data\sub-44\ses-1\eeg\sub-44_ses-1_task-eyesopen_eeg.set,5049
sub-44,ses-1,eyesopen,0,NS,10,250.0,61,1250,3,61,1250,data\sub-44\ses-1\eeg\sub-44_ses-1_task-eyesopen_eeg.set,5050
sub-44,ses-1,eyesopen,0,NS,11,250.0,61,1250,3,61,1250,data\sub-44\ses-1\eeg\sub-44_ses-1_task-eyesopen_eeg.set,5051
sub-44,ses-1,eyesopen,0,NS,12,250.0,61,1250,3,61,1250,data\sub-44\ses-1\eeg\sub-44_ses-1_task-eyesopen_eeg.set,5052
sub-44,ses-1,eyesopen,0,NS,13,250.0,61,1250,3,61,1250,data\sub-44\ses-1\eeg\sub-44_ses-1_task-eyesopen_eeg.set,5053
sub-44,ses-1,eyesopen,0,NS,14,250.0,61,1250,3,61,1250,data\sub-44\ses-1\eeg\sub-44_ses-1_task-eyesopen_eeg.set,5054
sub-44,ses-1,eyesopen,0,NS,15,250.0,61,1250,3,61,1250,data\sub-44\ses-1\eeg\sub-44_ses-1_task-eyesopen_eeg.set,5055
sub-44,ses-1,eyesopen,0,NS,16,250.0,61,1250,3,61,1250,data\sub-44\ses-1\eeg\sub-44_ses-1_task-eyesopen_eeg.set,5056
sub-44,ses-1,eyesopen,0,NS,17,250.0,61,1250,3,61,1250,data\sub-44\ses-1\eeg\sub-44_ses-1_task-eyesopen_eeg.set,5057
sub-44,ses-1,eyesopen,0,NS,18,250.0,61,1250,3,61,1250,data\sub-44\ses-1\eeg\sub-44_ses-1_task-eyesopen_eeg.set,5058
sub-44,ses-1,eyesopen,0,NS,19,250.0,61,1250,3,61,1250,data\sub-44\ses-1\eeg\sub-44_ses-1_task-eyesopen_eeg.set,5059
sub-44,ses-1,eyesopen,0,NS,20,250.0,61,1250,3,61,1250,data\sub-44\ses-1\eeg\sub-44_ses-1_task-eyesopen_eeg.set,5060
sub-44,ses-1,eyesopen,0,NS,21,250.0,61,1250,3,61,1250,data\sub-44\ses-1\eeg\sub-44_ses-1_task-eyesopen_eeg.set,5061
sub-44,ses-1,eyesopen,0,NS,22,250.0,61,1250,3,61,1250,data\sub-44\ses-1\eeg\sub-44_ses-1_task-eyesopen_eeg.set,5062
sub-44,ses-1,eyesopen,0,NS,23,250.0,61,1250,3,61,1250,data\sub-44\ses-1\eeg\sub-44_ses-1_task-eyesopen_eeg.set,5063
sub-44,ses-1,eyesopen,0,NS,24,250.0,61,1250,3,61,1250,data\sub-44\ses-1\eeg\sub-44_ses-1_task-eyesopen_eeg.set,5064
sub-44,ses-1,eyesopen,0,NS,25,250.0,61,1250,3,61,1250,data\sub-44\ses-1\eeg\sub-44_ses-1_task-eyesopen_eeg.set,5065
sub-44,ses-1,eyesopen,0,NS,26,250.0,61,1250,3,61,1250,data\sub-44\ses-1\eeg\sub-44_ses-1_task-eyesopen_eeg.set,5066
sub-44,ses-1,eyesopen,0,NS,27,250.0,61,1250,3,61,1250,data\sub-44\ses-1\eeg\sub-44_ses-1_task-eyesopen_eeg.set,5067
sub-44,ses-1,eyesopen,0,NS,28,250.0,61,1250,3,61,1250,data\sub-44\ses-1\eeg\sub-44_ses-1_task-eyesopen_eeg.set,5068
sub-44,ses-1,eyesopen,0,NS,29,250.0,61,1250,3,61,1250,data\sub-44\ses-1\eeg\sub-44_ses-1_task-eyesopen_eeg.set,5069
sub-44,ses-1,eyesopen,0,NS,30,250.0,61,1250,3,61,1250,data\sub-44\ses-1\eeg\sub-44_ses-1_task-eyesopen_eeg.set,5070
sub-44,ses-1,eyesopen,0,NS,31,250.0,61,1250,3,61,1250,data\sub-44\ses-1\eeg\sub-44_ses-1_task-eyesopen_eeg.set,5071
sub-44,ses-1,eyesopen,0,NS,32,250.0,61,1250,3,61,1250,data\sub-44\ses-1\eeg\sub-44_ses-1_task-eyesopen_eeg.set,5072
sub-44,ses-1,eyesopen,0,NS,33,250.0,61,1250,3,61,1250,data\sub-44\ses-1\eeg\sub-44_ses-1_task-eyesopen_eeg.set,5073
sub-44,ses-1,eyesopen,0,NS,34,250.0,61,1250,3,61,1250,data\sub-44\ses-1\eeg\sub-44_ses-1_task-eyesopen_eeg.set,5074
sub-44,ses-1,eyesopen,0,NS,35,250.0,61,1250,3,61,1250,data\sub-44\ses-1\eeg\sub-44_ses-1_task-eyesopen_eeg.set,5075
sub-44,ses-1,eyesopen,0,NS,36,250.0,61,1250,3,61,1250,data\sub-44\ses-1\eeg\sub-44_ses-1_task-eyesopen_eeg.set,5076
sub-44,ses-1,eyesopen,0,NS,37,250.0,61,1250,3,61,1250,data\sub-44\ses-1\eeg\sub-44_ses-1_task-eyesopen_eeg.set,5077
sub-44,ses-1,eyesopen,0,NS,38,250.0,61,1250,3,61,1250,data\sub-44\ses-1\eeg\sub-44_ses-1_task-eyesopen_eeg.set,5078
sub-44,ses-1,eyesopen,0,NS,39,250.0,61,1250,3,61,1250,data\sub-44\ses-1\eeg\sub-44_ses-1_task-eyesopen_eeg.set,5079
sub-44,ses-1,eyesopen,0,NS,40,250.0,61,1250,3,61,1250,data\sub-44\ses-1\eeg\sub-44_ses-1_task-eyesopen_eeg.set,5080
sub-44,ses-1,eyesopen,0,NS,41,250.0,61,1250,3,61,1250,data\sub-44\ses-1\eeg\sub-44_ses-1_task-eyesopen_eeg.set,5081
sub-44,ses-1,eyesopen,0,NS,42,250.0,61,1250,3,61,1250,data\sub-44\ses-1\eeg\sub-44_ses-1_task-eyesopen_eeg.set,5082
sub-44,ses-1,eyesopen,0,NS,43,250.0,61,1250,3,61,1250,data\sub-44\ses-1\eeg\sub-44_ses-1_task-eyesopen_eeg.set,5083
sub-44,ses-1,eyesopen,0,NS,44,250.0,61,1250,3,61,1250,data\sub-44\ses-1\eeg\sub-44_ses-1_task-eyesopen_eeg.set,5084
sub-44,ses-1,eyesopen,0,NS,45,250.0,61,1250,3,61,1250,data\sub-44\ses-1\eeg\sub-44_ses-1_task-eyesopen_eeg.set,5085
sub-44,ses-1,eyesopen,0,NS,46,250.0,61,1250,3,61,1250,data\sub-44\ses-1\eeg\sub-44_ses-1_task-eyesopen_eeg.set,5086
sub-44,ses-1,eyesopen,0,NS,47,250.0,61,1250,3,61,1250,data\sub-44\ses-1\eeg\sub-44_ses-1_task-eyesopen_eeg.set,5087
sub-44,ses-1,eyesopen,0,NS,48,250.0,61,1250,3,61,1250,data\sub-44\ses-1\eeg\sub-44_ses-1_task-eyesopen_eeg.set,5088
sub-44,ses-1,eyesopen,0,NS,49,250.0,61,1250,3,61,1250,data\sub-44\ses-1\eeg\sub-44_ses-1_task-eyesopen_eeg.set,5089
sub-44,ses-1,eyesopen,0,NS,50,250.0,61,1250,3,61,1250,data\sub-44\ses-1\eeg\sub-44_ses-1_task-eyesopen_eeg.set,5090
sub-44,ses-1,eyesopen,0,NS,51,250.0,61,1250,3,61,1250,data\sub-44\ses-1\eeg\sub-44_ses-1_task-eyesopen_eeg.set,5091
sub-44,ses-1,eyesopen,0,NS,52,250.0,61,1250,3,61,1250,data\sub-44\ses-1\eeg\sub-44_ses-1_task-eyesopen_eeg.set,5092
sub-44,ses-1,eyesopen,0,NS,53,250.0,61,1250,3,61,1250,data\sub-44\ses-1\eeg\sub-44_ses-1_task-eyesopen_eeg.set,5093
sub-44,ses-1,eyesopen,0,NS,54,250.0,61,1250,3,61,1250,data\sub-44\ses-1\eeg\sub-44_ses-1_task-eyesopen_eeg.set,5094
sub-44,ses-1,eyesopen,0,NS,55,250.0,61,1250,3,61,1250,data\sub-44\ses-1\eeg\sub-44_ses-1_task-eyesopen_eeg.set,5095
sub-44,ses-1,eyesopen,0,NS,56,250.0,61,1250,3,61,1250,data\sub-44\ses-1\eeg\sub-44_ses-1_task-eyesopen_eeg.set,5096
sub-44,ses-1,eyesopen,0,NS,57,250.0,61,1250,3,61,1250,data\sub-44\ses-1\eeg\sub-44_ses-1_task-eyesopen_eeg.set,5097
sub-44,ses-1,eyesopen,0,NS,58,250.0,61,1250,3,61,1250,data\sub-44\ses-1\eeg\sub-44_ses-1_task-eyesopen_eeg.set,5098
sub-44,ses-1,eyesopen,0,NS,59,250.0,61,1250,3,61,1250,data\sub-44\ses-1\eeg\sub-44_ses-1_task-eyesopen_eeg.set,5099
sub-45,ses-1,eyesopen,0,NS,0,250.0,61,1250,3,61,1250,data\sub-45\ses-1\eeg\sub-45_ses-1_task-eyesopen_eeg.set,5100
sub-45,ses-1,eyesopen,0,NS,1,250.0,61,1250,3,61,1250,data\sub-45\ses-1\eeg\sub-45_ses-1_task-eyesopen_eeg.set,5101
sub-45,ses-1,eyesopen,0,NS,2,250.0,61,1250,3,61,1250,data\sub-45\ses-1\eeg\sub-45_ses-1_task-eyesopen_eeg.set,5102
sub-45,ses-1,eyesopen,0,NS,3,250.0,61,1250,3,61,1250,data\sub-45\ses-1\eeg\sub-45_ses-1_task-eyesopen_eeg.set,5103
sub-45,ses-1,eyesopen,0,NS,4,250.0,61,1250,3,61,1250,data\sub-45\ses-1\eeg\sub-45_ses-1_task-eyesopen_eeg.set,5104
sub-45,ses-1,eyesopen,0,NS,5,250.0,61,1250,3,61,1250,data\sub-45\ses-1\eeg\sub-45_ses-1_task-eyesopen_eeg.set,5105
sub-45,ses-1,eyesopen,0,NS,6,250.0,61,1250,3,61,1250,data\sub-45\ses-1\eeg\sub-45_ses-1_task-eyesopen_eeg.set,5106
sub-45,ses-1,eyesopen,0,NS,7,250.0,61,1250,3,61,1250,data\sub-45\ses-1\eeg\sub-45_ses-1_task-eyesopen_eeg.set,5107
sub-45,ses-1,eyesopen,0,NS,8,250.0,61,1250,3,61,1250,data\sub-45\ses-1\eeg\sub-45_ses-1_task-eyesopen_eeg.set,5108
sub-45,ses-1,eyesopen,0,NS,9,250.0,61,1250,3,61,1250,data\sub-45\ses-1\eeg\sub-45_ses-1_task-eyesopen_eeg.set,5109
sub-45,ses-1,eyesopen,0,NS,10,250.0,61,1250,3,61,1250,data\sub-45\ses-1\eeg\sub-45_ses-1_task-eyesopen_eeg.set,5110
sub-45,ses-1,eyesopen,0,NS,11,250.0,61,1250,3,61,1250,data\sub-45\ses-1\eeg\sub-45_ses-1_task-eyesopen_eeg.set,5111
sub-45,ses-1,eyesopen,0,NS,12,250.0,61,1250,3,61,1250,data\sub-45\ses-1\eeg\sub-45_ses-1_task-eyesopen_eeg.set,5112
sub-45,ses-1,eyesopen,0,NS,13,250.0,61,1250,3,61,1250,data\sub-45\ses-1\eeg\sub-45_ses-1_task-eyesopen_eeg.set,5113
sub-45,ses-1,eyesopen,0,NS,14,250.0,61,1250,3,61,1250,data\sub-45\ses-1\eeg\sub-45_ses-1_task-eyesopen_eeg.set,5114
sub-45,ses-1,eyesopen,0,NS,15,250.0,61,1250,3,61,1250,data\sub-45\ses-1\eeg\sub-45_ses-1_task-eyesopen_eeg.set,5115
sub-45,ses-1,eyesopen,0,NS,16,250.0,61,1250,3,61,1250,data\sub-45\ses-1\eeg\sub-45_ses-1_task-eyesopen_eeg.set,5116
sub-45,ses-1,eyesopen,0,NS,17,250.0,61,1250,3,61,1250,data\sub-45\ses-1\eeg\sub-45_ses-1_task-eyesopen_eeg.set,5117
sub-45,ses-1,eyesopen,0,NS,18,250.0,61,1250,3,61,1250,data\sub-45\ses-1\eeg\sub-45_ses-1_task-eyesopen_eeg.set,5118
sub-45,ses-1,eyesopen,0,NS,19,250.0,61,1250,3,61,1250,data\sub-45\ses-1\eeg\sub-45_ses-1_task-eyesopen_eeg.set,5119
sub-45,ses-1,eyesopen,0,NS,20,250.0,61,1250,3,61,1250,data\sub-45\ses-1\eeg\sub-45_ses-1_task-eyesopen_eeg.set,5120
sub-45,ses-1,eyesopen,0,NS,21,250.0,61,1250,3,61,1250,data\sub-45\ses-1\eeg\sub-45_ses-1_task-eyesopen_eeg.set,5121
sub-45,ses-1,eyesopen,0,NS,22,250.0,61,1250,3,61,1250,data\sub-45\ses-1\eeg\sub-45_ses-1_task-eyesopen_eeg.set,5122
sub-45,ses-1,eyesopen,0,NS,23,250.0,61,1250,3,61,1250,data\sub-45\ses-1\eeg\sub-45_ses-1_task-eyesopen_eeg.set,5123
sub-45,ses-1,eyesopen,0,NS,24,250.0,61,1250,3,61,1250,data\sub-45\ses-1\eeg\sub-45_ses-1_task-eyesopen_eeg.set,5124
sub-45,ses-1,eyesopen,0,NS,25,250.0,61,1250,3,61,1250,data\sub-45\ses-1\eeg\sub-45_ses-1_task-eyesopen_eeg.set,5125
sub-45,ses-1,eyesopen,0,NS,26,250.0,61,1250,3,61,1250,data\sub-45\ses-1\eeg\sub-45_ses-1_task-eyesopen_eeg.set,5126
sub-45,ses-1,eyesopen,0,NS,27,250.0,61,1250,3,61,1250,data\sub-45\ses-1\eeg\sub-45_ses-1_task-eyesopen_eeg.set,5127
sub-45,ses-1,eyesopen,0,NS,28,250.0,61,1250,3,61,1250,data\sub-45\ses-1\eeg\sub-45_ses-1_task-eyesopen_eeg.set,5128
sub-45,ses-1,eyesopen,0,NS,29,250.0,61,1250,3,61,1250,data\sub-45\ses-1\eeg\sub-45_ses-1_task-eyesopen_eeg.set,5129
sub-45,ses-1,eyesopen,0,NS,30,250.0,61,1250,3,61,1250,data\sub-45\ses-1\eeg\sub-45_ses-1_task-eyesopen_eeg.set,5130
sub-45,ses-1,eyesopen,0,NS,31,250.0,61,1250,3,61,1250,data\sub-45\ses-1\eeg\sub-45_ses-1_task-eyesopen_eeg.set,5131
sub-45,ses-1,eyesopen,0,NS,32,250.0,61,1250,3,61,1250,data\sub-45\ses-1\eeg\sub-45_ses-1_task-eyesopen_eeg.set,5132
sub-45,ses-1,eyesopen,0,NS,33,250.0,61,1250,3,61,1250,data\sub-45\ses-1\eeg\sub-45_ses-1_task-eyesopen_eeg.set,5133
sub-45,ses-1,eyesopen,0,NS,34,250.0,61,1250,3,61,1250,data\sub-45\ses-1\eeg\sub-45_ses-1_task-eyesopen_eeg.set,5134
sub-45,ses-1,eyesopen,0,NS,35,250.0,61,1250,3,61,1250,data\sub-45\ses-1\eeg\sub-45_ses-1_task-eyesopen_eeg.set,5135
sub-45,ses-1,eyesopen,0,NS,36,250.0,61,1250,3,61,1250,data\sub-45\ses-1\eeg\sub-45_ses-1_task-eyesopen_eeg.set,5136
sub-45,ses-1,eyesopen,0,NS,37,250.0,61,1250,3,61,1250,data\sub-45\ses-1\eeg\sub-45_ses-1_task-eyesopen_eeg.set,5137
sub-45,ses-1,eyesopen,0,NS,38,250.0,61,1250,3,61,1250,data\sub-45\ses-1\eeg\sub-45_ses-1_task-eyesopen_eeg.set,5138
sub-45,ses-1,eyesopen,0,NS,39,250.0,61,1250,3,61,1250,data\sub-45\ses-1\eeg\sub-45_ses-1_task-eyesopen_eeg.set,5139
sub-45,ses-1,eyesopen,0,NS,40,250.0,61,1250,3,61,1250,data\sub-45\ses-1\eeg\sub-45_ses-1_task-eyesopen_eeg.set,5140
sub-45,ses-1,eyesopen,0,NS,41,250.0,61,1250,3,61,1250,data\sub-45\ses-1\eeg\sub-45_ses-1_task-eyesopen_eeg.set,5141
sub-45,ses-1,eyesopen,0,NS,42,250.0,61,1250,3,61,1250,data\sub-45\ses-1\eeg\sub-45_ses-1_task-eyesopen_eeg.set,5142
sub-45,ses-1,eyesopen,0,NS,43,250.0,61,1250,3,61,1250,data\sub-45\ses-1\eeg\sub-45_ses-1_task-eyesopen_eeg.set,5143
sub-45,ses-1,eyesopen,0,NS,44,250.0,61,1250,3,61,1250,data\sub-45\ses-1\eeg\sub-45_ses-1_task-eyesopen_eeg.set,5144
sub-45,ses-1,eyesopen,0,NS,45,250.0,61,1250,3,61,1250,data\sub-45\ses-1\eeg\sub-45_ses-1_task-eyesopen_eeg.set,5145
sub-45,ses-1,eyesopen,0,NS,46,250.0,61,1250,3,61,1250,data\sub-45\ses-1\eeg\sub-45_ses-1_task-eyesopen_eeg.set,5146
sub-45,ses-1,eyesopen,0,NS,47,250.0,61,1250,3,61,1250,data\sub-45\ses-1\eeg\sub-45_ses-1_task-eyesopen_eeg.set,5147
sub-45,ses-1,eyesopen,0,NS,48,250.0,61,1250,3,61,1250,data\sub-45\ses-1\eeg\sub-45_ses-1_task-eyesopen_eeg.set,5148
sub-45,ses-1,eyesopen,0,NS,49,250.0,61,1250,3,61,1250,data\sub-45\ses-1\eeg\sub-45_ses-1_task-eyesopen_eeg.set,5149
sub-45,ses-1,eyesopen,0,NS,50,250.0,61,1250,3,61,1250,data\sub-45\ses-1\eeg\sub-45_ses-1_task-eyesopen_eeg.set,5150
sub-45,ses-1,eyesopen,0,NS,51,250.0,61,1250,3,61,1250,data\sub-45\ses-1\eeg\sub-45_ses-1_task-eyesopen_eeg.set,5151
sub-45,ses-1,eyesopen,0,NS,52,250.0,61,1250,3,61,1250,data\sub-45\ses-1\eeg\sub-45_ses-1_task-eyesopen_eeg.set,5152
sub-45,ses-1,eyesopen,0,NS,53,250.0,61,1250,3,61,1250,data\sub-45\ses-1\eeg\sub-45_ses-1_task-eyesopen_eeg.set,5153
sub-45,ses-1,eyesopen,0,NS,54,250.0,61,1250,3,61,1250,data\sub-45\ses-1\eeg\sub-45_ses-1_task-eyesopen_eeg.set,5154
sub-45,ses-1,eyesopen,0,NS,55,250.0,61,1250,3,61,1250,data\sub-45\ses-1\eeg\sub-45_ses-1_task-eyesopen_eeg.set,5155
sub-45,ses-1,eyesopen,0,NS,56,250.0,61,1250,3,61,1250,data\sub-45\ses-1\eeg\sub-45_ses-1_task-eyesopen_eeg.set,5156
sub-45,ses-1,eyesopen,0,NS,57,250.0,61,1250,3,61,1250,data\sub-45\ses-1\eeg\sub-45_ses-1_task-eyesopen_eeg.set,5157
sub-45,ses-1,eyesopen,0,NS,58,250.0,61,1250,3,61,1250,data\sub-45\ses-1\eeg\sub-45_ses-1_task-eyesopen_eeg.set,5158
sub-45,ses-1,eyesopen,0,NS,59,250.0,61,1250,3,61,1250,data\sub-45\ses-1\eeg\sub-45_ses-1_task-eyesopen_eeg.set,5159
sub-45,ses-2,eyesopen,1,SD,0,250.0,61,1250,3,61,1250,data\sub-45\ses-2\eeg\sub-45_ses-2_task-eyesopen_eeg.set,5160
sub-45,ses-2,eyesopen,1,SD,1,250.0,61,1250,3,61,1250,data\sub-45\ses-2\eeg\sub-45_ses-2_task-eyesopen_eeg.set,5161
sub-45,ses-2,eyesopen,1,SD,2,250.0,61,1250,3,61,1250,data\sub-45\ses-2\eeg\sub-45_ses-2_task-eyesopen_eeg.set,5162
sub-45,ses-2,eyesopen,1,SD,3,250.0,61,1250,3,61,1250,data\sub-45\ses-2\eeg\sub-45_ses-2_task-eyesopen_eeg.set,5163
sub-45,ses-2,eyesopen,1,SD,4,250.0,61,1250,3,61,1250,data\sub-45\ses-2\eeg\sub-45_ses-2_task-eyesopen_eeg.set,5164
sub-45,ses-2,eyesopen,1,SD,5,250.0,61,1250,3,61,1250,data\sub-45\ses-2\eeg\sub-45_ses-2_task-eyesopen_eeg.set,5165
sub-45,ses-2,eyesopen,1,SD,6,250.0,61,1250,3,61,1250,data\sub-45\ses-2\eeg\sub-45_ses-2_task-eyesopen_eeg.set,5166
sub-45,ses-2,eyesopen,1,SD,7,250.0,61,1250,3,61,1250,data\sub-45\ses-2\eeg\sub-45_ses-2_task-eyesopen_eeg.set,5167
sub-45,ses-2,eyesopen,1,SD,8,250.0,61,1250,3,61,1250,data\sub-45\ses-2\eeg\sub-45_ses-2_task-eyesopen_eeg.set,5168
sub-45,ses-2,eyesopen,1,SD,9,250.0,61,1250,3,61,1250,data\sub-45\ses-2\eeg\sub-45_ses-2_task-eyesopen_eeg.set,5169
sub-45,ses-2,eyesopen,1,SD,10,250.0,61,1250,3,61,1250,data\sub-45\ses-2\eeg\sub-45_ses-2_task-eyesopen_eeg.set,5170
sub-45,ses-2,eyesopen,1,SD,11,250.0,61,1250,3,61,1250,data\sub-45\ses-2\eeg\sub-45_ses-2_task-eyesopen_eeg.set,5171
sub-45,ses-2,eyesopen,1,SD,12,250.0,61,1250,3,61,1250,data\sub-45\ses-2\eeg\sub-45_ses-2_task-eyesopen_eeg.set,5172
sub-45,ses-2,eyesopen,1,SD,13,250.0,61,1250,3,61,1250,data\sub-45\ses-2\eeg\sub-45_ses-2_task-eyesopen_eeg.set,5173
sub-45,ses-2,eyesopen,1,SD,14,250.0,61,1250,3,61,1250,data\sub-45\ses-2\eeg\sub-45_ses-2_task-eyesopen_eeg.set,5174
sub-45,ses-2,eyesopen,1,SD,15,250.0,61,1250,3,61,1250,data\sub-45\ses-2\eeg\sub-45_ses-2_task-eyesopen_eeg.set,5175
sub-45,ses-2,eyesopen,1,SD,16,250.0,61,1250,3,61,1250,data\sub-45\ses-2\eeg\sub-45_ses-2_task-eyesopen_eeg.set,5176
sub-45,ses-2,eyesopen,1,SD,17,250.0,61,1250,3,61,1250,data\sub-45\ses-2\eeg\sub-45_ses-2_task-eyesopen_eeg.set,5177
sub-45,ses-2,eyesopen,1,SD,18,250.0,61,1250,3,61,1250,data\sub-45\ses-2\eeg\sub-45_ses-2_task-eyesopen_eeg.set,5178
sub-45,ses-2,eyesopen,1,SD,19,250.0,61,1250,3,61,1250,data\sub-45\ses-2\eeg\sub-45_ses-2_task-eyesopen_eeg.set,5179
sub-45,ses-2,eyesopen,1,SD,20,250.0,61,1250,3,61,1250,data\sub-45\ses-2\eeg\sub-45_ses-2_task-eyesopen_eeg.set,5180
sub-45,ses-2,eyesopen,1,SD,21,250.0,61,1250,3,61,1250,data\sub-45\ses-2\eeg\sub-45_ses-2_task-eyesopen_eeg.set,5181
sub-45,ses-2,eyesopen,1,SD,22,250.0,61,1250,3,61,1250,data\sub-45\ses-2\eeg\sub-45_ses-2_task-eyesopen_eeg.set,5182
sub-45,ses-2,eyesopen,1,SD,23,250.0,61,1250,3,61,1250,data\sub-45\ses-2\eeg\sub-45_ses-2_task-eyesopen_eeg.set,5183
sub-45,ses-2,eyesopen,1,SD,24,250.0,61,1250,3,61,1250,data\sub-45\ses-2\eeg\sub-45_ses-2_task-eyesopen_eeg.set,5184
sub-45,ses-2,eyesopen,1,SD,25,250.0,61,1250,3,61,1250,data\sub-45\ses-2\eeg\sub-45_ses-2_task-eyesopen_eeg.set,5185
sub-45,ses-2,eyesopen,1,SD,26,250.0,61,1250,3,61,1250,data\sub-45\ses-2\eeg\sub-45_ses-2_task-eyesopen_eeg.set,5186
sub-45,ses-2,eyesopen,1,SD,27,250.0,61,1250,3,61,1250,data\sub-45\ses-2\eeg\sub-45_ses-2_task-eyesopen_eeg.set,5187
sub-45,ses-2,eyesopen,1,SD,28,250.0,61,1250,3,61,1250,data\sub-45\ses-2\eeg\sub-45_ses-2_task-eyesopen_eeg.set,5188
sub-45,ses-2,eyesopen,1,SD,29,250.0,61,1250,3,61,1250,data\sub-45\ses-2\eeg\sub-45_ses-2_task-eyesopen_eeg.set,5189
sub-45,ses-2,eyesopen,1,SD,30,250.0,61,1250,3,61,1250,data\sub-45\ses-2\eeg\sub-45_ses-2_task-eyesopen_eeg.set,5190
sub-45,ses-2,eyesopen,1,SD,31,250.0,61,1250,3,61,1250,data\sub-45\ses-2\eeg\sub-45_ses-2_task-eyesopen_eeg.set,5191
sub-45,ses-2,eyesopen,1,SD,32,250.0,61,1250,3,61,1250,data\sub-45\ses-2\eeg\sub-45_ses-2_task-eyesopen_eeg.set,5192
sub-45,ses-2,eyesopen,1,SD,33,250.0,61,1250,3,61,1250,data\sub-45\ses-2\eeg\sub-45_ses-2_task-eyesopen_eeg.set,5193
sub-45,ses-2,eyesopen,1,SD,34,250.0,61,1250,3,61,1250,data\sub-45\ses-2\eeg\sub-45_ses-2_task-eyesopen_eeg.set,5194
sub-45,ses-2,eyesopen,1,SD,35,250.0,61,1250,3,61,1250,data\sub-45\ses-2\eeg\sub-45_ses-2_task-eyesopen_eeg.set,5195
sub-45,ses-2,eyesopen,1,SD,36,250.0,61,1250,3,61,1250,data\sub-45\ses-2\eeg\sub-45_ses-2_task-eyesopen_eeg.set,5196
sub-45,ses-2,eyesopen,1,SD,37,250.0,61,1250,3,61,1250,data\sub-45\ses-2\eeg\sub-45_ses-2_task-eyesopen_eeg.set,5197
sub-45,ses-2,eyesopen,1,SD,38,250.0,61,1250,3,61,1250,data\sub-45\ses-2\eeg\sub-45_ses-2_task-eyesopen_eeg.set,5198
sub-45,ses-2,eyesopen,1,SD,39,250.0,61,1250,3,61,1250,data\sub-45\ses-2\eeg\sub-45_ses-2_task-eyesopen_eeg.set,5199
sub-45,ses-2,eyesopen,1,SD,40,250.0,61,1250,3,61,1250,data\sub-45\ses-2\eeg\sub-45_ses-2_task-eyesopen_eeg.set,5200
sub-45,ses-2,eyesopen,1,SD,41,250.0,61,1250,3,61,1250,data\sub-45\ses-2\eeg\sub-45_ses-2_task-eyesopen_eeg.set,5201
sub-45,ses-2,eyesopen,1,SD,42,250.0,61,1250,3,61,1250,data\sub-45\ses-2\eeg\sub-45_ses-2_task-eyesopen_eeg.set,5202
sub-45,ses-2,eyesopen,1,SD,43,250.0,61,1250,3,61,1250,data\sub-45\ses-2\eeg\sub-45_ses-2_task-eyesopen_eeg.set,5203
sub-45,ses-2,eyesopen,1,SD,44,250.0,61,1250,3,61,1250,data\sub-45\ses-2\eeg\sub-45_ses-2_task-eyesopen_eeg.set,5204
sub-45,ses-2,eyesopen,1,SD,45,250.0,61,1250,3,61,1250,data\sub-45\ses-2\eeg\sub-45_ses-2_task-eyesopen_eeg.set,5205
sub-45,ses-2,eyesopen,1,SD,46,250.0,61,1250,3,61,1250,data\sub-45\ses-2\eeg\sub-45_ses-2_task-eyesopen_eeg.set,5206
sub-45,ses-2,eyesopen,1,SD,47,250.0,61,1250,3,61,1250,data\sub-45\ses-2\eeg\sub-45_ses-2_task-eyesopen_eeg.set,5207
sub-45,ses-2,eyesopen,1,SD,48,250.0,61,1250,3,61,1250,data\sub-45\ses-2\eeg\sub-45_ses-2_task-eyesopen_eeg.set,5208
sub-45,ses-2,eyesopen,1,SD,49,250.0,61,1250,3,61,1250,data\sub-45\ses-2\eeg\sub-45_ses-2_task-eyesopen_eeg.set,5209
sub-45,ses-2,eyesopen,1,SD,50,250.0,61,1250,3,61,1250,data\sub-45\ses-2\eeg\sub-45_ses-2_task-eyesopen_eeg.set,5210
sub-45,ses-2,eyesopen,1,SD,51,250.0,61,1250,3,61,1250,data\sub-45\ses-2\eeg\sub-45_ses-2_task-eyesopen_eeg.set,5211
sub-45,ses-2,eyesopen,1,SD,52,250.0,61,1250,3,61,1250,data\sub-45\ses-2\eeg\sub-45_ses-2_task-eyesopen_eeg.set,5212
sub-45,ses-2,eyesopen,1,SD,53,250.0,61,1250,3,61,1250,data\sub-45\ses-2\eeg\sub-45_ses-2_task-eyesopen_eeg.set,5213
sub-45,ses-2,eyesopen,1,SD,54,250.0,61,1250,3,61,1250,data\sub-45\ses-2\eeg\sub-45_ses-2_task-eyesopen_eeg.set,5214
sub-45,ses-2,eyesopen,1,SD,55,250.0,61,1250,3,61,1250,data\sub-45\ses-2\eeg\sub-45_ses-2_task-eyesopen_eeg.set,5215
sub-45,ses-2,eyesopen,1,SD,56,250.0,61,1250,3,61,1250,data\sub-45\ses-2\eeg\sub-45_ses-2_task-eyesopen_eeg.set,5216
sub-45,ses-2,eyesopen,1,SD,57,250.0,61,1250,3,61,1250,data\sub-45\ses-2\eeg\sub-45_ses-2_task-eyesopen_eeg.set,5217
sub-45,ses-2,eyesopen,1,SD,58,250.0,61,1250,3,61,1250,data\sub-45\ses-2\eeg\sub-45_ses-2_task-eyesopen_eeg.set,5218
sub-45,ses-2,eyesopen,1,SD,59,250.0,61,1250,3,61,1250,data\sub-45\ses-2\eeg\sub-45_ses-2_task-eyesopen_eeg.set,5219
sub-46,ses-1,eyesopen,0,NS,0,250.0,61,1250,3,61,1250,data\sub-46\ses-1\eeg\sub-46_ses-1_task-eyesopen_eeg.set,5220
sub-46,ses-1,eyesopen,0,NS,1,250.0,61,1250,3,61,1250,data\sub-46\ses-1\eeg\sub-46_ses-1_task-eyesopen_eeg.set,5221
sub-46,ses-1,eyesopen,0,NS,2,250.0,61,1250,3,61,1250,data\sub-46\ses-1\eeg\sub-46_ses-1_task-eyesopen_eeg.set,5222
sub-46,ses-1,eyesopen,0,NS,3,250.0,61,1250,3,61,1250,data\sub-46\ses-1\eeg\sub-46_ses-1_task-eyesopen_eeg.set,5223
sub-46,ses-1,eyesopen,0,NS,4,250.0,61,1250,3,61,1250,data\sub-46\ses-1\eeg\sub-46_ses-1_task-eyesopen_eeg.set,5224
sub-46,ses-1,eyesopen,0,NS,5,250.0,61,1250,3,61,1250,data\sub-46\ses-1\eeg\sub-46_ses-1_task-eyesopen_eeg.set,5225
sub-46,ses-1,eyesopen,0,NS,6,250.0,61,1250,3,61,1250,data\sub-46\ses-1\eeg\sub-46_ses-1_task-eyesopen_eeg.set,5226
sub-46,ses-1,eyesopen,0,NS,7,250.0,61,1250,3,61,1250,data\sub-46\ses-1\eeg\sub-46_ses-1_task-eyesopen_eeg.set,5227
sub-46,ses-1,eyesopen,0,NS,8,250.0,61,1250,3,61,1250,data\sub-46\ses-1\eeg\sub-46_ses-1_task-eyesopen_eeg.set,5228
sub-46,ses-1,eyesopen,0,NS,9,250.0,61,1250,3,61,1250,data\sub-46\ses-1\eeg\sub-46_ses-1_task-eyesopen_eeg.set,5229
sub-46,ses-1,eyesopen,0,NS,10,250.0,61,1250,3,61,1250,data\sub-46\ses-1\eeg\sub-46_ses-1_task-eyesopen_eeg.set,5230
sub-46,ses-1,eyesopen,0,NS,11,250.0,61,1250,3,61,1250,data\sub-46\ses-1\eeg\sub-46_ses-1_task-eyesopen_eeg.set,5231
sub-46,ses-1,eyesopen,0,NS,12,250.0,61,1250,3,61,1250,data\sub-46\ses-1\eeg\sub-46_ses-1_task-eyesopen_eeg.set,5232
sub-46,ses-1,eyesopen,0,NS,13,250.0,61,1250,3,61,1250,data\sub-46\ses-1\eeg\sub-46_ses-1_task-eyesopen_eeg.set,5233
sub-46,ses-1,eyesopen,0,NS,14,250.0,61,1250,3,61,1250,data\sub-46\ses-1\eeg\sub-46_ses-1_task-eyesopen_eeg.set,5234
sub-46,ses-1,eyesopen,0,NS,15,250.0,61,1250,3,61,1250,data\sub-46\ses-1\eeg\sub-46_ses-1_task-eyesopen_eeg.set,5235
sub-46,ses-1,eyesopen,0,NS,16,250.0,61,1250,3,61,1250,data\sub-46\ses-1\eeg\sub-46_ses-1_task-eyesopen_eeg.set,5236
sub-46,ses-1,eyesopen,0,NS,17,250.0,61,1250,3,61,1250,data\sub-46\ses-1\eeg\sub-46_ses-1_task-eyesopen_eeg.set,5237
sub-46,ses-1,eyesopen,0,NS,18,250.0,61,1250,3,61,1250,data\sub-46\ses-1\eeg\sub-46_ses-1_task-eyesopen_eeg.set,5238
sub-46,ses-1,eyesopen,0,NS,19,250.0,61,1250,3,61,1250,data\sub-46\ses-1\eeg\sub-46_ses-1_task-eyesopen_eeg.set,5239
sub-46,ses-1,eyesopen,0,NS,20,250.0,61,1250,3,61,1250,data\sub-46\ses-1\eeg\sub-46_ses-1_task-eyesopen_eeg.set,5240
sub-46,ses-1,eyesopen,0,NS,21,250.0,61,1250,3,61,1250,data\sub-46\ses-1\eeg\sub-46_ses-1_task-eyesopen_eeg.set,5241
sub-46,ses-1,eyesopen,0,NS,22,250.0,61,1250,3,61,1250,data\sub-46\ses-1\eeg\sub-46_ses-1_task-eyesopen_eeg.set,5242
sub-46,ses-1,eyesopen,0,NS,23,250.0,61,1250,3,61,1250,data\sub-46\ses-1\eeg\sub-46_ses-1_task-eyesopen_eeg.set,5243
sub-46,ses-1,eyesopen,0,NS,24,250.0,61,1250,3,61,1250,data\sub-46\ses-1\eeg\sub-46_ses-1_task-eyesopen_eeg.set,5244
sub-46,ses-1,eyesopen,0,NS,25,250.0,61,1250,3,61,1250,data\sub-46\ses-1\eeg\sub-46_ses-1_task-eyesopen_eeg.set,5245
sub-46,ses-1,eyesopen,0,NS,26,250.0,61,1250,3,61,1250,data\sub-46\ses-1\eeg\sub-46_ses-1_task-eyesopen_eeg.set,5246
sub-46,ses-1,eyesopen,0,NS,27,250.0,61,1250,3,61,1250,data\sub-46\ses-1\eeg\sub-46_ses-1_task-eyesopen_eeg.set,5247
sub-46,ses-1,eyesopen,0,NS,28,250.0,61,1250,3,61,1250,data\sub-46\ses-1\eeg\sub-46_ses-1_task-eyesopen_eeg.set,5248
sub-46,ses-1,eyesopen,0,NS,29,250.0,61,1250,3,61,1250,data\sub-46\ses-1\eeg\sub-46_ses-1_task-eyesopen_eeg.set,5249
sub-46,ses-1,eyesopen,0,NS,30,250.0,61,1250,3,61,1250,data\sub-46\ses-1\eeg\sub-46_ses-1_task-eyesopen_eeg.set,5250
sub-46,ses-1,eyesopen,0,NS,31,250.0,61,1250,3,61,1250,data\sub-46\ses-1\eeg\sub-46_ses-1_task-eyesopen_eeg.set,5251
sub-46,ses-1,eyesopen,0,NS,32,250.0,61,1250,3,61,1250,data\sub-46\ses-1\eeg\sub-46_ses-1_task-eyesopen_eeg.set,5252
sub-46,ses-1,eyesopen,0,NS,33,250.0,61,1250,3,61,1250,data\sub-46\ses-1\eeg\sub-46_ses-1_task-eyesopen_eeg.set,5253
sub-46,ses-1,eyesopen,0,NS,34,250.0,61,1250,3,61,1250,data\sub-46\ses-1\eeg\sub-46_ses-1_task-eyesopen_eeg.set,5254
sub-46,ses-1,eyesopen,0,NS,35,250.0,61,1250,3,61,1250,data\sub-46\ses-1\eeg\sub-46_ses-1_task-eyesopen_eeg.set,5255
sub-46,ses-1,eyesopen,0,NS,36,250.0,61,1250,3,61,1250,data\sub-46\ses-1\eeg\sub-46_ses-1_task-eyesopen_eeg.set,5256
sub-46,ses-1,eyesopen,0,NS,37,250.0,61,1250,3,61,1250,data\sub-46\ses-1\eeg\sub-46_ses-1_task-eyesopen_eeg.set,5257
sub-46,ses-1,eyesopen,0,NS,38,250.0,61,1250,3,61,1250,data\sub-46\ses-1\eeg\sub-46_ses-1_task-eyesopen_eeg.set,5258
sub-46,ses-1,eyesopen,0,NS,39,250.0,61,1250,3,61,1250,data\sub-46\ses-1\eeg\sub-46_ses-1_task-eyesopen_eeg.set,5259
sub-46,ses-1,eyesopen,0,NS,40,250.0,61,1250,3,61,1250,data\sub-46\ses-1\eeg\sub-46_ses-1_task-eyesopen_eeg.set,5260
sub-46,ses-1,eyesopen,0,NS,41,250.0,61,1250,3,61,1250,data\sub-46\ses-1\eeg\sub-46_ses-1_task-eyesopen_eeg.set,5261
sub-46,ses-1,eyesopen,0,NS,42,250.0,61,1250,3,61,1250,data\sub-46\ses-1\eeg\sub-46_ses-1_task-eyesopen_eeg.set,5262
sub-46,ses-1,eyesopen,0,NS,43,250.0,61,1250,3,61,1250,data\sub-46\ses-1\eeg\sub-46_ses-1_task-eyesopen_eeg.set,5263
sub-46,ses-1,eyesopen,0,NS,44,250.0,61,1250,3,61,1250,data\sub-46\ses-1\eeg\sub-46_ses-1_task-eyesopen_eeg.set,5264
sub-46,ses-1,eyesopen,0,NS,45,250.0,61,1250,3,61,1250,data\sub-46\ses-1\eeg\sub-46_ses-1_task-eyesopen_eeg.set,5265
sub-46,ses-1,eyesopen,0,NS,46,250.0,61,1250,3,61,1250,data\sub-46\ses-1\eeg\sub-46_ses-1_task-eyesopen_eeg.set,5266
sub-46,ses-1,eyesopen,0,NS,47,250.0,61,1250,3,61,1250,data\sub-46\ses-1\eeg\sub-46_ses-1_task-eyesopen_eeg.set,5267
sub-46,ses-1,eyesopen,0,NS,48,250.0,61,1250,3,61,1250,data\sub-46\ses-1\eeg\sub-46_ses-1_task-eyesopen_eeg.set,5268
sub-46,ses-1,eyesopen,0,NS,49,250.0,61,1250,3,61,1250,data\sub-46\ses-1\eeg\sub-46_ses-1_task-eyesopen_eeg.set,5269
sub-46,ses-1,eyesopen,0,NS,50,250.0,61,1250,3,61,1250,data\sub-46\ses-1\eeg\sub-46_ses-1_task-eyesopen_eeg.set,5270
sub-46,ses-1,eyesopen,0,NS,51,250.0,61,1250,3,61,1250,data\sub-46\ses-1\eeg\sub-46_ses-1_task-eyesopen_eeg.set,5271
sub-46,ses-1,eyesopen,0,NS,52,250.0,61,1250,3,61,1250,data\sub-46\ses-1\eeg\sub-46_ses-1_task-eyesopen_eeg.set,5272
sub-46,ses-1,eyesopen,0,NS,53,250.0,61,1250,3,61,1250,data\sub-46\ses-1\eeg\sub-46_ses-1_task-eyesopen_eeg.set,5273
sub-46,ses-1,eyesopen,0,NS,54,250.0,61,1250,3,61,1250,data\sub-46\ses-1\eeg\sub-46_ses-1_task-eyesopen_eeg.set,5274
sub-46,ses-1,eyesopen,0,NS,55,250.0,61,1250,3,61,1250,data\sub-46\ses-1\eeg\sub-46_ses-1_task-eyesopen_eeg.set,5275
sub-46,ses-1,eyesopen,0,NS,56,250.0,61,1250,3,61,1250,data\sub-46\ses-1\eeg\sub-46_ses-1_task-eyesopen_eeg.set,5276
sub-46,ses-1,eyesopen,0,NS,57,250.0,61,1250,3,61,1250,data\sub-46\ses-1\eeg\sub-46_ses-1_task-eyesopen_eeg.set,5277
sub-46,ses-1,eyesopen,0,NS,58,250.0,61,1250,3,61,1250,data\sub-46\ses-1\eeg\sub-46_ses-1_task-eyesopen_eeg.set,5278
sub-46,ses-1,eyesopen,0,NS,59,250.0,61,1250,3,61,1250,data\sub-46\ses-1\eeg\sub-46_ses-1_task-eyesopen_eeg.set,5279
sub-46,ses-2,eyesopen,1,SD,0,250.0,61,1250,3,61,1250,data\sub-46\ses-2\eeg\sub-46_ses-2_task-eyesopen_eeg.set,5280
sub-46,ses-2,eyesopen,1,SD,1,250.0,61,1250,3,61,1250,data\sub-46\ses-2\eeg\sub-46_ses-2_task-eyesopen_eeg.set,5281
sub-46,ses-2,eyesopen,1,SD,2,250.0,61,1250,3,61,1250,data\sub-46\ses-2\eeg\sub-46_ses-2_task-eyesopen_eeg.set,5282
sub-46,ses-2,eyesopen,1,SD,3,250.0,61,1250,3,61,1250,data\sub-46\ses-2\eeg\sub-46_ses-2_task-eyesopen_eeg.set,5283
sub-46,ses-2,eyesopen,1,SD,4,250.0,61,1250,3,61,1250,data\sub-46\ses-2\eeg\sub-46_ses-2_task-eyesopen_eeg.set,5284
sub-46,ses-2,eyesopen,1,SD,5,250.0,61,1250,3,61,1250,data\sub-46\ses-2\eeg\sub-46_ses-2_task-eyesopen_eeg.set,5285
sub-46,ses-2,eyesopen,1,SD,6,250.0,61,1250,3,61,1250,data\sub-46\ses-2\eeg\sub-46_ses-2_task-eyesopen_eeg.set,5286
sub-46,ses-2,eyesopen,1,SD,7,250.0,61,1250,3,61,1250,data\sub-46\ses-2\eeg\sub-46_ses-2_task-eyesopen_eeg.set,5287
sub-46,ses-2,eyesopen,1,SD,8,250.0,61,1250,3,61,1250,data\sub-46\ses-2\eeg\sub-46_ses-2_task-eyesopen_eeg.set,5288
sub-46,ses-2,eyesopen,1,SD,9,250.0,61,1250,3,61,1250,data\sub-46\ses-2\eeg\sub-46_ses-2_task-eyesopen_eeg.set,5289
sub-46,ses-2,eyesopen,1,SD,10,250.0,61,1250,3,61,1250,data\sub-46\ses-2\eeg\sub-46_ses-2_task-eyesopen_eeg.set,5290
sub-46,ses-2,eyesopen,1,SD,11,250.0,61,1250,3,61,1250,data\sub-46\ses-2\eeg\sub-46_ses-2_task-eyesopen_eeg.set,5291
sub-46,ses-2,eyesopen,1,SD,12,250.0,61,1250,3,61,1250,data\sub-46\ses-2\eeg\sub-46_ses-2_task-eyesopen_eeg.set,5292
sub-46,ses-2,eyesopen,1,SD,13,250.0,61,1250,3,61,1250,data\sub-46\ses-2\eeg\sub-46_ses-2_task-eyesopen_eeg.set,5293
sub-46,ses-2,eyesopen,1,SD,14,250.0,61,1250,3,61,1250,data\sub-46\ses-2\eeg\sub-46_ses-2_task-eyesopen_eeg.set,5294
sub-46,ses-2,eyesopen,1,SD,15,250.0,61,1250,3,61,1250,data\sub-46\ses-2\eeg\sub-46_ses-2_task-eyesopen_eeg.set,5295
sub-46,ses-2,eyesopen,1,SD,16,250.0,61,1250,3,61,1250,data\sub-46\ses-2\eeg\sub-46_ses-2_task-eyesopen_eeg.set,5296
sub-46,ses-2,eyesopen,1,SD,17,250.0,61,1250,3,61,1250,data\sub-46\ses-2\eeg\sub-46_ses-2_task-eyesopen_eeg.set,5297
sub-46,ses-2,eyesopen,1,SD,18,250.0,61,1250,3,61,1250,data\sub-46\ses-2\eeg\sub-46_ses-2_task-eyesopen_eeg.set,5298
sub-46,ses-2,eyesopen,1,SD,19,250.0,61,1250,3,61,1250,data\sub-46\ses-2\eeg\sub-46_ses-2_task-eyesopen_eeg.set,5299
sub-46,ses-2,eyesopen,1,SD,20,250.0,61,1250,3,61,1250,data\sub-46\ses-2\eeg\sub-46_ses-2_task-eyesopen_eeg.set,5300
sub-46,ses-2,eyesopen,1,SD,21,250.0,61,1250,3,61,1250,data\sub-46\ses-2\eeg\sub-46_ses-2_task-eyesopen_eeg.set,5301
sub-46,ses-2,eyesopen,1,SD,22,250.0,61,1250,3,61,1250,data\sub-46\ses-2\eeg\sub-46_ses-2_task-eyesopen_eeg.set,5302
sub-46,ses-2,eyesopen,1,SD,23,250.0,61,1250,3,61,1250,data\sub-46\ses-2\eeg\sub-46_ses-2_task-eyesopen_eeg.set,5303
sub-46,ses-2,eyesopen,1,SD,24,250.0,61,1250,3,61,1250,data\sub-46\ses-2\eeg\sub-46_ses-2_task-eyesopen_eeg.set,5304
sub-46,ses-2,eyesopen,1,SD,25,250.0,61,1250,3,61,1250,data\sub-46\ses-2\eeg\sub-46_ses-2_task-eyesopen_eeg.set,5305
sub-46,ses-2,eyesopen,1,SD,26,250.0,61,1250,3,61,1250,data\sub-46\ses-2\eeg\sub-46_ses-2_task-eyesopen_eeg.set,5306
sub-46,ses-2,eyesopen,1,SD,27,250.0,61,1250,3,61,1250,data\sub-46\ses-2\eeg\sub-46_ses-2_task-eyesopen_eeg.set,5307
sub-46,ses-2,eyesopen,1,SD,28,250.0,61,1250,3,61,1250,data\sub-46\ses-2\eeg\sub-46_ses-2_task-eyesopen_eeg.set,5308
sub-46,ses-2,eyesopen,1,SD,29,250.0,61,1250,3,61,1250,data\sub-46\ses-2\eeg\sub-46_ses-2_task-eyesopen_eeg.set,5309
sub-46,ses-2,eyesopen,1,SD,30,250.0,61,1250,3,61,1250,data\sub-46\ses-2\eeg\sub-46_ses-2_task-eyesopen_eeg.set,5310
sub-46,ses-2,eyesopen,1,SD,31,250.0,61,1250,3,61,1250,data\sub-46\ses-2\eeg\sub-46_ses-2_task-eyesopen_eeg.set,5311
sub-46,ses-2,eyesopen,1,SD,32,250.0,61,1250,3,61,1250,data\sub-46\ses-2\eeg\sub-46_ses-2_task-eyesopen_eeg.set,5312
sub-46,ses-2,eyesopen,1,SD,33,250.0,61,1250,3,61,1250,data\sub-46\ses-2\eeg\sub-46_ses-2_task-eyesopen_eeg.set,5313
sub-46,ses-2,eyesopen,1,SD,34,250.0,61,1250,3,61,1250,data\sub-46\ses-2\eeg\sub-46_ses-2_task-eyesopen_eeg.set,5314
sub-46,ses-2,eyesopen,1,SD,35,250.0,61,1250,3,61,1250,data\sub-46\ses-2\eeg\sub-46_ses-2_task-eyesopen_eeg.set,5315
sub-46,ses-2,eyesopen,1,SD,36,250.0,61,1250,3,61,1250,data\sub-46\ses-2\eeg\sub-46_ses-2_task-eyesopen_eeg.set,5316
sub-46,ses-2,eyesopen,1,SD,37,250.0,61,1250,3,61,1250,data\sub-46\ses-2\eeg\sub-46_ses-2_task-eyesopen_eeg.set,5317
sub-46,ses-2,eyesopen,1,SD,38,250.0,61,1250,3,61,1250,data\sub-46\ses-2\eeg\sub-46_ses-2_task-eyesopen_eeg.set,5318
sub-46,ses-2,eyesopen,1,SD,39,250.0,61,1250,3,61,1250,data\sub-46\ses-2\eeg\sub-46_ses-2_task-eyesopen_eeg.set,5319
sub-46,ses-2,eyesopen,1,SD,40,250.0,61,1250,3,61,1250,data\sub-46\ses-2\eeg\sub-46_ses-2_task-eyesopen_eeg.set,5320
sub-46,ses-2,eyesopen,1,SD,41,250.0,61,1250,3,61,1250,data\sub-46\ses-2\eeg\sub-46_ses-2_task-eyesopen_eeg.set,5321
sub-46,ses-2,eyesopen,1,SD,42,250.0,61,1250,3,61,1250,data\sub-46\ses-2\eeg\sub-46_ses-2_task-eyesopen_eeg.set,5322
sub-46,ses-2,eyesopen,1,SD,43,250.0,61,1250,3,61,1250,data\sub-46\ses-2\eeg\sub-46_ses-2_task-eyesopen_eeg.set,5323
sub-46,ses-2,eyesopen,1,SD,44,250.0,61,1250,3,61,1250,data\sub-46\ses-2\eeg\sub-46_ses-2_task-eyesopen_eeg.set,5324
sub-46,ses-2,eyesopen,1,SD,45,250.0,61,1250,3,61,1250,data\sub-46\ses-2\eeg\sub-46_ses-2_task-eyesopen_eeg.set,5325
sub-46,ses-2,eyesopen,1,SD,46,250.0,61,1250,3,61,1250,data\sub-46\ses-2\eeg\sub-46_ses-2_task-eyesopen_eeg.set,5326
sub-46,ses-2,eyesopen,1,SD,47,250.0,61,1250,3,61,1250,data\sub-46\ses-2\eeg\sub-46_ses-2_task-eyesopen_eeg.set,5327
sub-46,ses-2,eyesopen,1,SD,48,250.0,61,1250,3,61,1250,data\sub-46\ses-2\eeg\sub-46_ses-2_task-eyesopen_eeg.set,5328
sub-46,ses-2,eyesopen,1,SD,49,250.0,61,1250,3,61,1250,data\sub-46\ses-2\eeg\sub-46_ses-2_task-eyesopen_eeg.set,5329
sub-46,ses-2,eyesopen,1,SD,50,250.0,61,1250,3,61,1250,data\sub-46\ses-2\eeg\sub-46_ses-2_task-eyesopen_eeg.set,5330
sub-46,ses-2,eyesopen,1,SD,51,250.0,61,1250,3,61,1250,data\sub-46\ses-2\eeg\sub-46_ses-2_task-eyesopen_eeg.set,5331
sub-46,ses-2,eyesopen,1,SD,52,250.0,61,1250,3,61,1250,data\sub-46\ses-2\eeg\sub-46_ses-2_task-eyesopen_eeg.set,5332
sub-46,ses-2,eyesopen,1,SD,53,250.0,61,1250,3,61,1250,data\sub-46\ses-2\eeg\sub-46_ses-2_task-eyesopen_eeg.set,5333
sub-46,ses-2,eyesopen,1,SD,54,250.0,61,1250,3,61,1250,data\sub-46\ses-2\eeg\sub-46_ses-2_task-eyesopen_eeg.set,5334
sub-46,ses-2,eyesopen,1,SD,55,250.0,61,1250,3,61,1250,data\sub-46\ses-2\eeg\sub-46_ses-2_task-eyesopen_eeg.set,5335
sub-46,ses-2,eyesopen,1,SD,56,250.0,61,1250,3,61,1250,data\sub-46\ses-2\eeg\sub-46_ses-2_task-eyesopen_eeg.set,5336
sub-46,ses-2,eyesopen,1,SD,57,250.0,61,1250,3,61,1250,data\sub-46\ses-2\eeg\sub-46_ses-2_task-eyesopen_eeg.set,5337
sub-46,ses-2,eyesopen,1,SD,58,250.0,61,1250,3,61,1250,data\sub-46\ses-2\eeg\sub-46_ses-2_task-eyesopen_eeg.set,5338
sub-48,ses-1,eyesopen,0,NS,0,250.0,61,1250,3,61,1250,data\sub-48\ses-1\eeg\sub-48_ses-1_task-eyesopen_eeg.set,5459
sub-48,ses-1,eyesopen,0,NS,1,250.0,61,1250,3,61,1250,data\sub-48\ses-1\eeg\sub-48_ses-1_task-eyesopen_eeg.set,5460
sub-48,ses-1,eyesopen,0,NS,2,250.0,61,1250,3,61,1250,data\sub-48\ses-1\eeg\sub-48_ses-1_task-eyesopen_eeg.set,5461
sub-48,ses-1,eyesopen,0,NS,3,250.0,61,1250,3,61,1250,data\sub-48\ses-1\eeg\sub-48_ses-1_task-eyesopen_eeg.set,5462
sub-48,ses-1,eyesopen,0,NS,4,250.0,61,1250,3,61,1250,data\sub-48\ses-1\eeg\sub-48_ses-1_task-eyesopen_eeg.set,5463
sub-48,ses-1,eyesopen,0,NS,5,250.0,61,1250,3,61,1250,data\sub-48\ses-1\eeg\sub-48_ses-1_task-eyesopen_eeg.set,5464
sub-48,ses-1,eyesopen,0,NS,6,250.0,61,1250,3,61,1250,data\sub-48\ses-1\eeg\sub-48_ses-1_task-eyesopen_eeg.set,5465
sub-48,ses-1,eyesopen,0,NS,7,250.0,61,1250,3,61,1250,data\sub-48\ses-1\eeg\sub-48_ses-1_task-eyesopen_eeg.set,5466
sub-48,ses-1,eyesopen,0,NS,8,250.0,61,1250,3,61,1250,data\sub-48\ses-1\eeg\sub-48_ses-1_task-eyesopen_eeg.set,5467
sub-48,ses-1,eyesopen,0,NS,9,250.0,61,1250,3,61,1250,data\sub-48\ses-1\eeg\sub-48_ses-1_task-eyesopen_eeg.set,5468
sub-48,ses-1,eyesopen,0,NS,10,250.0,61,1250,3,61,1250,data\sub-48\ses-1\eeg\sub-48_ses-1_task-eyesopen_eeg.set,5469
sub-48,ses-1,eyesopen,0,NS,11,250.0,61,1250,3,61,1250,data\sub-48\ses-1\eeg\sub-48_ses-1_task-eyesopen_eeg.set,5470
sub-48,ses-1,eyesopen,0,NS,12,250.0,61,1250,3,61,1250,data\sub-48\ses-1\eeg\sub-48_ses-1_task-eyesopen_eeg.set,5471
sub-48,ses-1,eyesopen,0,NS,13,250.0,61,1250,3,61,1250,data\sub-48\ses-1\eeg\sub-48_ses-1_task-eyesopen_eeg.set,5472
sub-48,ses-1,eyesopen,0,NS,14,250.0,61,1250,3,61,1250,data\sub-48\ses-1\eeg\sub-48_ses-1_task-eyesopen_eeg.set,5473
sub-48,ses-1,eyesopen,0,NS,15,250.0,61,1250,3,61,1250,data\sub-48\ses-1\eeg\sub-48_ses-1_task-eyesopen_eeg.set,5474
sub-48,ses-1,eyesopen,0,NS,16,250.0,61,1250,3,61,1250,data\sub-48\ses-1\eeg\sub-48_ses-1_task-eyesopen_eeg.set,5475
sub-48,ses-1,eyesopen,0,NS,17,250.0,61,1250,3,61,1250,data\sub-48\ses-1\eeg\sub-48_ses-1_task-eyesopen_eeg.set,5476
sub-48,ses-1,eyesopen,0,NS,18,250.0,61,1250,3,61,1250,data\sub-48\ses-1\eeg\sub-48_ses-1_task-eyesopen_eeg.set,5477
sub-48,ses-1,eyesopen,0,NS,19,250.0,61,1250,3,61,1250,data\sub-48\ses-1\eeg\sub-48_ses-1_task-eyesopen_eeg.set,5478
sub-48,ses-1,eyesopen,0,NS,20,250.0,61,1250,3,61,1250,data\sub-48\ses-1\eeg\sub-48_ses-1_task-eyesopen_eeg.set,5479
sub-48,ses-1,eyesopen,0,NS,21,250.0,61,1250,3,61,1250,data\sub-48\ses-1\eeg\sub-48_ses-1_task-eyesopen_eeg.set,5480
sub-48,ses-1,eyesopen,0,NS,22,250.0,61,1250,3,61,1250,data\sub-48\ses-1\eeg\sub-48_ses-1_task-eyesopen_eeg.set,5481
sub-48,ses-1,eyesopen,0,NS,23,250.0,61,1250,3,61,1250,data\sub-48\ses-1\eeg\sub-48_ses-1_task-eyesopen_eeg.set,5482
sub-48,ses-1,eyesopen,0,NS,24,250.0,61,1250,3,61,1250,data\sub-48\ses-1\eeg\sub-48_ses-1_task-eyesopen_eeg.set,5483
sub-48,ses-1,eyesopen,0,NS,25,250.0,61,1250,3,61,1250,data\sub-48\ses-1\eeg\sub-48_ses-1_task-eyesopen_eeg.set,5484
sub-48,ses-1,eyesopen,0,NS,26,250.0,61,1250,3,61,1250,data\sub-48\ses-1\eeg\sub-48_ses-1_task-eyesopen_eeg.set,5485
sub-48,ses-1,eyesopen,0,NS,27,250.0,61,1250,3,61,1250,data\sub-48\ses-1\eeg\sub-48_ses-1_task-eyesopen_eeg.set,5486
sub-48,ses-1,eyesopen,0,NS,28,250.0,61,1250,3,61,1250,data\sub-48\ses-1\eeg\sub-48_ses-1_task-eyesopen_eeg.set,5487
sub-48,ses-1,eyesopen,0,NS,29,250.0,61,1250,3,61,1250,data\sub-48\ses-1\eeg\sub-48_ses-1_task-eyesopen_eeg.set,5488
sub-48,ses-1,eyesopen,0,NS,30,250.0,61,1250,3,61,1250,data\sub-48\ses-1\eeg\sub-48_ses-1_task-eyesopen_eeg.set,5489
sub-48,ses-1,eyesopen,0,NS,31,250.0,61,1250,3,61,1250,data\sub-48\ses-1\eeg\sub-48_ses-1_task-eyesopen_eeg.set,5490
sub-48,ses-1,eyesopen,0,NS,32,250.0,61,1250,3,61,1250,data\sub-48\ses-1\eeg\sub-48_ses-1_task-eyesopen_eeg.set,5491
sub-48,ses-1,eyesopen,0,NS,33,250.0,61,1250,3,61,1250,data\sub-48\ses-1\eeg\sub-48_ses-1_task-eyesopen_eeg.set,5492
sub-48,ses-1,eyesopen,0,NS,34,250.0,61,1250,3,61,1250,data\sub-48\ses-1\eeg\sub-48_ses-1_task-eyesopen_eeg.set,5493
sub-48,ses-1,eyesopen,0,NS,35,250.0,61,1250,3,61,1250,data\sub-48\ses-1\eeg\sub-48_ses-1_task-eyesopen_eeg.set,5494
sub-48,ses-1,eyesopen,0,NS,36,250.0,61,1250,3,61,1250,data\sub-48\ses-1\eeg\sub-48_ses-1_task-eyesopen_eeg.set,5495
sub-48,ses-1,eyesopen,0,NS,37,250.0,61,1250,3,61,1250,data\sub-48\ses-1\eeg\sub-48_ses-1_task-eyesopen_eeg.set,5496
sub-48,ses-1,eyesopen,0,NS,38,250.0,61,1250,3,61,1250,data\sub-48\ses-1\eeg\sub-48_ses-1_task-eyesopen_eeg.set,5497
sub-48,ses-1,eyesopen,0,NS,39,250.0,61,1250,3,61,1250,data\sub-48\ses-1\eeg\sub-48_ses-1_task-eyesopen_eeg.set,5498
sub-48,ses-1,eyesopen,0,NS,40,250.0,61,1250,3,61,1250,data\sub-48\ses-1\eeg\sub-48_ses-1_task-eyesopen_eeg.set,5499
sub-48,ses-1,eyesopen,0,NS,41,250.0,61,1250,3,61,1250,data\sub-48\ses-1\eeg\sub-48_ses-1_task-eyesopen_eeg.set,5500
sub-48,ses-1,eyesopen,0,NS,42,250.0,61,1250,3,61,1250,data\sub-48\ses-1\eeg\sub-48_ses-1_task-eyesopen_eeg.set,5501
sub-48,ses-1,eyesopen,0,NS,43,250.0,61,1250,3,61,1250,data\sub-48\ses-1\eeg\sub-48_ses-1_task-eyesopen_eeg.set,5502
sub-48,ses-1,eyesopen,0,NS,44,250.0,61,1250,3,61,1250,data\sub-48\ses-1\eeg\sub-48_ses-1_task-eyesopen_eeg.set,5503
sub-48,ses-1,eyesopen,0,NS,45,250.0,61,1250,3,61,1250,data\sub-48\ses-1\eeg\sub-48_ses-1_task-eyesopen_eeg.set,5504
sub-48,ses-1,eyesopen,0,NS,46,250.0,61,1250,3,61,1250,data\sub-48\ses-1\eeg\sub-48_ses-1_task-eyesopen_eeg.set,5505
sub-48,ses-1,eyesopen,0,NS,47,250.0,61,1250,3,61,1250,data\sub-48\ses-1\eeg\sub-48_ses-1_task-eyesopen_eeg.set,5506
sub-48,ses-1,eyesopen,0,NS,48,250.0,61,1250,3,61,1250,data\sub-48\ses-1\eeg\sub-48_ses-1_task-eyesopen_eeg.set,5507
sub-48,ses-1,eyesopen,0,NS,49,250.0,61,1250,3,61,1250,data\sub-48\ses-1\eeg\sub-48_ses-1_task-eyesopen_eeg.set,5508
sub-48,ses-1,eyesopen,0,NS,50,250.0,61,1250,3,61,1250,data\sub-48\ses-1\eeg\sub-48_ses-1_task-eyesopen_eeg.set,5509
sub-48,ses-1,eyesopen,0,NS,51,250.0,61,1250,3,61,1250,data\sub-48\ses-1\eeg\sub-48_ses-1_task-eyesopen_eeg.set,5510
sub-48,ses-1,eyesopen,0,NS,52,250.0,61,1250,3,61,1250,data\sub-48\ses-1\eeg\sub-48_ses-1_task-eyesopen_eeg.set,5511
sub-48,ses-1,eyesopen,0,NS,53,250.0,61,1250,3,61,1250,data\sub-48\ses-1\eeg\sub-48_ses-1_task-eyesopen_eeg.set,5512
sub-48,ses-1,eyesopen,0,NS,54,250.0,61,1250,3,61,1250,data\sub-48\ses-1\eeg\sub-48_ses-1_task-eyesopen_eeg.set,5513
sub-48,ses-1,eyesopen,0,NS,55,250.0,61,1250,3,61,1250,data\sub-48\ses-1\eeg\sub-48_ses-1_task-eyesopen_eeg.set,5514
sub-48,ses-1,eyesopen,0,NS,56,250.0,61,1250,3,61,1250,data\sub-48\ses-1\eeg\sub-48_ses-1_task-eyesopen_eeg.set,5515
sub-48,ses-1,eyesopen,0,NS,57,250.0,61,1250,3,61,1250,data\sub-48\ses-1\eeg\sub-48_ses-1_task-eyesopen_eeg.set,5516
sub-48,ses-1,eyesopen,0,NS,58,250.0,61,1250,3,61,1250,data\sub-48\ses-1\eeg\sub-48_ses-1_task-eyesopen_eeg.set,5517
sub-48,ses-1,eyesopen,0,NS,59,250.0,61,1250,3,61,1250,data\sub-48\ses-1\eeg\sub-48_ses-1_task-eyesopen_eeg.set,5518
sub-48,ses-2,eyesopen,1,SD,0,250.0,61,1250,3,61,1250,data\sub-48\ses-2\eeg\sub-48_ses-2_task-eyesopen_eeg.set,5519
sub-48,ses-2,eyesopen,1,SD,1,250.0,61,1250,3,61,1250,data\sub-48\ses-2\eeg\sub-48_ses-2_task-eyesopen_eeg.set,5520
sub-48,ses-2,eyesopen,1,SD,2,250.0,61,1250,3,61,1250,data\sub-48\ses-2\eeg\sub-48_ses-2_task-eyesopen_eeg.set,5521
sub-48,ses-2,eyesopen,1,SD,3,250.0,61,1250,3,61,1250,data\sub-48\ses-2\eeg\sub-48_ses-2_task-eyesopen_eeg.set,5522
sub-48,ses-2,eyesopen,1,SD,4,250.0,61,1250,3,61,1250,data\sub-48\ses-2\eeg\sub-48_ses-2_task-eyesopen_eeg.set,5523
sub-48,ses-2,eyesopen,1,SD,5,250.0,61,1250,3,61,1250,data\sub-48\ses-2\eeg\sub-48_ses-2_task-eyesopen_eeg.set,5524
sub-48,ses-2,eyesopen,1,SD,6,250.0,61,1250,3,61,1250,data\sub-48\ses-2\eeg\sub-48_ses-2_task-eyesopen_eeg.set,5525
sub-48,ses-2,eyesopen,1,SD,7,250.0,61,1250,3,61,1250,data\sub-48\ses-2\eeg\sub-48_ses-2_task-eyesopen_eeg.set,5526
sub-48,ses-2,eyesopen,1,SD,8,250.0,61,1250,3,61,1250,data\sub-48\ses-2\eeg\sub-48_ses-2_task-eyesopen_eeg.set,5527
sub-48,ses-2,eyesopen,1,SD,9,250.0,61,1250,3,61,1250,data\sub-48\ses-2\eeg\sub-48_ses-2_task-eyesopen_eeg.set,5528
sub-48,ses-2,eyesopen,1,SD,10,250.0,61,1250,3,61,1250,data\sub-48\ses-2\eeg\sub-48_ses-2_task-eyesopen_eeg.set,5529
sub-48,ses-2,eyesopen,1,SD,11,250.0,61,1250,3,61,1250,data\sub-48\ses-2\eeg\sub-48_ses-2_task-eyesopen_eeg.set,5530
sub-48,ses-2,eyesopen,1,SD,12,250.0,61,1250,3,61,1250,data\sub-48\ses-2\eeg\sub-48_ses-2_task-eyesopen_eeg.set,5531
sub-48,ses-2,eyesopen,1,SD,13,250.0,61,1250,3,61,1250,data\sub-48\ses-2\eeg\sub-48_ses-2_task-eyesopen_eeg.set,5532
sub-48,ses-2,eyesopen,1,SD,14,250.0,61,1250,3,61,1250,data\sub-48\ses-2\eeg\sub-48_ses-2_task-eyesopen_eeg.set,5533
sub-48,ses-2,eyesopen,1,SD,15,250.0,61,1250,3,61,1250,data\sub-48\ses-2\eeg\sub-48_ses-2_task-eyesopen_eeg.set,5534
sub-48,ses-2,eyesopen,1,SD,16,250.0,61,1250,3,61,1250,data\sub-48\ses-2\eeg\sub-48_ses-2_task-eyesopen_eeg.set,5535
sub-48,ses-2,eyesopen,1,SD,17,250.0,61,1250,3,61,1250,data\sub-48\ses-2\eeg\sub-48_ses-2_task-eyesopen_eeg.set,5536
sub-48,ses-2,eyesopen,1,SD,18,250.0,61,1250,3,61,1250,data\sub-48\ses-2\eeg\sub-48_ses-2_task-eyesopen_eeg.set,5537
sub-48,ses-2,eyesopen,1,SD,19,250.0,61,1250,3,61,1250,data\sub-48\ses-2\eeg\sub-48_ses-2_task-eyesopen_eeg.set,5538
sub-48,ses-2,eyesopen,1,SD,20,250.0,61,1250,3,61,1250,data\sub-48\ses-2\eeg\sub-48_ses-2_task-eyesopen_eeg.set,5539
sub-48,ses-2,eyesopen,1,SD,21,250.0,61,1250,3,61,1250,data\sub-48\ses-2\eeg\sub-48_ses-2_task-eyesopen_eeg.set,5540
sub-48,ses-2,eyesopen,1,SD,22,250.0,61,1250,3,61,1250,data\sub-48\ses-2\eeg\sub-48_ses-2_task-eyesopen_eeg.set,5541
sub-48,ses-2,eyesopen,1,SD,23,250.0,61,1250,3,61,1250,data\sub-48\ses-2\eeg\sub-48_ses-2_task-eyesopen_eeg.set,5542
sub-48,ses-2,eyesopen,1,SD,24,250.0,61,1250,3,61,1250,data\sub-48\ses-2\eeg\sub-48_ses-2_task-eyesopen_eeg.set,5543
sub-48,ses-2,eyesopen,1,SD,25,250.0,61,1250,3,61,1250,data\sub-48\ses-2\eeg\sub-48_ses-2_task-eyesopen_eeg.set,5544
sub-48,ses-2,eyesopen,1,SD,26,250.0,61,1250,3,61,1250,data\sub-48\ses-2\eeg\sub-48_ses-2_task-eyesopen_eeg.set,5545
sub-48,ses-2,eyesopen,1,SD,27,250.0,61,1250,3,61,1250,data\sub-48\ses-2\eeg\sub-48_ses-2_task-eyesopen_eeg.set,5546
sub-48,ses-2,eyesopen,1,SD,28,250.0,61,1250,3,61,1250,data\sub-48\ses-2\eeg\sub-48_ses-2_task-eyesopen_eeg.set,5547
sub-48,ses-2,eyesopen,1,SD,29,250.0,61,1250,3,61,1250,data\sub-48\ses-2\eeg\sub-48_ses-2_task-eyesopen_eeg.set,5548
sub-48,ses-2,eyesopen,1,SD,30,250.0,61,1250,3,61,1250,data\sub-48\ses-2\eeg\sub-48_ses-2_task-eyesopen_eeg.set,5549
sub-48,ses-2,eyesopen,1,SD,31,250.0,61,1250,3,61,1250,data\sub-48\ses-2\eeg\sub-48_ses-2_task-eyesopen_eeg.set,5550
sub-48,ses-2,eyesopen,1,SD,32,250.0,61,1250,3,61,1250,data\sub-48\ses-2\eeg\sub-48_ses-2_task-eyesopen_eeg.set,5551
sub-48,ses-2,eyesopen,1,SD,33,250.0,61,1250,3,61,1250,data\sub-48\ses-2\eeg\sub-48_ses-2_task-eyesopen_eeg.set,5552
sub-48,ses-2,eyesopen,1,SD,34,250.0,61,1250,3,61,1250,data\sub-48\ses-2\eeg\sub-48_ses-2_task-eyesopen_eeg.set,5553
sub-48,ses-2,eyesopen,1,SD,35,250.0,61,1250,3,61,1250,data\sub-48\ses-2\eeg\sub-48_ses-2_task-eyesopen_eeg.set,5554
sub-48,ses-2,eyesopen,1,SD,36,250.0,61,1250,3,61,1250,data\sub-48\ses-2\eeg\sub-48_ses-2_task-eyesopen_eeg.set,5555
sub-48,ses-2,eyesopen,1,SD,37,250.0,61,1250,3,61,1250,data\sub-48\ses-2\eeg\sub-48_ses-2_task-eyesopen_eeg.set,5556
sub-48,ses-2,eyesopen,1,SD,38,250.0,61,1250,3,61,1250,data\sub-48\ses-2\eeg\sub-48_ses-2_task-eyesopen_eeg.set,5557
sub-48,ses-2,eyesopen,1,SD,39,250.0,61,1250,3,61,1250,data\sub-48\ses-2\eeg\sub-48_ses-2_task-eyesopen_eeg.set,5558
sub-48,ses-2,eyesopen,1,SD,40,250.0,61,1250,3,61,1250,data\sub-48\ses-2\eeg\sub-48_ses-2_task-eyesopen_eeg.set,5559
sub-48,ses-2,eyesopen,1,SD,41,250.0,61,1250,3,61,1250,data\sub-48\ses-2\eeg\sub-48_ses-2_task-eyesopen_eeg.set,5560
sub-48,ses-2,eyesopen,1,SD,42,250.0,61,1250,3,61,1250,data\sub-48\ses-2\eeg\sub-48_ses-2_task-eyesopen_eeg.set,5561
sub-48,ses-2,eyesopen,1,SD,43,250.0,61,1250,3,61,1250,data\sub-48\ses-2\eeg\sub-48_ses-2_task-eyesopen_eeg.set,5562
sub-48,ses-2,eyesopen,1,SD,44,250.0,61,1250,3,61,1250,data\sub-48\ses-2\eeg\sub-48_ses-2_task-eyesopen_eeg.set,5563
sub-48,ses-2,eyesopen,1,SD,45,250.0,61,1250,3,61,1250,data\sub-48\ses-2\eeg\sub-48_ses-2_task-eyesopen_eeg.set,5564
sub-48,ses-2,eyesopen,1,SD,46,250.0,61,1250,3,61,1250,data\sub-48\ses-2\eeg\sub-48_ses-2_task-eyesopen_eeg.set,5565
sub-48,ses-2,eyesopen,1,SD,47,250.0,61,1250,3,61,1250,data\sub-48\ses-2\eeg\sub-48_ses-2_task-eyesopen_eeg.set,5566
sub-48,ses-2,eyesopen,1,SD,48,250.0,61,1250,3,61,1250,data\sub-48\ses-2\eeg\sub-48_ses-2_task-eyesopen_eeg.set,5567
sub-48,ses-2,eyesopen,1,SD,49,250.0,61,1250,3,61,1250,data\sub-48\ses-2\eeg\sub-48_ses-2_task-eyesopen_eeg.set,5568
sub-48,ses-2,eyesopen,1,SD,50,250.0,61,1250,3,61,1250,data\sub-48\ses-2\eeg\sub-48_ses-2_task-eyesopen_eeg.set,5569
sub-48,ses-2,eyesopen,1,SD,51,250.0,61,1250,3,61,1250,data\sub-48\ses-2\eeg\sub-48_ses-2_task-eyesopen_eeg.set,5570
sub-48,ses-2,eyesopen,1,SD,52,250.0,61,1250,3,61,1250,data\sub-48\ses-2\eeg\sub-48_ses-2_task-eyesopen_eeg.set,5571
sub-48,ses-2,eyesopen,1,SD,53,250.0,61,1250,3,61,1250,data\sub-48\ses-2\eeg\sub-48_ses-2_task-eyesopen_eeg.set,5572
sub-48,ses-2,eyesopen,1,SD,54,250.0,61,1250,3,61,1250,data\sub-48\ses-2\eeg\sub-48_ses-2_task-eyesopen_eeg.set,5573
sub-48,ses-2,eyesopen,1,SD,55,250.0,61,1250,3,61,1250,data\sub-48\ses-2\eeg\sub-48_ses-2_task-eyesopen_eeg.set,5574
sub-48,ses-2,eyesopen,1,SD,56,250.0,61,1250,3,61,1250,data\sub-48\ses-2\eeg\sub-48_ses-2_task-eyesopen_eeg.set,5575
sub-48,ses-2,eyesopen,1,SD,57,250.0,61,1250,3,61,1250,data\sub-48\ses-2\eeg\sub-48_ses-2_task-eyesopen_eeg.set,5576
sub-48,ses-2,eyesopen,1,SD,58,250.0,61,1250,3,61,1250,data\sub-48\ses-2\eeg\sub-48_ses-2_task-eyesopen_eeg.set,5577
sub-48,ses-2,eyesopen,1,SD,59,250.0,61,1250,3,61,1250,data\sub-48\ses-2\eeg\sub-48_ses-2_task-eyesopen_eeg.set,5578
sub-49,ses-1,eyesopen,0,NS,0,250.0,61,1250,3,61,1250,data\sub-49\ses-1\eeg\sub-49_ses-1_task-eyesopen_eeg.set,5579
sub-49,ses-1,eyesopen,0,NS,1,250.0,61,1250,3,61,1250,data\sub-49\ses-1\eeg\sub-49_ses-1_task-eyesopen_eeg.set,5580
sub-49,ses-1,eyesopen,0,NS,2,250.0,61,1250,3,61,1250,data\sub-49\ses-1\eeg\sub-49_ses-1_task-eyesopen_eeg.set,5581
sub-49,ses-1,eyesopen,0,NS,3,250.0,61,1250,3,61,1250,data\sub-49\ses-1\eeg\sub-49_ses-1_task-eyesopen_eeg.set,5582
sub-49,ses-1,eyesopen,0,NS,4,250.0,61,1250,3,61,1250,data\sub-49\ses-1\eeg\sub-49_ses-1_task-eyesopen_eeg.set,5583
sub-49,ses-1,eyesopen,0,NS,5,250.0,61,1250,3,61,1250,data\sub-49\ses-1\eeg\sub-49_ses-1_task-eyesopen_eeg.set,5584
sub-49,ses-1,eyesopen,0,NS,6,250.0,61,1250,3,61,1250,data\sub-49\ses-1\eeg\sub-49_ses-1_task-eyesopen_eeg.set,5585
sub-49,ses-1,eyesopen,0,NS,7,250.0,61,1250,3,61,1250,data\sub-49\ses-1\eeg\sub-49_ses-1_task-eyesopen_eeg.set,5586
sub-49,ses-1,eyesopen,0,NS,8,250.0,61,1250,3,61,1250,data\sub-49\ses-1\eeg\sub-49_ses-1_task-eyesopen_eeg.set,5587
sub-49,ses-1,eyesopen,0,NS,9,250.0,61,1250,3,61,1250,data\sub-49\ses-1\eeg\sub-49_ses-1_task-eyesopen_eeg.set,5588
sub-49,ses-1,eyesopen,0,NS,10,250.0,61,1250,3,61,1250,data\sub-49\ses-1\eeg\sub-49_ses-1_task-eyesopen_eeg.set,5589
sub-49,ses-1,eyesopen,0,NS,11,250.0,61,1250,3,61,1250,data\sub-49\ses-1\eeg\sub-49_ses-1_task-eyesopen_eeg.set,5590
sub-49,ses-1,eyesopen,0,NS,12,250.0,61,1250,3,61,1250,data\sub-49\ses-1\eeg\sub-49_ses-1_task-eyesopen_eeg.set,5591
sub-49,ses-1,eyesopen,0,NS,13,250.0,61,1250,3,61,1250,data\sub-49\ses-1\eeg\sub-49_ses-1_task-eyesopen_eeg.set,5592
sub-49,ses-1,eyesopen,0,NS,14,250.0,61,1250,3,61,1250,data\sub-49\ses-1\eeg\sub-49_ses-1_task-eyesopen_eeg.set,5593
sub-49,ses-1,eyesopen,0,NS,15,250.0,61,1250,3,61,1250,data\sub-49\ses-1\eeg\sub-49_ses-1_task-eyesopen_eeg.set,5594
sub-49,ses-1,eyesopen,0,NS,16,250.0,61,1250,3,61,1250,data\sub-49\ses-1\eeg\sub-49_ses-1_task-eyesopen_eeg.set,5595
sub-49,ses-1,eyesopen,0,NS,17,250.0,61,1250,3,61,1250,data\sub-49\ses-1\eeg\sub-49_ses-1_task-eyesopen_eeg.set,5596
sub-49,ses-1,eyesopen,0,NS,18,250.0,61,1250,3,61,1250,data\sub-49\ses-1\eeg\sub-49_ses-1_task-eyesopen_eeg.set,5597
sub-49,ses-1,eyesopen,0,NS,19,250.0,61,1250,3,61,1250,data\sub-49\ses-1\eeg\sub-49_ses-1_task-eyesopen_eeg.set,5598
sub-49,ses-1,eyesopen,0,NS,20,250.0,61,1250,3,61,1250,data\sub-49\ses-1\eeg\sub-49_ses-1_task-eyesopen_eeg.set,5599
sub-49,ses-1,eyesopen,0,NS,21,250.0,61,1250,3,61,1250,data\sub-49\ses-1\eeg\sub-49_ses-1_task-eyesopen_eeg.set,5600
sub-49,ses-1,eyesopen,0,NS,22,250.0,61,1250,3,61,1250,data\sub-49\ses-1\eeg\sub-49_ses-1_task-eyesopen_eeg.set,5601
sub-49,ses-1,eyesopen,0,NS,23,250.0,61,1250,3,61,1250,data\sub-49\ses-1\eeg\sub-49_ses-1_task-eyesopen_eeg.set,5602
sub-49,ses-1,eyesopen,0,NS,24,250.0,61,1250,3,61,1250,data\sub-49\ses-1\eeg\sub-49_ses-1_task-eyesopen_eeg.set,5603
sub-49,ses-1,eyesopen,0,NS,25,250.0,61,1250,3,61,1250,data\sub-49\ses-1\eeg\sub-49_ses-1_task-eyesopen_eeg.set,5604
sub-49,ses-1,eyesopen,0,NS,26,250.0,61,1250,3,61,1250,data\sub-49\ses-1\eeg\sub-49_ses-1_task-eyesopen_eeg.set,5605
sub-49,ses-1,eyesopen,0,NS,27,250.0,61,1250,3,61,1250,data\sub-49\ses-1\eeg\sub-49_ses-1_task-eyesopen_eeg.set,5606
sub-49,ses-1,eyesopen,0,NS,28,250.0,61,1250,3,61,1250,data\sub-49\ses-1\eeg\sub-49_ses-1_task-eyesopen_eeg.set,5607
sub-49,ses-1,eyesopen,0,NS,29,250.0,61,1250,3,61,1250,data\sub-49\ses-1\eeg\sub-49_ses-1_task-eyesopen_eeg.set,5608
sub-49,ses-1,eyesopen,0,NS,30,250.0,61,1250,3,61,1250,data\sub-49\ses-1\eeg\sub-49_ses-1_task-eyesopen_eeg.set,5609
sub-49,ses-1,eyesopen,0,NS,31,250.0,61,1250,3,61,1250,data\sub-49\ses-1\eeg\sub-49_ses-1_task-eyesopen_eeg.set,5610
sub-49,ses-1,eyesopen,0,NS,32,250.0,61,1250,3,61,1250,data\sub-49\ses-1\eeg\sub-49_ses-1_task-eyesopen_eeg.set,5611
sub-49,ses-1,eyesopen,0,NS,33,250.0,61,1250,3,61,1250,data\sub-49\ses-1\eeg\sub-49_ses-1_task-eyesopen_eeg.set,5612
sub-49,ses-1,eyesopen,0,NS,34,250.0,61,1250,3,61,1250,data\sub-49\ses-1\eeg\sub-49_ses-1_task-eyesopen_eeg.set,5613
sub-49,ses-1,eyesopen,0,NS,35,250.0,61,1250,3,61,1250,data\sub-49\ses-1\eeg\sub-49_ses-1_task-eyesopen_eeg.set,5614
sub-49,ses-1,eyesopen,0,NS,36,250.0,61,1250,3,61,1250,data\sub-49\ses-1\eeg\sub-49_ses-1_task-eyesopen_eeg.set,5615
sub-49,ses-1,eyesopen,0,NS,37,250.0,61,1250,3,61,1250,data\sub-49\ses-1\eeg\sub-49_ses-1_task-eyesopen_eeg.set,5616
sub-49,ses-1,eyesopen,0,NS,38,250.0,61,1250,3,61,1250,data\sub-49\ses-1\eeg\sub-49_ses-1_task-eyesopen_eeg.set,5617
sub-49,ses-1,eyesopen,0,NS,39,250.0,61,1250,3,61,1250,data\sub-49\ses-1\eeg\sub-49_ses-1_task-eyesopen_eeg.set,5618
sub-49,ses-1,eyesopen,0,NS,40,250.0,61,1250,3,61,1250,data\sub-49\ses-1\eeg\sub-49_ses-1_task-eyesopen_eeg.set,5619
sub-49,ses-1,eyesopen,0,NS,41,250.0,61,1250,3,61,1250,data\sub-49\ses-1\eeg\sub-49_ses-1_task-eyesopen_eeg.set,5620
sub-49,ses-1,eyesopen,0,NS,42,250.0,61,1250,3,61,1250,data\sub-49\ses-1\eeg\sub-49_ses-1_task-eyesopen_eeg.set,5621
sub-49,ses-1,eyesopen,0,NS,43,250.0,61,1250,3,61,1250,data\sub-49\ses-1\eeg\sub-49_ses-1_task-eyesopen_eeg.set,5622
sub-49,ses-1,eyesopen,0,NS,44,250.0,61,1250,3,61,1250,data\sub-49\ses-1\eeg\sub-49_ses-1_task-eyesopen_eeg.set,5623
sub-49,ses-1,eyesopen,0,NS,45,250.0,61,1250,3,61,1250,data\sub-49\ses-1\eeg\sub-49_ses-1_task-eyesopen_eeg.set,5624
sub-49,ses-1,eyesopen,0,NS,46,250.0,61,1250,3,61,1250,data\sub-49\ses-1\eeg\sub-49_ses-1_task-eyesopen_eeg.set,5625
sub-49,ses-1,eyesopen,0,NS,47,250.0,61,1250,3,61,1250,data\sub-49\ses-1\eeg\sub-49_ses-1_task-eyesopen_eeg.set,5626
sub-49,ses-1,eyesopen,0,NS,48,250.0,61,1250,3,61,1250,data\sub-49\ses-1\eeg\sub-49_ses-1_task-eyesopen_eeg.set,5627
sub-49,ses-1,eyesopen,0,NS,49,250.0,61,1250,3,61,1250,data\sub-49\ses-1\eeg\sub-49_ses-1_task-eyesopen_eeg.set,5628
sub-49,ses-1,eyesopen,0,NS,50,250.0,61,1250,3,61,1250,data\sub-49\ses-1\eeg\sub-49_ses-1_task-eyesopen_eeg.set,5629
sub-49,ses-1,eyesopen,0,NS,51,250.0,61,1250,3,61,1250,data\sub-49\ses-1\eeg\sub-49_ses-1_task-eyesopen_eeg.set,5630
sub-49,ses-1,eyesopen,0,NS,52,250.0,61,1250,3,61,1250,data\sub-49\ses-1\eeg\sub-49_ses-1_task-eyesopen_eeg.set,5631
sub-49,ses-1,eyesopen,0,NS,53,250.0,61,1250,3,61,1250,data\sub-49\ses-1\eeg\sub-49_ses-1_task-eyesopen_eeg.set,5632
sub-49,ses-1,eyesopen,0,NS,54,250.0,61,1250,3,61,1250,data\sub-49\ses-1\eeg\sub-49_ses-1_task-eyesopen_eeg.set,5633
sub-49,ses-1,eyesopen,0,NS,55,250.0,61,1250,3,61,1250,data\sub-49\ses-1\eeg\sub-49_ses-1_task-eyesopen_eeg.set,5634
sub-49,ses-1,eyesopen,0,NS,56,250.0,61,1250,3,61,1250,data\sub-49\ses-1\eeg\sub-49_ses-1_task-eyesopen_eeg.set,5635
sub-49,ses-1,eyesopen,0,NS,57,250.0,61,1250,3,61,1250,data\sub-49\ses-1\eeg\sub-49_ses-1_task-eyesopen_eeg.set,5636
sub-49,ses-1,eyesopen,0,NS,58,250.0,61,1250,3,61,1250,data\sub-49\ses-1\eeg\sub-49_ses-1_task-eyesopen_eeg.set,5637
sub-49,ses-1,eyesopen,0,NS,59,250.0,61,1250,3,61,1250,data\sub-49\ses-1\eeg\sub-49_ses-1_task-eyesopen_eeg.set,5638
sub-49,ses-2,eyesopen,1,SD,0,250.0,61,1250,3,61,1250,data\sub-49\ses-2\eeg\sub-49_ses-2_task-eyesopen_eeg.set,5639
sub-49,ses-2,eyesopen,1,SD,1,250.0,61,1250,3,61,1250,data\sub-49\ses-2\eeg\sub-49_ses-2_task-eyesopen_eeg.set,5640
sub-49,ses-2,eyesopen,1,SD,2,250.0,61,1250,3,61,1250,data\sub-49\ses-2\eeg\sub-49_ses-2_task-eyesopen_eeg.set,5641
sub-49,ses-2,eyesopen,1,SD,3,250.0,61,1250,3,61,1250,data\sub-49\ses-2\eeg\sub-49_ses-2_task-eyesopen_eeg.set,5642
sub-49,ses-2,eyesopen,1,SD,4,250.0,61,1250,3,61,1250,data\sub-49\ses-2\eeg\sub-49_ses-2_task-eyesopen_eeg.set,5643
sub-49,ses-2,eyesopen,1,SD,5,250.0,61,1250,3,61,1250,data\sub-49\ses-2\eeg\sub-49_ses-2_task-eyesopen_eeg.set,5644
sub-49,ses-2,eyesopen,1,SD,6,250.0,61,1250,3,61,1250,data\sub-49\ses-2\eeg\sub-49_ses-2_task-eyesopen_eeg.set,5645
sub-49,ses-2,eyesopen,1,SD,7,250.0,61,1250,3,61,1250,data\sub-49\ses-2\eeg\sub-49_ses-2_task-eyesopen_eeg.set,5646
sub-49,ses-2,eyesopen,1,SD,8,250.0,61,1250,3,61,1250,data\sub-49\ses-2\eeg\sub-49_ses-2_task-eyesopen_eeg.set,5647
sub-49,ses-2,eyesopen,1,SD,9,250.0,61,1250,3,61,1250,data\sub-49\ses-2\eeg\sub-49_ses-2_task-eyesopen_eeg.set,5648
sub-49,ses-2,eyesopen,1,SD,10,250.0,61,1250,3,61,1250,data\sub-49\ses-2\eeg\sub-49_ses-2_task-eyesopen_eeg.set,5649
sub-49,ses-2,eyesopen,1,SD,11,250.0,61,1250,3,61,1250,data\sub-49\ses-2\eeg\sub-49_ses-2_task-eyesopen_eeg.set,5650
sub-49,ses-2,eyesopen,1,SD,12,250.0,61,1250,3,61,1250,data\sub-49\ses-2\eeg\sub-49_ses-2_task-eyesopen_eeg.set,5651
sub-49,ses-2,eyesopen,1,SD,13,250.0,61,1250,3,61,1250,data\sub-49\ses-2\eeg\sub-49_ses-2_task-eyesopen_eeg.set,5652
sub-49,ses-2,eyesopen,1,SD,14,250.0,61,1250,3,61,1250,data\sub-49\ses-2\eeg\sub-49_ses-2_task-eyesopen_eeg.set,5653
sub-49,ses-2,eyesopen,1,SD,15,250.0,61,1250,3,61,1250,data\sub-49\ses-2\eeg\sub-49_ses-2_task-eyesopen_eeg.set,5654
sub-49,ses-2,eyesopen,1,SD,16,250.0,61,1250,3,61,1250,data\sub-49\ses-2\eeg\sub-49_ses-2_task-eyesopen_eeg.set,5655
sub-49,ses-2,eyesopen,1,SD,17,250.0,61,1250,3,61,1250,data\sub-49\ses-2\eeg\sub-49_ses-2_task-eyesopen_eeg.set,5656
sub-49,ses-2,eyesopen,1,SD,18,250.0,61,1250,3,61,1250,data\sub-49\ses-2\eeg\sub-49_ses-2_task-eyesopen_eeg.set,5657
sub-49,ses-2,eyesopen,1,SD,19,250.0,61,1250,3,61,1250,data\sub-49\ses-2\eeg\sub-49_ses-2_task-eyesopen_eeg.set,5658
sub-49,ses-2,eyesopen,1,SD,20,250.0,61,1250,3,61,1250,data\sub-49\ses-2\eeg\sub-49_ses-2_task-eyesopen_eeg.set,5659
sub-49,ses-2,eyesopen,1,SD,21,250.0,61,1250,3,61,1250,data\sub-49\ses-2\eeg\sub-49_ses-2_task-eyesopen_eeg.set,5660
sub-49,ses-2,eyesopen,1,SD,22,250.0,61,1250,3,61,1250,data\sub-49\ses-2\eeg\sub-49_ses-2_task-eyesopen_eeg.set,5661
sub-49,ses-2,eyesopen,1,SD,23,250.0,61,1250,3,61,1250,data\sub-49\ses-2\eeg\sub-49_ses-2_task-eyesopen_eeg.set,5662
sub-49,ses-2,eyesopen,1,SD,24,250.0,61,1250,3,61,1250,data\sub-49\ses-2\eeg\sub-49_ses-2_task-eyesopen_eeg.set,5663
sub-49,ses-2,eyesopen,1,SD,25,250.0,61,1250,3,61,1250,data\sub-49\ses-2\eeg\sub-49_ses-2_task-eyesopen_eeg.set,5664
sub-49,ses-2,eyesopen,1,SD,26,250.0,61,1250,3,61,1250,data\sub-49\ses-2\eeg\sub-49_ses-2_task-eyesopen_eeg.set,5665
sub-49,ses-2,eyesopen,1,SD,27,250.0,61,1250,3,61,1250,data\sub-49\ses-2\eeg\sub-49_ses-2_task-eyesopen_eeg.set,5666
sub-49,ses-2,eyesopen,1,SD,28,250.0,61,1250,3,61,1250,data\sub-49\ses-2\eeg\sub-49_ses-2_task-eyesopen_eeg.set,5667
sub-49,ses-2,eyesopen,1,SD,29,250.0,61,1250,3,61,1250,data\sub-49\ses-2\eeg\sub-49_ses-2_task-eyesopen_eeg.set,5668
sub-49,ses-2,eyesopen,1,SD,30,250.0,61,1250,3,61,1250,data\sub-49\ses-2\eeg\sub-49_ses-2_task-eyesopen_eeg.set,5669
sub-49,ses-2,eyesopen,1,SD,31,250.0,61,1250,3,61,1250,data\sub-49\ses-2\eeg\sub-49_ses-2_task-eyesopen_eeg.set,5670
sub-49,ses-2,eyesopen,1,SD,32,250.0,61,1250,3,61,1250,data\sub-49\ses-2\eeg\sub-49_ses-2_task-eyesopen_eeg.set,5671
sub-49,ses-2,eyesopen,1,SD,33,250.0,61,1250,3,61,1250,data\sub-49\ses-2\eeg\sub-49_ses-2_task-eyesopen_eeg.set,5672
sub-49,ses-2,eyesopen,1,SD,34,250.0,61,1250,3,61,1250,data\sub-49\ses-2\eeg\sub-49_ses-2_task-eyesopen_eeg.set,5673
sub-49,ses-2,eyesopen,1,SD,35,250.0,61,1250,3,61,1250,data\sub-49\ses-2\eeg\sub-49_ses-2_task-eyesopen_eeg.set,5674
sub-49,ses-2,eyesopen,1,SD,36,250.0,61,1250,3,61,1250,data\sub-49\ses-2\eeg\sub-49_ses-2_task-eyesopen_eeg.set,5675
sub-49,ses-2,eyesopen,1,SD,37,250.0,61,1250,3,61,1250,data\sub-49\ses-2\eeg\sub-49_ses-2_task-eyesopen_eeg.set,5676
sub-49,ses-2,eyesopen,1,SD,38,250.0,61,1250,3,61,1250,data\sub-49\ses-2\eeg\sub-49_ses-2_task-eyesopen_eeg.set,5677
sub-49,ses-2,eyesopen,1,SD,39,250.0,61,1250,3,61,1250,data\sub-49\ses-2\eeg\sub-49_ses-2_task-eyesopen_eeg.set,5678
sub-49,ses-2,eyesopen,1,SD,40,250.0,61,1250,3,61,1250,data\sub-49\ses-2\eeg\sub-49_ses-2_task-eyesopen_eeg.set,5679
sub-49,ses-2,eyesopen,1,SD,41,250.0,61,1250,3,61,1250,data\sub-49\ses-2\eeg\sub-49_ses-2_task-eyesopen_eeg.set,5680
sub-49,ses-2,eyesopen,1,SD,42,250.0,61,1250,3,61,1250,data\sub-49\ses-2\eeg\sub-49_ses-2_task-eyesopen_eeg.set,5681
sub-49,ses-2,eyesopen,1,SD,43,250.0,61,1250,3,61,1250,data\sub-49\ses-2\eeg\sub-49_ses-2_task-eyesopen_eeg.set,5682
sub-49,ses-2,eyesopen,1,SD,44,250.0,61,1250,3,61,1250,data\sub-49\ses-2\eeg\sub-49_ses-2_task-eyesopen_eeg.set,5683
sub-49,ses-2,eyesopen,1,SD,45,250.0,61,1250,3,61,1250,data\sub-49\ses-2\eeg\sub-49_ses-2_task-eyesopen_eeg.set,5684
sub-49,ses-2,eyesopen,1,SD,46,250.0,61,1250,3,61,1250,data\sub-49\ses-2\eeg\sub-49_ses-2_task-eyesopen_eeg.set,5685
sub-49,ses-2,eyesopen,1,SD,47,250.0,61,1250,3,61,1250,data\sub-49\ses-2\eeg\sub-49_ses-2_task-eyesopen_eeg.set,5686
sub-49,ses-2,eyesopen,1,SD,48,250.0,61,1250,3,61,1250,data\sub-49\ses-2\eeg\sub-49_ses-2_task-eyesopen_eeg.set,5687
sub-49,ses-2,eyesopen,1,SD,49,250.0,61,1250,3,61,1250,data\sub-49\ses-2\eeg\sub-49_ses-2_task-eyesopen_eeg.set,5688
sub-49,ses-2,eyesopen,1,SD,50,250.0,61,1250,3,61,1250,data\sub-49\ses-2\eeg\sub-49_ses-2_task-eyesopen_eeg.set,5689
sub-49,ses-2,eyesopen,1,SD,51,250.0,61,1250,3,61,1250,data\sub-49\ses-2\eeg\sub-49_ses-2_task-eyesopen_eeg.set,5690
sub-49,ses-2,eyesopen,1,SD,52,250.0,61,1250,3,61,1250,data\sub-49\ses-2\eeg\sub-49_ses-2_task-eyesopen_eeg.set,5691
sub-49,ses-2,eyesopen,1,SD,53,250.0,61,1250,3,61,1250,data\sub-49\ses-2\eeg\sub-49_ses-2_task-eyesopen_eeg.set,5692
sub-49,ses-2,eyesopen,1,SD,54,250.0,61,1250,3,61,1250,data\sub-49\ses-2\eeg\sub-49_ses-2_task-eyesopen_eeg.set,5693
sub-49,ses-2,eyesopen,1,SD,55,250.0,61,1250,3,61,1250,data\sub-49\ses-2\eeg\sub-49_ses-2_task-eyesopen_eeg.set,5694
sub-49,ses-2,eyesopen,1,SD,56,250.0,61,1250,3,61,1250,data\sub-49\ses-2\eeg\sub-49_ses-2_task-eyesopen_eeg.set,5695
sub-49,ses-2,eyesopen,1,SD,57,250.0,61,1250,3,61,1250,data\sub-49\ses-2\eeg\sub-49_ses-2_task-eyesopen_eeg.set,5696
sub-49,ses-2,eyesopen,1,SD,58,250.0,61,1250,3,61,1250,data\sub-49\ses-2\eeg\sub-49_ses-2_task-eyesopen_eeg.set,5697
sub-49,ses-2,eyesopen,1,SD,59,250.0,61,1250,3,61,1250,data\sub-49\ses-2\eeg\sub-49_ses-2_task-eyesopen_eeg.set,5698
sub-51,ses-1,eyesopen,0,NS,0,250.0,61,1250,3,61,1250,data\sub-51\ses-1\eeg\sub-51_ses-1_task-eyesopen_eeg.set,5819
sub-51,ses-1,eyesopen,0,NS,1,250.0,61,1250,3,61,1250,data\sub-51\ses-1\eeg\sub-51_ses-1_task-eyesopen_eeg.set,5820
sub-51,ses-1,eyesopen,0,NS,2,250.0,61,1250,3,61,1250,data\sub-51\ses-1\eeg\sub-51_ses-1_task-eyesopen_eeg.set,5821
sub-51,ses-1,eyesopen,0,NS,3,250.0,61,1250,3,61,1250,data\sub-51\ses-1\eeg\sub-51_ses-1_task-eyesopen_eeg.set,5822
sub-51,ses-1,eyesopen,0,NS,4,250.0,61,1250,3,61,1250,data\sub-51\ses-1\eeg\sub-51_ses-1_task-eyesopen_eeg.set,5823
sub-51,ses-1,eyesopen,0,NS,5,250.0,61,1250,3,61,1250,data\sub-51\ses-1\eeg\sub-51_ses-1_task-eyesopen_eeg.set,5824
sub-51,ses-1,eyesopen,0,NS,6,250.0,61,1250,3,61,1250,data\sub-51\ses-1\eeg\sub-51_ses-1_task-eyesopen_eeg.set,5825
sub-51,ses-1,eyesopen,0,NS,7,250.0,61,1250,3,61,1250,data\sub-51\ses-1\eeg\sub-51_ses-1_task-eyesopen_eeg.set,5826
sub-51,ses-1,eyesopen,0,NS,8,250.0,61,1250,3,61,1250,data\sub-51\ses-1\eeg\sub-51_ses-1_task-eyesopen_eeg.set,5827
sub-51,ses-1,eyesopen,0,NS,9,250.0,61,1250,3,61,1250,data\sub-51\ses-1\eeg\sub-51_ses-1_task-eyesopen_eeg.set,5828
sub-51,ses-1,eyesopen,0,NS,10,250.0,61,1250,3,61,1250,data\sub-51\ses-1\eeg\sub-51_ses-1_task-eyesopen_eeg.set,5829
sub-51,ses-1,eyesopen,0,NS,11,250.0,61,1250,3,61,1250,data\sub-51\ses-1\eeg\sub-51_ses-1_task-eyesopen_eeg.set,5830
sub-51,ses-1,eyesopen,0,NS,12,250.0,61,1250,3,61,1250,data\sub-51\ses-1\eeg\sub-51_ses-1_task-eyesopen_eeg.set,5831
sub-51,ses-1,eyesopen,0,NS,13,250.0,61,1250,3,61,1250,data\sub-51\ses-1\eeg\sub-51_ses-1_task-eyesopen_eeg.set,5832
sub-51,ses-1,eyesopen,0,NS,14,250.0,61,1250,3,61,1250,data\sub-51\ses-1\eeg\sub-51_ses-1_task-eyesopen_eeg.set,5833
sub-51,ses-1,eyesopen,0,NS,15,250.0,61,1250,3,61,1250,data\sub-51\ses-1\eeg\sub-51_ses-1_task-eyesopen_eeg.set,5834
sub-51,ses-1,eyesopen,0,NS,16,250.0,61,1250,3,61,1250,data\sub-51\ses-1\eeg\sub-51_ses-1_task-eyesopen_eeg.set,5835
sub-51,ses-1,eyesopen,0,NS,17,250.0,61,1250,3,61,1250,data\sub-51\ses-1\eeg\sub-51_ses-1_task-eyesopen_eeg.set,5836
sub-51,ses-1,eyesopen,0,NS,18,250.0,61,1250,3,61,1250,data\sub-51\ses-1\eeg\sub-51_ses-1_task-eyesopen_eeg.set,5837
sub-51,ses-1,eyesopen,0,NS,19,250.0,61,1250,3,61,1250,data\sub-51\ses-1\eeg\sub-51_ses-1_task-eyesopen_eeg.set,5838
sub-51,ses-1,eyesopen,0,NS,20,250.0,61,1250,3,61,1250,data\sub-51\ses-1\eeg\sub-51_ses-1_task-eyesopen_eeg.set,5839
sub-51,ses-1,eyesopen,0,NS,21,250.0,61,1250,3,61,1250,data\sub-51\ses-1\eeg\sub-51_ses-1_task-eyesopen_eeg.set,5840
sub-51,ses-1,eyesopen,0,NS,22,250.0,61,1250,3,61,1250,data\sub-51\ses-1\eeg\sub-51_ses-1_task-eyesopen_eeg.set,5841
sub-51,ses-1,eyesopen,0,NS,23,250.0,61,1250,3,61,1250,data\sub-51\ses-1\eeg\sub-51_ses-1_task-eyesopen_eeg.set,5842
sub-51,ses-1,eyesopen,0,NS,24,250.0,61,1250,3,61,1250,data\sub-51\ses-1\eeg\sub-51_ses-1_task-eyesopen_eeg.set,5843
sub-51,ses-1,eyesopen,0,NS,25,250.0,61,1250,3,61,1250,data\sub-51\ses-1\eeg\sub-51_ses-1_task-eyesopen_eeg.set,5844
sub-51,ses-1,eyesopen,0,NS,26,250.0,61,1250,3,61,1250,data\sub-51\ses-1\eeg\sub-51_ses-1_task-eyesopen_eeg.set,5845
sub-51,ses-1,eyesopen,0,NS,27,250.0,61,1250,3,61,1250,data\sub-51\ses-1\eeg\sub-51_ses-1_task-eyesopen_eeg.set,5846
sub-51,ses-1,eyesopen,0,NS,28,250.0,61,1250,3,61,1250,data\sub-51\ses-1\eeg\sub-51_ses-1_task-eyesopen_eeg.set,5847
sub-51,ses-1,eyesopen,0,NS,29,250.0,61,1250,3,61,1250,data\sub-51\ses-1\eeg\sub-51_ses-1_task-eyesopen_eeg.set,5848
sub-51,ses-1,eyesopen,0,NS,30,250.0,61,1250,3,61,1250,data\sub-51\ses-1\eeg\sub-51_ses-1_task-eyesopen_eeg.set,5849
sub-51,ses-1,eyesopen,0,NS,31,250.0,61,1250,3,61,1250,data\sub-51\ses-1\eeg\sub-51_ses-1_task-eyesopen_eeg.set,5850
sub-51,ses-1,eyesopen,0,NS,32,250.0,61,1250,3,61,1250,data\sub-51\ses-1\eeg\sub-51_ses-1_task-eyesopen_eeg.set,5851
sub-51,ses-1,eyesopen,0,NS,33,250.0,61,1250,3,61,1250,data\sub-51\ses-1\eeg\sub-51_ses-1_task-eyesopen_eeg.set,5852
sub-51,ses-1,eyesopen,0,NS,34,250.0,61,1250,3,61,1250,data\sub-51\ses-1\eeg\sub-51_ses-1_task-eyesopen_eeg.set,5853
sub-51,ses-1,eyesopen,0,NS,35,250.0,61,1250,3,61,1250,data\sub-51\ses-1\eeg\sub-51_ses-1_task-eyesopen_eeg.set,5854
sub-51,ses-1,eyesopen,0,NS,36,250.0,61,1250,3,61,1250,data\sub-51\ses-1\eeg\sub-51_ses-1_task-eyesopen_eeg.set,5855
sub-51,ses-1,eyesopen,0,NS,37,250.0,61,1250,3,61,1250,data\sub-51\ses-1\eeg\sub-51_ses-1_task-eyesopen_eeg.set,5856
sub-51,ses-1,eyesopen,0,NS,38,250.0,61,1250,3,61,1250,data\sub-51\ses-1\eeg\sub-51_ses-1_task-eyesopen_eeg.set,5857
sub-51,ses-1,eyesopen,0,NS,39,250.0,61,1250,3,61,1250,data\sub-51\ses-1\eeg\sub-51_ses-1_task-eyesopen_eeg.set,5858
sub-51,ses-1,eyesopen,0,NS,40,250.0,61,1250,3,61,1250,data\sub-51\ses-1\eeg\sub-51_ses-1_task-eyesopen_eeg.set,5859
sub-51,ses-1,eyesopen,0,NS,41,250.0,61,1250,3,61,1250,data\sub-51\ses-1\eeg\sub-51_ses-1_task-eyesopen_eeg.set,5860
sub-51,ses-1,eyesopen,0,NS,42,250.0,61,1250,3,61,1250,data\sub-51\ses-1\eeg\sub-51_ses-1_task-eyesopen_eeg.set,5861
sub-51,ses-1,eyesopen,0,NS,43,250.0,61,1250,3,61,1250,data\sub-51\ses-1\eeg\sub-51_ses-1_task-eyesopen_eeg.set,5862
sub-51,ses-1,eyesopen,0,NS,44,250.0,61,1250,3,61,1250,data\sub-51\ses-1\eeg\sub-51_ses-1_task-eyesopen_eeg.set,5863
sub-51,ses-1,eyesopen,0,NS,45,250.0,61,1250,3,61,1250,data\sub-51\ses-1\eeg\sub-51_ses-1_task-eyesopen_eeg.set,5864
sub-51,ses-1,eyesopen,0,NS,46,250.0,61,1250,3,61,1250,data\sub-51\ses-1\eeg\sub-51_ses-1_task-eyesopen_eeg.set,5865
sub-51,ses-1,eyesopen,0,NS,47,250.0,61,1250,3,61,1250,data\sub-51\ses-1\eeg\sub-51_ses-1_task-eyesopen_eeg.set,5866
sub-51,ses-1,eyesopen,0,NS,48,250.0,61,1250,3,61,1250,data\sub-51\ses-1\eeg\sub-51_ses-1_task-eyesopen_eeg.set,5867
sub-51,ses-1,eyesopen,0,NS,49,250.0,61,1250,3,61,1250,data\sub-51\ses-1\eeg\sub-51_ses-1_task-eyesopen_eeg.set,5868
sub-51,ses-1,eyesopen,0,NS,50,250.0,61,1250,3,61,1250,data\sub-51\ses-1\eeg\sub-51_ses-1_task-eyesopen_eeg.set,5869
sub-51,ses-1,eyesopen,0,NS,51,250.0,61,1250,3,61,1250,data\sub-51\ses-1\eeg\sub-51_ses-1_task-eyesopen_eeg.set,5870
sub-51,ses-1,eyesopen,0,NS,52,250.0,61,1250,3,61,1250,data\sub-51\ses-1\eeg\sub-51_ses-1_task-eyesopen_eeg.set,5871
sub-51,ses-1,eyesopen,0,NS,53,250.0,61,1250,3,61,1250,data\sub-51\ses-1\eeg\sub-51_ses-1_task-eyesopen_eeg.set,5872
sub-51,ses-1,eyesopen,0,NS,54,250.0,61,1250,3,61,1250,data\sub-51\ses-1\eeg\sub-51_ses-1_task-eyesopen_eeg.set,5873
sub-51,ses-1,eyesopen,0,NS,55,250.0,61,1250,3,61,1250,data\sub-51\ses-1\eeg\sub-51_ses-1_task-eyesopen_eeg.set,5874
sub-51,ses-1,eyesopen,0,NS,56,250.0,61,1250,3,61,1250,data\sub-51\ses-1\eeg\sub-51_ses-1_task-eyesopen_eeg.set,5875
sub-51,ses-1,eyesopen,0,NS,57,250.0,61,1250,3,61,1250,data\sub-51\ses-1\eeg\sub-51_ses-1_task-eyesopen_eeg.set,5876
sub-51,ses-1,eyesopen,0,NS,58,250.0,61,1250,3,61,1250,data\sub-51\ses-1\eeg\sub-51_ses-1_task-eyesopen_eeg.set,5877
sub-51,ses-1,eyesopen,0,NS,59,250.0,61,1250,3,61,1250,data\sub-51\ses-1\eeg\sub-51_ses-1_task-eyesopen_eeg.set,5878
sub-51,ses-2,eyesopen,1,SD,0,250.0,61,1250,3,61,1250,data\sub-51\ses-2\eeg\sub-51_ses-2_task-eyesopen_eeg.set,5879
sub-51,ses-2,eyesopen,1,SD,1,250.0,61,1250,3,61,1250,data\sub-51\ses-2\eeg\sub-51_ses-2_task-eyesopen_eeg.set,5880
sub-51,ses-2,eyesopen,1,SD,2,250.0,61,1250,3,61,1250,data\sub-51\ses-2\eeg\sub-51_ses-2_task-eyesopen_eeg.set,5881
sub-51,ses-2,eyesopen,1,SD,3,250.0,61,1250,3,61,1250,data\sub-51\ses-2\eeg\sub-51_ses-2_task-eyesopen_eeg.set,5882
sub-51,ses-2,eyesopen,1,SD,4,250.0,61,1250,3,61,1250,data\sub-51\ses-2\eeg\sub-51_ses-2_task-eyesopen_eeg.set,5883
sub-51,ses-2,eyesopen,1,SD,5,250.0,61,1250,3,61,1250,data\sub-51\ses-2\eeg\sub-51_ses-2_task-eyesopen_eeg.set,5884
sub-51,ses-2,eyesopen,1,SD,6,250.0,61,1250,3,61,1250,data\sub-51\ses-2\eeg\sub-51_ses-2_task-eyesopen_eeg.set,5885
sub-51,ses-2,eyesopen,1,SD,7,250.0,61,1250,3,61,1250,data\sub-51\ses-2\eeg\sub-51_ses-2_task-eyesopen_eeg.set,5886
sub-51,ses-2,eyesopen,1,SD,8,250.0,61,1250,3,61,1250,data\sub-51\ses-2\eeg\sub-51_ses-2_task-eyesopen_eeg.set,5887
sub-51,ses-2,eyesopen,1,SD,9,250.0,61,1250,3,61,1250,data\sub-51\ses-2\eeg\sub-51_ses-2_task-eyesopen_eeg.set,5888
sub-51,ses-2,eyesopen,1,SD,10,250.0,61,1250,3,61,1250,data\sub-51\ses-2\eeg\sub-51_ses-2_task-eyesopen_eeg.set,5889
sub-51,ses-2,eyesopen,1,SD,11,250.0,61,1250,3,61,1250,data\sub-51\ses-2\eeg\sub-51_ses-2_task-eyesopen_eeg.set,5890
sub-51,ses-2,eyesopen,1,SD,12,250.0,61,1250,3,61,1250,data\sub-51\ses-2\eeg\sub-51_ses-2_task-eyesopen_eeg.set,5891
sub-51,ses-2,eyesopen,1,SD,13,250.0,61,1250,3,61,1250,data\sub-51\ses-2\eeg\sub-51_ses-2_task-eyesopen_eeg.set,5892
sub-51,ses-2,eyesopen,1,SD,14,250.0,61,1250,3,61,1250,data\sub-51\ses-2\eeg\sub-51_ses-2_task-eyesopen_eeg.set,5893
sub-51,ses-2,eyesopen,1,SD,15,250.0,61,1250,3,61,1250,data\sub-51\ses-2\eeg\sub-51_ses-2_task-eyesopen_eeg.set,5894
sub-51,ses-2,eyesopen,1,SD,16,250.0,61,1250,3,61,1250,data\sub-51\ses-2\eeg\sub-51_ses-2_task-eyesopen_eeg.set,5895
sub-51,ses-2,eyesopen,1,SD,17,250.0,61,1250,3,61,1250,data\sub-51\ses-2\eeg\sub-51_ses-2_task-eyesopen_eeg.set,5896
sub-51,ses-2,eyesopen,1,SD,18,250.0,61,1250,3,61,1250,data\sub-51\ses-2\eeg\sub-51_ses-2_task-eyesopen_eeg.set,5897
sub-51,ses-2,eyesopen,1,SD,19,250.0,61,1250,3,61,1250,data\sub-51\ses-2\eeg\sub-51_ses-2_task-eyesopen_eeg.set,5898
sub-51,ses-2,eyesopen,1,SD,20,250.0,61,1250,3,61,1250,data\sub-51\ses-2\eeg\sub-51_ses-2_task-eyesopen_eeg.set,5899
sub-51,ses-2,eyesopen,1,SD,21,250.0,61,1250,3,61,1250,data\sub-51\ses-2\eeg\sub-51_ses-2_task-eyesopen_eeg.set,5900
sub-51,ses-2,eyesopen,1,SD,22,250.0,61,1250,3,61,1250,data\sub-51\ses-2\eeg\sub-51_ses-2_task-eyesopen_eeg.set,5901
sub-51,ses-2,eyesopen,1,SD,23,250.0,61,1250,3,61,1250,data\sub-51\ses-2\eeg\sub-51_ses-2_task-eyesopen_eeg.set,5902
sub-51,ses-2,eyesopen,1,SD,24,250.0,61,1250,3,61,1250,data\sub-51\ses-2\eeg\sub-51_ses-2_task-eyesopen_eeg.set,5903
sub-51,ses-2,eyesopen,1,SD,25,250.0,61,1250,3,61,1250,data\sub-51\ses-2\eeg\sub-51_ses-2_task-eyesopen_eeg.set,5904
sub-51,ses-2,eyesopen,1,SD,26,250.0,61,1250,3,61,1250,data\sub-51\ses-2\eeg\sub-51_ses-2_task-eyesopen_eeg.set,5905
sub-51,ses-2,eyesopen,1,SD,27,250.0,61,1250,3,61,1250,data\sub-51\ses-2\eeg\sub-51_ses-2_task-eyesopen_eeg.set,5906
sub-51,ses-2,eyesopen,1,SD,28,250.0,61,1250,3,61,1250,data\sub-51\ses-2\eeg\sub-51_ses-2_task-eyesopen_eeg.set,5907
sub-51,ses-2,eyesopen,1,SD,29,250.0,61,1250,3,61,1250,data\sub-51\ses-2\eeg\sub-51_ses-2_task-eyesopen_eeg.set,5908
sub-51,ses-2,eyesopen,1,SD,30,250.0,61,1250,3,61,1250,data\sub-51\ses-2\eeg\sub-51_ses-2_task-eyesopen_eeg.set,5909
sub-51,ses-2,eyesopen,1,SD,31,250.0,61,1250,3,61,1250,data\sub-51\ses-2\eeg\sub-51_ses-2_task-eyesopen_eeg.set,5910
sub-51,ses-2,eyesopen,1,SD,32,250.0,61,1250,3,61,1250,data\sub-51\ses-2\eeg\sub-51_ses-2_task-eyesopen_eeg.set,5911
sub-51,ses-2,eyesopen,1,SD,33,250.0,61,1250,3,61,1250,data\sub-51\ses-2\eeg\sub-51_ses-2_task-eyesopen_eeg.set,5912
sub-51,ses-2,eyesopen,1,SD,34,250.0,61,1250,3,61,1250,data\sub-51\ses-2\eeg\sub-51_ses-2_task-eyesopen_eeg.set,5913
sub-51,ses-2,eyesopen,1,SD,35,250.0,61,1250,3,61,1250,data\sub-51\ses-2\eeg\sub-51_ses-2_task-eyesopen_eeg.set,5914
sub-51,ses-2,eyesopen,1,SD,36,250.0,61,1250,3,61,1250,data\sub-51\ses-2\eeg\sub-51_ses-2_task-eyesopen_eeg.set,5915
sub-51,ses-2,eyesopen,1,SD,37,250.0,61,1250,3,61,1250,data\sub-51\ses-2\eeg\sub-51_ses-2_task-eyesopen_eeg.set,5916
sub-51,ses-2,eyesopen,1,SD,38,250.0,61,1250,3,61,1250,data\sub-51\ses-2\eeg\sub-51_ses-2_task-eyesopen_eeg.set,5917
sub-51,ses-2,eyesopen,1,SD,39,250.0,61,1250,3,61,1250,data\sub-51\ses-2\eeg\sub-51_ses-2_task-eyesopen_eeg.set,5918
sub-51,ses-2,eyesopen,1,SD,40,250.0,61,1250,3,61,1250,data\sub-51\ses-2\eeg\sub-51_ses-2_task-eyesopen_eeg.set,5919
sub-51,ses-2,eyesopen,1,SD,41,250.0,61,1250,3,61,1250,data\sub-51\ses-2\eeg\sub-51_ses-2_task-eyesopen_eeg.set,5920
sub-51,ses-2,eyesopen,1,SD,42,250.0,61,1250,3,61,1250,data\sub-51\ses-2\eeg\sub-51_ses-2_task-eyesopen_eeg.set,5921
sub-51,ses-2,eyesopen,1,SD,43,250.0,61,1250,3,61,1250,data\sub-51\ses-2\eeg\sub-51_ses-2_task-eyesopen_eeg.set,5922
sub-51,ses-2,eyesopen,1,SD,44,250.0,61,1250,3,61,1250,data\sub-51\ses-2\eeg\sub-51_ses-2_task-eyesopen_eeg.set,5923
sub-51,ses-2,eyesopen,1,SD,45,250.0,61,1250,3,61,1250,data\sub-51\ses-2\eeg\sub-51_ses-2_task-eyesopen_eeg.set,5924
sub-51,ses-2,eyesopen,1,SD,46,250.0,61,1250,3,61,1250,data\sub-51\ses-2\eeg\sub-51_ses-2_task-eyesopen_eeg.set,5925
sub-51,ses-2,eyesopen,1,SD,47,250.0,61,1250,3,61,1250,data\sub-51\ses-2\eeg\sub-51_ses-2_task-eyesopen_eeg.set,5926
sub-51,ses-2,eyesopen,1,SD,48,250.0,61,1250,3,61,1250,data\sub-51\ses-2\eeg\sub-51_ses-2_task-eyesopen_eeg.set,5927
sub-51,ses-2,eyesopen,1,SD,49,250.0,61,1250,3,61,1250,data\sub-51\ses-2\eeg\sub-51_ses-2_task-eyesopen_eeg.set,5928
sub-51,ses-2,eyesopen,1,SD,50,250.0,61,1250,3,61,1250,data\sub-51\ses-2\eeg\sub-51_ses-2_task-eyesopen_eeg.set,5929
sub-51,ses-2,eyesopen,1,SD,51,250.0,61,1250,3,61,1250,data\sub-51\ses-2\eeg\sub-51_ses-2_task-eyesopen_eeg.set,5930
sub-51,ses-2,eyesopen,1,SD,52,250.0,61,1250,3,61,1250,data\sub-51\ses-2\eeg\sub-51_ses-2_task-eyesopen_eeg.set,5931
sub-51,ses-2,eyesopen,1,SD,53,250.0,61,1250,3,61,1250,data\sub-51\ses-2\eeg\sub-51_ses-2_task-eyesopen_eeg.set,5932
sub-51,ses-2,eyesopen,1,SD,54,250.0,61,1250,3,61,1250,data\sub-51\ses-2\eeg\sub-51_ses-2_task-eyesopen_eeg.set,5933
sub-51,ses-2,eyesopen,1,SD,55,250.0,61,1250,3,61,1250,data\sub-51\ses-2\eeg\sub-51_ses-2_task-eyesopen_eeg.set,5934
sub-51,ses-2,eyesopen,1,SD,56,250.0,61,1250,3,61,1250,data\sub-51\ses-2\eeg\sub-51_ses-2_task-eyesopen_eeg.set,5935
sub-51,ses-2,eyesopen,1,SD,57,250.0,61,1250,3,61,1250,data\sub-51\ses-2\eeg\sub-51_ses-2_task-eyesopen_eeg.set,5936
sub-52,ses-1,eyesopen,0,NS,0,250.0,61,1250,3,61,1250,data\sub-52\ses-1\eeg\sub-52_ses-1_task-eyesopen_eeg.set,5937
sub-52,ses-1,eyesopen,0,NS,1,250.0,61,1250,3,61,1250,data\sub-52\ses-1\eeg\sub-52_ses-1_task-eyesopen_eeg.set,5938
sub-52,ses-1,eyesopen,0,NS,2,250.0,61,1250,3,61,1250,data\sub-52\ses-1\eeg\sub-52_ses-1_task-eyesopen_eeg.set,5939
sub-52,ses-1,eyesopen,0,NS,3,250.0,61,1250,3,61,1250,data\sub-52\ses-1\eeg\sub-52_ses-1_task-eyesopen_eeg.set,5940
sub-52,ses-1,eyesopen,0,NS,4,250.0,61,1250,3,61,1250,data\sub-52\ses-1\eeg\sub-52_ses-1_task-eyesopen_eeg.set,5941
sub-52,ses-1,eyesopen,0,NS,5,250.0,61,1250,3,61,1250,data\sub-52\ses-1\eeg\sub-52_ses-1_task-eyesopen_eeg.set,5942
sub-52,ses-1,eyesopen,0,NS,6,250.0,61,1250,3,61,1250,data\sub-52\ses-1\eeg\sub-52_ses-1_task-eyesopen_eeg.set,5943
sub-52,ses-1,eyesopen,0,NS,7,250.0,61,1250,3,61,1250,data\sub-52\ses-1\eeg\sub-52_ses-1_task-eyesopen_eeg.set,5944
sub-52,ses-1,eyesopen,0,NS,8,250.0,61,1250,3,61,1250,data\sub-52\ses-1\eeg\sub-52_ses-1_task-eyesopen_eeg.set,5945
sub-52,ses-1,eyesopen,0,NS,9,250.0,61,1250,3,61,1250,data\sub-52\ses-1\eeg\sub-52_ses-1_task-eyesopen_eeg.set,5946
sub-52,ses-1,eyesopen,0,NS,10,250.0,61,1250,3,61,1250,data\sub-52\ses-1\eeg\sub-52_ses-1_task-eyesopen_eeg.set,5947
sub-52,ses-1,eyesopen,0,NS,11,250.0,61,1250,3,61,1250,data\sub-52\ses-1\eeg\sub-52_ses-1_task-eyesopen_eeg.set,5948
sub-52,ses-1,eyesopen,0,NS,12,250.0,61,1250,3,61,1250,data\sub-52\ses-1\eeg\sub-52_ses-1_task-eyesopen_eeg.set,5949
sub-52,ses-1,eyesopen,0,NS,13,250.0,61,1250,3,61,1250,data\sub-52\ses-1\eeg\sub-52_ses-1_task-eyesopen_eeg.set,5950
sub-52,ses-1,eyesopen,0,NS,14,250.0,61,1250,3,61,1250,data\sub-52\ses-1\eeg\sub-52_ses-1_task-eyesopen_eeg.set,5951
sub-52,ses-1,eyesopen,0,NS,15,250.0,61,1250,3,61,1250,data\sub-52\ses-1\eeg\sub-52_ses-1_task-eyesopen_eeg.set,5952
sub-52,ses-1,eyesopen,0,NS,16,250.0,61,1250,3,61,1250,data\sub-52\ses-1\eeg\sub-52_ses-1_task-eyesopen_eeg.set,5953
sub-52,ses-1,eyesopen,0,NS,17,250.0,61,1250,3,61,1250,data\sub-52\ses-1\eeg\sub-52_ses-1_task-eyesopen_eeg.set,5954
sub-52,ses-1,eyesopen,0,NS,18,250.0,61,1250,3,61,1250,data\sub-52\ses-1\eeg\sub-52_ses-1_task-eyesopen_eeg.set,5955
sub-52,ses-1,eyesopen,0,NS,19,250.0,61,1250,3,61,1250,data\sub-52\ses-1\eeg\sub-52_ses-1_task-eyesopen_eeg.set,5956
sub-52,ses-1,eyesopen,0,NS,20,250.0,61,1250,3,61,1250,data\sub-52\ses-1\eeg\sub-52_ses-1_task-eyesopen_eeg.set,5957
sub-52,ses-1,eyesopen,0,NS,21,250.0,61,1250,3,61,1250,data\sub-52\ses-1\eeg\sub-52_ses-1_task-eyesopen_eeg.set,5958
sub-52,ses-1,eyesopen,0,NS,22,250.0,61,1250,3,61,1250,data\sub-52\ses-1\eeg\sub-52_ses-1_task-eyesopen_eeg.set,5959
sub-52,ses-1,eyesopen,0,NS,23,250.0,61,1250,3,61,1250,data\sub-52\ses-1\eeg\sub-52_ses-1_task-eyesopen_eeg.set,5960
sub-52,ses-1,eyesopen,0,NS,24,250.0,61,1250,3,61,1250,data\sub-52\ses-1\eeg\sub-52_ses-1_task-eyesopen_eeg.set,5961
sub-52,ses-1,eyesopen,0,NS,25,250.0,61,1250,3,61,1250,data\sub-52\ses-1\eeg\sub-52_ses-1_task-eyesopen_eeg.set,5962
sub-52,ses-1,eyesopen,0,NS,26,250.0,61,1250,3,61,1250,data\sub-52\ses-1\eeg\sub-52_ses-1_task-eyesopen_eeg.set,5963
sub-52,ses-1,eyesopen,0,NS,27,250.0,61,1250,3,61,1250,data\sub-52\ses-1\eeg\sub-52_ses-1_task-eyesopen_eeg.set,5964
sub-52,ses-1,eyesopen,0,NS,28,250.0,61,1250,3,61,1250,data\sub-52\ses-1\eeg\sub-52_ses-1_task-eyesopen_eeg.set,5965
sub-52,ses-1,eyesopen,0,NS,29,250.0,61,1250,3,61,1250,data\sub-52\ses-1\eeg\sub-52_ses-1_task-eyesopen_eeg.set,5966
sub-52,ses-1,eyesopen,0,NS,30,250.0,61,1250,3,61,1250,data\sub-52\ses-1\eeg\sub-52_ses-1_task-eyesopen_eeg.set,5967
sub-52,ses-1,eyesopen,0,NS,31,250.0,61,1250,3,61,1250,data\sub-52\ses-1\eeg\sub-52_ses-1_task-eyesopen_eeg.set,5968
sub-52,ses-1,eyesopen,0,NS,32,250.0,61,1250,3,61,1250,data\sub-52\ses-1\eeg\sub-52_ses-1_task-eyesopen_eeg.set,5969
sub-52,ses-1,eyesopen,0,NS,33,250.0,61,1250,3,61,1250,data\sub-52\ses-1\eeg\sub-52_ses-1_task-eyesopen_eeg.set,5970
sub-52,ses-1,eyesopen,0,NS,34,250.0,61,1250,3,61,1250,data\sub-52\ses-1\eeg\sub-52_ses-1_task-eyesopen_eeg.set,5971
sub-52,ses-1,eyesopen,0,NS,35,250.0,61,1250,3,61,1250,data\sub-52\ses-1\eeg\sub-52_ses-1_task-eyesopen_eeg.set,5972
sub-52,ses-1,eyesopen,0,NS,36,250.0,61,1250,3,61,1250,data\sub-52\ses-1\eeg\sub-52_ses-1_task-eyesopen_eeg.set,5973
sub-52,ses-1,eyesopen,0,NS,37,250.0,61,1250,3,61,1250,data\sub-52\ses-1\eeg\sub-52_ses-1_task-eyesopen_eeg.set,5974
sub-52,ses-1,eyesopen,0,NS,38,250.0,61,1250,3,61,1250,data\sub-52\ses-1\eeg\sub-52_ses-1_task-eyesopen_eeg.set,5975
sub-52,ses-1,eyesopen,0,NS,39,250.0,61,1250,3,61,1250,data\sub-52\ses-1\eeg\sub-52_ses-1_task-eyesopen_eeg.set,5976
sub-52,ses-1,eyesopen,0,NS,40,250.0,61,1250,3,61,1250,data\sub-52\ses-1\eeg\sub-52_ses-1_task-eyesopen_eeg.set,5977
sub-52,ses-1,eyesopen,0,NS,41,250.0,61,1250,3,61,1250,data\sub-52\ses-1\eeg\sub-52_ses-1_task-eyesopen_eeg.set,5978
sub-52,ses-1,eyesopen,0,NS,42,250.0,61,1250,3,61,1250,data\sub-52\ses-1\eeg\sub-52_ses-1_task-eyesopen_eeg.set,5979
sub-52,ses-1,eyesopen,0,NS,43,250.0,61,1250,3,61,1250,data\sub-52\ses-1\eeg\sub-52_ses-1_task-eyesopen_eeg.set,5980
sub-52,ses-1,eyesopen,0,NS,44,250.0,61,1250,3,61,1250,data\sub-52\ses-1\eeg\sub-52_ses-1_task-eyesopen_eeg.set,5981
sub-52,ses-1,eyesopen,0,NS,45,250.0,61,1250,3,61,1250,data\sub-52\ses-1\eeg\sub-52_ses-1_task-eyesopen_eeg.set,5982
sub-52,ses-1,eyesopen,0,NS,46,250.0,61,1250,3,61,1250,data\sub-52\ses-1\eeg\sub-52_ses-1_task-eyesopen_eeg.set,5983
sub-52,ses-1,eyesopen,0,NS,47,250.0,61,1250,3,61,1250,data\sub-52\ses-1\eeg\sub-52_ses-1_task-eyesopen_eeg.set,5984
sub-52,ses-1,eyesopen,0,NS,48,250.0,61,1250,3,61,1250,data\sub-52\ses-1\eeg\sub-52_ses-1_task-eyesopen_eeg.set,5985
sub-52,ses-1,eyesopen,0,NS,49,250.0,61,1250,3,61,1250,data\sub-52\ses-1\eeg\sub-52_ses-1_task-eyesopen_eeg.set,5986
sub-52,ses-1,eyesopen,0,NS,50,250.0,61,1250,3,61,1250,data\sub-52\ses-1\eeg\sub-52_ses-1_task-eyesopen_eeg.set,5987
sub-52,ses-1,eyesopen,0,NS,51,250.0,61,1250,3,61,1250,data\sub-52\ses-1\eeg\sub-52_ses-1_task-eyesopen_eeg.set,5988
sub-52,ses-1,eyesopen,0,NS,52,250.0,61,1250,3,61,1250,data\sub-52\ses-1\eeg\sub-52_ses-1_task-eyesopen_eeg.set,5989
sub-52,ses-1,eyesopen,0,NS,53,250.0,61,1250,3,61,1250,data\sub-52\ses-1\eeg\sub-52_ses-1_task-eyesopen_eeg.set,5990
sub-52,ses-1,eyesopen,0,NS,54,250.0,61,1250,3,61,1250,data\sub-52\ses-1\eeg\sub-52_ses-1_task-eyesopen_eeg.set,5991
sub-52,ses-1,eyesopen,0,NS,55,250.0,61,1250,3,61,1250,data\sub-52\ses-1\eeg\sub-52_ses-1_task-eyesopen_eeg.set,5992
sub-52,ses-1,eyesopen,0,NS,56,250.0,61,1250,3,61,1250,data\sub-52\ses-1\eeg\sub-52_ses-1_task-eyesopen_eeg.set,5993
sub-52,ses-1,eyesopen,0,NS,57,250.0,61,1250,3,61,1250,data\sub-52\ses-1\eeg\sub-52_ses-1_task-eyesopen_eeg.set,5994
sub-52,ses-1,eyesopen,0,NS,58,250.0,61,1250,3,61,1250,data\sub-52\ses-1\eeg\sub-52_ses-1_task-eyesopen_eeg.set,5995
sub-52,ses-1,eyesopen,0,NS,59,250.0,61,1250,3,61,1250,data\sub-52\ses-1\eeg\sub-52_ses-1_task-eyesopen_eeg.set,5996
sub-52,ses-2,eyesopen,1,SD,0,250.0,61,1250,3,61,1250,data\sub-52\ses-2\eeg\sub-52_ses-2_task-eyesopen_eeg.set,5997
sub-52,ses-2,eyesopen,1,SD,1,250.0,61,1250,3,61,1250,data\sub-52\ses-2\eeg\sub-52_ses-2_task-eyesopen_eeg.set,5998
sub-52,ses-2,eyesopen,1,SD,2,250.0,61,1250,3,61,1250,data\sub-52\ses-2\eeg\sub-52_ses-2_task-eyesopen_eeg.set,5999
sub-52,ses-2,eyesopen,1,SD,3,250.0,61,1250,3,61,1250,data\sub-52\ses-2\eeg\sub-52_ses-2_task-eyesopen_eeg.set,6000
sub-52,ses-2,eyesopen,1,SD,4,250.0,61,1250,3,61,1250,data\sub-52\ses-2\eeg\sub-52_ses-2_task-eyesopen_eeg.set,6001
sub-52,ses-2,eyesopen,1,SD,5,250.0,61,1250,3,61,1250,data\sub-52\ses-2\eeg\sub-52_ses-2_task-eyesopen_eeg.set,6002
sub-52,ses-2,eyesopen,1,SD,6,250.0,61,1250,3,61,1250,data\sub-52\ses-2\eeg\sub-52_ses-2_task-eyesopen_eeg.set,6003
sub-52,ses-2,eyesopen,1,SD,7,250.0,61,1250,3,61,1250,data\sub-52\ses-2\eeg\sub-52_ses-2_task-eyesopen_eeg.set,6004
sub-52,ses-2,eyesopen,1,SD,8,250.0,61,1250,3,61,1250,data\sub-52\ses-2\eeg\sub-52_ses-2_task-eyesopen_eeg.set,6005
sub-52,ses-2,eyesopen,1,SD,9,250.0,61,1250,3,61,1250,data\sub-52\ses-2\eeg\sub-52_ses-2_task-eyesopen_eeg.set,6006
sub-52,ses-2,eyesopen,1,SD,10,250.0,61,1250,3,61,1250,data\sub-52\ses-2\eeg\sub-52_ses-2_task-eyesopen_eeg.set,6007
sub-52,ses-2,eyesopen,1,SD,11,250.0,61,1250,3,61,1250,data\sub-52\ses-2\eeg\sub-52_ses-2_task-eyesopen_eeg.set,6008
sub-52,ses-2,eyesopen,1,SD,12,250.0,61,1250,3,61,1250,data\sub-52\ses-2\eeg\sub-52_ses-2_task-eyesopen_eeg.set,6009
sub-52,ses-2,eyesopen,1,SD,13,250.0,61,1250,3,61,1250,data\sub-52\ses-2\eeg\sub-52_ses-2_task-eyesopen_eeg.set,6010
sub-52,ses-2,eyesopen,1,SD,14,250.0,61,1250,3,61,1250,data\sub-52\ses-2\eeg\sub-52_ses-2_task-eyesopen_eeg.set,6011
sub-52,ses-2,eyesopen,1,SD,15,250.0,61,1250,3,61,1250,data\sub-52\ses-2\eeg\sub-52_ses-2_task-eyesopen_eeg.set,6012
sub-52,ses-2,eyesopen,1,SD,16,250.0,61,1250,3,61,1250,data\sub-52\ses-2\eeg\sub-52_ses-2_task-eyesopen_eeg.set,6013
sub-52,ses-2,eyesopen,1,SD,17,250.0,61,1250,3,61,1250,data\sub-52\ses-2\eeg\sub-52_ses-2_task-eyesopen_eeg.set,6014
sub-52,ses-2,eyesopen,1,SD,18,250.0,61,1250,3,61,1250,data\sub-52\ses-2\eeg\sub-52_ses-2_task-eyesopen_eeg.set,6015
sub-52,ses-2,eyesopen,1,SD,19,250.0,61,1250,3,61,1250,data\sub-52\ses-2\eeg\sub-52_ses-2_task-eyesopen_eeg.set,6016
sub-52,ses-2,eyesopen,1,SD,20,250.0,61,1250,3,61,1250,data\sub-52\ses-2\eeg\sub-52_ses-2_task-eyesopen_eeg.set,6017
sub-52,ses-2,eyesopen,1,SD,21,250.0,61,1250,3,61,1250,data\sub-52\ses-2\eeg\sub-52_ses-2_task-eyesopen_eeg.set,6018
sub-52,ses-2,eyesopen,1,SD,22,250.0,61,1250,3,61,1250,data\sub-52\ses-2\eeg\sub-52_ses-2_task-eyesopen_eeg.set,6019
sub-52,ses-2,eyesopen,1,SD,23,250.0,61,1250,3,61,1250,data\sub-52\ses-2\eeg\sub-52_ses-2_task-eyesopen_eeg.set,6020
sub-52,ses-2,eyesopen,1,SD,24,250.0,61,1250,3,61,1250,data\sub-52\ses-2\eeg\sub-52_ses-2_task-eyesopen_eeg.set,6021
sub-52,ses-2,eyesopen,1,SD,25,250.0,61,1250,3,61,1250,data\sub-52\ses-2\eeg\sub-52_ses-2_task-eyesopen_eeg.set,6022
sub-52,ses-2,eyesopen,1,SD,26,250.0,61,1250,3,61,1250,data\sub-52\ses-2\eeg\sub-52_ses-2_task-eyesopen_eeg.set,6023
sub-52,ses-2,eyesopen,1,SD,27,250.0,61,1250,3,61,1250,data\sub-52\ses-2\eeg\sub-52_ses-2_task-eyesopen_eeg.set,6024
sub-52,ses-2,eyesopen,1,SD,28,250.0,61,1250,3,61,1250,data\sub-52\ses-2\eeg\sub-52_ses-2_task-eyesopen_eeg.set,6025
sub-52,ses-2,eyesopen,1,SD,29,250.0,61,1250,3,61,1250,data\sub-52\ses-2\eeg\sub-52_ses-2_task-eyesopen_eeg.set,6026
sub-52,ses-2,eyesopen,1,SD,30,250.0,61,1250,3,61,1250,data\sub-52\ses-2\eeg\sub-52_ses-2_task-eyesopen_eeg.set,6027
sub-52,ses-2,eyesopen,1,SD,31,250.0,61,1250,3,61,1250,data\sub-52\ses-2\eeg\sub-52_ses-2_task-eyesopen_eeg.set,6028
sub-52,ses-2,eyesopen,1,SD,32,250.0,61,1250,3,61,1250,data\sub-52\ses-2\eeg\sub-52_ses-2_task-eyesopen_eeg.set,6029
sub-52,ses-2,eyesopen,1,SD,33,250.0,61,1250,3,61,1250,data\sub-52\ses-2\eeg\sub-52_ses-2_task-eyesopen_eeg.set,6030
sub-52,ses-2,eyesopen,1,SD,34,250.0,61,1250,3,61,1250,data\sub-52\ses-2\eeg\sub-52_ses-2_task-eyesopen_eeg.set,6031
sub-52,ses-2,eyesopen,1,SD,35,250.0,61,1250,3,61,1250,data\sub-52\ses-2\eeg\sub-52_ses-2_task-eyesopen_eeg.set,6032
sub-52,ses-2,eyesopen,1,SD,36,250.0,61,1250,3,61,1250,data\sub-52\ses-2\eeg\sub-52_ses-2_task-eyesopen_eeg.set,6033
sub-52,ses-2,eyesopen,1,SD,37,250.0,61,1250,3,61,1250,data\sub-52\ses-2\eeg\sub-52_ses-2_task-eyesopen_eeg.set,6034
sub-52,ses-2,eyesopen,1,SD,38,250.0,61,1250,3,61,1250,data\sub-52\ses-2\eeg\sub-52_ses-2_task-eyesopen_eeg.set,6035
sub-52,ses-2,eyesopen,1,SD,39,250.0,61,1250,3,61,1250,data\sub-52\ses-2\eeg\sub-52_ses-2_task-eyesopen_eeg.set,6036
sub-52,ses-2,eyesopen,1,SD,40,250.0,61,1250,3,61,1250,data\sub-52\ses-2\eeg\sub-52_ses-2_task-eyesopen_eeg.set,6037
sub-52,ses-2,eyesopen,1,SD,41,250.0,61,1250,3,61,1250,data\sub-52\ses-2\eeg\sub-52_ses-2_task-eyesopen_eeg.set,6038
sub-52,ses-2,eyesopen,1,SD,42,250.0,61,1250,3,61,1250,data\sub-52\ses-2\eeg\sub-52_ses-2_task-eyesopen_eeg.set,6039
sub-52,ses-2,eyesopen,1,SD,43,250.0,61,1250,3,61,1250,data\sub-52\ses-2\eeg\sub-52_ses-2_task-eyesopen_eeg.set,6040
sub-52,ses-2,eyesopen,1,SD,44,250.0,61,1250,3,61,1250,data\sub-52\ses-2\eeg\sub-52_ses-2_task-eyesopen_eeg.set,6041
sub-52,ses-2,eyesopen,1,SD,45,250.0,61,1250,3,61,1250,data\sub-52\ses-2\eeg\sub-52_ses-2_task-eyesopen_eeg.set,6042
sub-52,ses-2,eyesopen,1,SD,46,250.0,61,1250,3,61,1250,data\sub-52\ses-2\eeg\sub-52_ses-2_task-eyesopen_eeg.set,6043
sub-52,ses-2,eyesopen,1,SD,47,250.0,61,1250,3,61,1250,data\sub-52\ses-2\eeg\sub-52_ses-2_task-eyesopen_eeg.set,6044
sub-52,ses-2,eyesopen,1,SD,48,250.0,61,1250,3,61,1250,data\sub-52\ses-2\eeg\sub-52_ses-2_task-eyesopen_eeg.set,6045
sub-52,ses-2,eyesopen,1,SD,49,250.0,61,1250,3,61,1250,data\sub-52\ses-2\eeg\sub-52_ses-2_task-eyesopen_eeg.set,6046
sub-52,ses-2,eyesopen,1,SD,50,250.0,61,1250,3,61,1250,data\sub-52\ses-2\eeg\sub-52_ses-2_task-eyesopen_eeg.set,6047
sub-52,ses-2,eyesopen,1,SD,51,250.0,61,1250,3,61,1250,data\sub-52\ses-2\eeg\sub-52_ses-2_task-eyesopen_eeg.set,6048
sub-52,ses-2,eyesopen,1,SD,52,250.0,61,1250,3,61,1250,data\sub-52\ses-2\eeg\sub-52_ses-2_task-eyesopen_eeg.set,6049
sub-52,ses-2,eyesopen,1,SD,53,250.0,61,1250,3,61,1250,data\sub-52\ses-2\eeg\sub-52_ses-2_task-eyesopen_eeg.set,6050
sub-52,ses-2,eyesopen,1,SD,54,250.0,61,1250,3,61,1250,data\sub-52\ses-2\eeg\sub-52_ses-2_task-eyesopen_eeg.set,6051
sub-52,ses-2,eyesopen,1,SD,55,250.0,61,1250,3,61,1250,data\sub-52\ses-2\eeg\sub-52_ses-2_task-eyesopen_eeg.set,6052
sub-52,ses-2,eyesopen,1,SD,56,250.0,61,1250,3,61,1250,data\sub-52\ses-2\eeg\sub-52_ses-2_task-eyesopen_eeg.set,6053
sub-52,ses-2,eyesopen,1,SD,57,250.0,61,1250,3,61,1250,data\sub-52\ses-2\eeg\sub-52_ses-2_task-eyesopen_eeg.set,6054
sub-52,ses-2,eyesopen,1,SD,58,250.0,61,1250,3,61,1250,data\sub-52\ses-2\eeg\sub-52_ses-2_task-eyesopen_eeg.set,6055
sub-52,ses-2,eyesopen,1,SD,59,250.0,61,1250,3,61,1250,data\sub-52\ses-2\eeg\sub-52_ses-2_task-eyesopen_eeg.set,6056
sub-52,ses-2,eyesopen,1,SD,60,250.0,61,1250,3,61,1250,data\sub-52\ses-2\eeg\sub-52_ses-2_task-eyesopen_eeg.set,6057
sub-52,ses-2,eyesopen,1,SD,61,250.0,61,1250,3,61,1250,data\sub-52\ses-2\eeg\sub-52_ses-2_task-eyesopen_eeg.set,6058
sub-52,ses-2,eyesopen,1,SD,62,250.0,61,1250,3,61,1250,data\sub-52\ses-2\eeg\sub-52_ses-2_task-eyesopen_eeg.set,6059
sub-52,ses-2,eyesopen,1,SD,63,250.0,61,1250,3,61,1250,data\sub-52\ses-2\eeg\sub-52_ses-2_task-eyesopen_eeg.set,6060
sub-52,ses-2,eyesopen,1,SD,64,250.0,61,1250,3,61,1250,data\sub-52\ses-2\eeg\sub-52_ses-2_task-eyesopen_eeg.set,6061
sub-52,ses-2,eyesopen,1,SD,65,250.0,61,1250,3,61,1250,data\sub-52\ses-2\eeg\sub-52_ses-2_task-eyesopen_eeg.set,6062
sub-52,ses-2,eyesopen,1,SD,66,250.0,61,1250,3,61,1250,data\sub-52\ses-2\eeg\sub-52_ses-2_task-eyesopen_eeg.set,6063
sub-52,ses-2,eyesopen,1,SD,67,250.0,61,1250,3,61,1250,data\sub-52\ses-2\eeg\sub-52_ses-2_task-eyesopen_eeg.set,6064
sub-52,ses-2,eyesopen,1,SD,68,250.0,61,1250,3,61,1250,data\sub-52\ses-2\eeg\sub-52_ses-2_task-eyesopen_eeg.set,6065
sub-52,ses-2,eyesopen,1,SD,69,250.0,61,1250,3,61,1250,data\sub-52\ses-2\eeg\sub-52_ses-2_task-eyesopen_eeg.set,6066
sub-52,ses-2,eyesopen,1,SD,70,250.0,61,1250,3,61,1250,data\sub-52\ses-2\eeg\sub-52_ses-2_task-eyesopen_eeg.set,6067
sub-52,ses-2,eyesopen,1,SD,71,250.0,61,1250,3,61,1250,data\sub-52\ses-2\eeg\sub-52_ses-2_task-eyesopen_eeg.set,6068
sub-53,ses-1,eyesopen,0,NS,0,250.0,61,1250,3,61,1250,data\sub-53\ses-1\eeg\sub-53_ses-1_task-eyesopen_eeg.set,6069
sub-53,ses-1,eyesopen,0,NS,1,250.0,61,1250,3,61,1250,data\sub-53\ses-1\eeg\sub-53_ses-1_task-eyesopen_eeg.set,6070
sub-53,ses-1,eyesopen,0,NS,2,250.0,61,1250,3,61,1250,data\sub-53\ses-1\eeg\sub-53_ses-1_task-eyesopen_eeg.set,6071
sub-53,ses-1,eyesopen,0,NS,3,250.0,61,1250,3,61,1250,data\sub-53\ses-1\eeg\sub-53_ses-1_task-eyesopen_eeg.set,6072
sub-53,ses-1,eyesopen,0,NS,4,250.0,61,1250,3,61,1250,data\sub-53\ses-1\eeg\sub-53_ses-1_task-eyesopen_eeg.set,6073
sub-53,ses-1,eyesopen,0,NS,5,250.0,61,1250,3,61,1250,data\sub-53\ses-1\eeg\sub-53_ses-1_task-eyesopen_eeg.set,6074
sub-53,ses-1,eyesopen,0,NS,6,250.0,61,1250,3,61,1250,data\sub-53\ses-1\eeg\sub-53_ses-1_task-eyesopen_eeg.set,6075
sub-53,ses-1,eyesopen,0,NS,7,250.0,61,1250,3,61,1250,data\sub-53\ses-1\eeg\sub-53_ses-1_task-eyesopen_eeg.set,6076
sub-53,ses-1,eyesopen,0,NS,8,250.0,61,1250,3,61,1250,data\sub-53\ses-1\eeg\sub-53_ses-1_task-eyesopen_eeg.set,6077
sub-53,ses-1,eyesopen,0,NS,9,250.0,61,1250,3,61,1250,data\sub-53\ses-1\eeg\sub-53_ses-1_task-eyesopen_eeg.set,6078
sub-53,ses-1,eyesopen,0,NS,10,250.0,61,1250,3,61,1250,data\sub-53\ses-1\eeg\sub-53_ses-1_task-eyesopen_eeg.set,6079
sub-53,ses-1,eyesopen,0,NS,11,250.0,61,1250,3,61,1250,data\sub-53\ses-1\eeg\sub-53_ses-1_task-eyesopen_eeg.set,6080
sub-53,ses-1,eyesopen,0,NS,12,250.0,61,1250,3,61,1250,data\sub-53\ses-1\eeg\sub-53_ses-1_task-eyesopen_eeg.set,6081
sub-53,ses-1,eyesopen,0,NS,13,250.0,61,1250,3,61,1250,data\sub-53\ses-1\eeg\sub-53_ses-1_task-eyesopen_eeg.set,6082
sub-53,ses-1,eyesopen,0,NS,14,250.0,61,1250,3,61,1250,data\sub-53\ses-1\eeg\sub-53_ses-1_task-eyesopen_eeg.set,6083
sub-53,ses-1,eyesopen,0,NS,15,250.0,61,1250,3,61,1250,data\sub-53\ses-1\eeg\sub-53_ses-1_task-eyesopen_eeg.set,6084
sub-53,ses-1,eyesopen,0,NS,16,250.0,61,1250,3,61,1250,data\sub-53\ses-1\eeg\sub-53_ses-1_task-eyesopen_eeg.set,6085
sub-53,ses-1,eyesopen,0,NS,17,250.0,61,1250,3,61,1250,data\sub-53\ses-1\eeg\sub-53_ses-1_task-eyesopen_eeg.set,6086
sub-53,ses-1,eyesopen,0,NS,18,250.0,61,1250,3,61,1250,data\sub-53\ses-1\eeg\sub-53_ses-1_task-eyesopen_eeg.set,6087
sub-53,ses-1,eyesopen,0,NS,19,250.0,61,1250,3,61,1250,data\sub-53\ses-1\eeg\sub-53_ses-1_task-eyesopen_eeg.set,6088
sub-53,ses-1,eyesopen,0,NS,20,250.0,61,1250,3,61,1250,data\sub-53\ses-1\eeg\sub-53_ses-1_task-eyesopen_eeg.set,6089
sub-53,ses-1,eyesopen,0,NS,21,250.0,61,1250,3,61,1250,data\sub-53\ses-1\eeg\sub-53_ses-1_task-eyesopen_eeg.set,6090
sub-53,ses-1,eyesopen,0,NS,22,250.0,61,1250,3,61,1250,data\sub-53\ses-1\eeg\sub-53_ses-1_task-eyesopen_eeg.set,6091
sub-53,ses-1,eyesopen,0,NS,23,250.0,61,1250,3,61,1250,data\sub-53\ses-1\eeg\sub-53_ses-1_task-eyesopen_eeg.set,6092
sub-53,ses-1,eyesopen,0,NS,24,250.0,61,1250,3,61,1250,data\sub-53\ses-1\eeg\sub-53_ses-1_task-eyesopen_eeg.set,6093
sub-53,ses-1,eyesopen,0,NS,25,250.0,61,1250,3,61,1250,data\sub-53\ses-1\eeg\sub-53_ses-1_task-eyesopen_eeg.set,6094
sub-53,ses-1,eyesopen,0,NS,26,250.0,61,1250,3,61,1250,data\sub-53\ses-1\eeg\sub-53_ses-1_task-eyesopen_eeg.set,6095
sub-53,ses-1,eyesopen,0,NS,27,250.0,61,1250,3,61,1250,data\sub-53\ses-1\eeg\sub-53_ses-1_task-eyesopen_eeg.set,6096
sub-53,ses-1,eyesopen,0,NS,28,250.0,61,1250,3,61,1250,data\sub-53\ses-1\eeg\sub-53_ses-1_task-eyesopen_eeg.set,6097
sub-53,ses-1,eyesopen,0,NS,29,250.0,61,1250,3,61,1250,data\sub-53\ses-1\eeg\sub-53_ses-1_task-eyesopen_eeg.set,6098
sub-53,ses-1,eyesopen,0,NS,30,250.0,61,1250,3,61,1250,data\sub-53\ses-1\eeg\sub-53_ses-1_task-eyesopen_eeg.set,6099
sub-53,ses-1,eyesopen,0,NS,31,250.0,61,1250,3,61,1250,data\sub-53\ses-1\eeg\sub-53_ses-1_task-eyesopen_eeg.set,6100
sub-53,ses-1,eyesopen,0,NS,32,250.0,61,1250,3,61,1250,data\sub-53\ses-1\eeg\sub-53_ses-1_task-eyesopen_eeg.set,6101
sub-53,ses-1,eyesopen,0,NS,33,250.0,61,1250,3,61,1250,data\sub-53\ses-1\eeg\sub-53_ses-1_task-eyesopen_eeg.set,6102
sub-53,ses-1,eyesopen,0,NS,34,250.0,61,1250,3,61,1250,data\sub-53\ses-1\eeg\sub-53_ses-1_task-eyesopen_eeg.set,6103
sub-53,ses-1,eyesopen,0,NS,35,250.0,61,1250,3,61,1250,data\sub-53\ses-1\eeg\sub-53_ses-1_task-eyesopen_eeg.set,6104
sub-53,ses-1,eyesopen,0,NS,36,250.0,61,1250,3,61,1250,data\sub-53\ses-1\eeg\sub-53_ses-1_task-eyesopen_eeg.set,6105
sub-53,ses-1,eyesopen,0,NS,37,250.0,61,1250,3,61,1250,data\sub-53\ses-1\eeg\sub-53_ses-1_task-eyesopen_eeg.set,6106
sub-53,ses-1,eyesopen,0,NS,38,250.0,61,1250,3,61,1250,data\sub-53\ses-1\eeg\sub-53_ses-1_task-eyesopen_eeg.set,6107
sub-53,ses-1,eyesopen,0,NS,39,250.0,61,1250,3,61,1250,data\sub-53\ses-1\eeg\sub-53_ses-1_task-eyesopen_eeg.set,6108
sub-53,ses-1,eyesopen,0,NS,40,250.0,61,1250,3,61,1250,data\sub-53\ses-1\eeg\sub-53_ses-1_task-eyesopen_eeg.set,6109
sub-53,ses-1,eyesopen,0,NS,41,250.0,61,1250,3,61,1250,data\sub-53\ses-1\eeg\sub-53_ses-1_task-eyesopen_eeg.set,6110
sub-53,ses-1,eyesopen,0,NS,42,250.0,61,1250,3,61,1250,data\sub-53\ses-1\eeg\sub-53_ses-1_task-eyesopen_eeg.set,6111
sub-53,ses-1,eyesopen,0,NS,43,250.0,61,1250,3,61,1250,data\sub-53\ses-1\eeg\sub-53_ses-1_task-eyesopen_eeg.set,6112
sub-53,ses-1,eyesopen,0,NS,44,250.0,61,1250,3,61,1250,data\sub-53\ses-1\eeg\sub-53_ses-1_task-eyesopen_eeg.set,6113
sub-53,ses-1,eyesopen,0,NS,45,250.0,61,1250,3,61,1250,data\sub-53\ses-1\eeg\sub-53_ses-1_task-eyesopen_eeg.set,6114
sub-53,ses-1,eyesopen,0,NS,46,250.0,61,1250,3,61,1250,data\sub-53\ses-1\eeg\sub-53_ses-1_task-eyesopen_eeg.set,6115
sub-53,ses-1,eyesopen,0,NS,47,250.0,61,1250,3,61,1250,data\sub-53\ses-1\eeg\sub-53_ses-1_task-eyesopen_eeg.set,6116
sub-53,ses-1,eyesopen,0,NS,48,250.0,61,1250,3,61,1250,data\sub-53\ses-1\eeg\sub-53_ses-1_task-eyesopen_eeg.set,6117
sub-53,ses-1,eyesopen,0,NS,49,250.0,61,1250,3,61,1250,data\sub-53\ses-1\eeg\sub-53_ses-1_task-eyesopen_eeg.set,6118
sub-53,ses-1,eyesopen,0,NS,50,250.0,61,1250,3,61,1250,data\sub-53\ses-1\eeg\sub-53_ses-1_task-eyesopen_eeg.set,6119
sub-53,ses-1,eyesopen,0,NS,51,250.0,61,1250,3,61,1250,data\sub-53\ses-1\eeg\sub-53_ses-1_task-eyesopen_eeg.set,6120
sub-53,ses-1,eyesopen,0,NS,52,250.0,61,1250,3,61,1250,data\sub-53\ses-1\eeg\sub-53_ses-1_task-eyesopen_eeg.set,6121
sub-53,ses-1,eyesopen,0,NS,53,250.0,61,1250,3,61,1250,data\sub-53\ses-1\eeg\sub-53_ses-1_task-eyesopen_eeg.set,6122
sub-53,ses-1,eyesopen,0,NS,54,250.0,61,1250,3,61,1250,data\sub-53\ses-1\eeg\sub-53_ses-1_task-eyesopen_eeg.set,6123
sub-53,ses-1,eyesopen,0,NS,55,250.0,61,1250,3,61,1250,data\sub-53\ses-1\eeg\sub-53_ses-1_task-eyesopen_eeg.set,6124
sub-53,ses-1,eyesopen,0,NS,56,250.0,61,1250,3,61,1250,data\sub-53\ses-1\eeg\sub-53_ses-1_task-eyesopen_eeg.set,6125
sub-53,ses-1,eyesopen,0,NS,57,250.0,61,1250,3,61,1250,data\sub-53\ses-1\eeg\sub-53_ses-1_task-eyesopen_eeg.set,6126
sub-53,ses-1,eyesopen,0,NS,58,250.0,61,1250,3,61,1250,data\sub-53\ses-1\eeg\sub-53_ses-1_task-eyesopen_eeg.set,6127
sub-53,ses-1,eyesopen,0,NS,59,250.0,61,1250,3,61,1250,data\sub-53\ses-1\eeg\sub-53_ses-1_task-eyesopen_eeg.set,6128
sub-53,ses-2,eyesopen,1,SD,0,250.0,61,1250,3,61,1250,data\sub-53\ses-2\eeg\sub-53_ses-2_task-eyesopen_eeg.set,6129
sub-53,ses-2,eyesopen,1,SD,1,250.0,61,1250,3,61,1250,data\sub-53\ses-2\eeg\sub-53_ses-2_task-eyesopen_eeg.set,6130
sub-53,ses-2,eyesopen,1,SD,2,250.0,61,1250,3,61,1250,data\sub-53\ses-2\eeg\sub-53_ses-2_task-eyesopen_eeg.set,6131
sub-53,ses-2,eyesopen,1,SD,3,250.0,61,1250,3,61,1250,data\sub-53\ses-2\eeg\sub-53_ses-2_task-eyesopen_eeg.set,6132
sub-53,ses-2,eyesopen,1,SD,4,250.0,61,1250,3,61,1250,data\sub-53\ses-2\eeg\sub-53_ses-2_task-eyesopen_eeg.set,6133
sub-53,ses-2,eyesopen,1,SD,5,250.0,61,1250,3,61,1250,data\sub-53\ses-2\eeg\sub-53_ses-2_task-eyesopen_eeg.set,6134
sub-53,ses-2,eyesopen,1,SD,6,250.0,61,1250,3,61,1250,data\sub-53\ses-2\eeg\sub-53_ses-2_task-eyesopen_eeg.set,6135
sub-53,ses-2,eyesopen,1,SD,7,250.0,61,1250,3,61,1250,data\sub-53\ses-2\eeg\sub-53_ses-2_task-eyesopen_eeg.set,6136
sub-53,ses-2,eyesopen,1,SD,8,250.0,61,1250,3,61,1250,data\sub-53\ses-2\eeg\sub-53_ses-2_task-eyesopen_eeg.set,6137
sub-53,ses-2,eyesopen,1,SD,9,250.0,61,1250,3,61,1250,data\sub-53\ses-2\eeg\sub-53_ses-2_task-eyesopen_eeg.set,6138
sub-53,ses-2,eyesopen,1,SD,10,250.0,61,1250,3,61,1250,data\sub-53\ses-2\eeg\sub-53_ses-2_task-eyesopen_eeg.set,6139
sub-53,ses-2,eyesopen,1,SD,11,250.0,61,1250,3,61,1250,data\sub-53\ses-2\eeg\sub-53_ses-2_task-eyesopen_eeg.set,6140
sub-53,ses-2,eyesopen,1,SD,12,250.0,61,1250,3,61,1250,data\sub-53\ses-2\eeg\sub-53_ses-2_task-eyesopen_eeg.set,6141
sub-53,ses-2,eyesopen,1,SD,13,250.0,61,1250,3,61,1250,data\sub-53\ses-2\eeg\sub-53_ses-2_task-eyesopen_eeg.set,6142
sub-53,ses-2,eyesopen,1,SD,14,250.0,61,1250,3,61,1250,data\sub-53\ses-2\eeg\sub-53_ses-2_task-eyesopen_eeg.set,6143
sub-53,ses-2,eyesopen,1,SD,15,250.0,61,1250,3,61,1250,data\sub-53\ses-2\eeg\sub-53_ses-2_task-eyesopen_eeg.set,6144
sub-53,ses-2,eyesopen,1,SD,16,250.0,61,1250,3,61,1250,data\sub-53\ses-2\eeg\sub-53_ses-2_task-eyesopen_eeg.set,6145
sub-53,ses-2,eyesopen,1,SD,17,250.0,61,1250,3,61,1250,data\sub-53\ses-2\eeg\sub-53_ses-2_task-eyesopen_eeg.set,6146
sub-53,ses-2,eyesopen,1,SD,18,250.0,61,1250,3,61,1250,data\sub-53\ses-2\eeg\sub-53_ses-2_task-eyesopen_eeg.set,6147
sub-53,ses-2,eyesopen,1,SD,19,250.0,61,1250,3,61,1250,data\sub-53\ses-2\eeg\sub-53_ses-2_task-eyesopen_eeg.set,6148
sub-53,ses-2,eyesopen,1,SD,20,250.0,61,1250,3,61,1250,data\sub-53\ses-2\eeg\sub-53_ses-2_task-eyesopen_eeg.set,6149
sub-53,ses-2,eyesopen,1,SD,21,250.0,61,1250,3,61,1250,data\sub-53\ses-2\eeg\sub-53_ses-2_task-eyesopen_eeg.set,6150
sub-53,ses-2,eyesopen,1,SD,22,250.0,61,1250,3,61,1250,data\sub-53\ses-2\eeg\sub-53_ses-2_task-eyesopen_eeg.set,6151
sub-53,ses-2,eyesopen,1,SD,23,250.0,61,1250,3,61,1250,data\sub-53\ses-2\eeg\sub-53_ses-2_task-eyesopen_eeg.set,6152
sub-53,ses-2,eyesopen,1,SD,24,250.0,61,1250,3,61,1250,data\sub-53\ses-2\eeg\sub-53_ses-2_task-eyesopen_eeg.set,6153
sub-53,ses-2,eyesopen,1,SD,25,250.0,61,1250,3,61,1250,data\sub-53\ses-2\eeg\sub-53_ses-2_task-eyesopen_eeg.set,6154
sub-53,ses-2,eyesopen,1,SD,26,250.0,61,1250,3,61,1250,data\sub-53\ses-2\eeg\sub-53_ses-2_task-eyesopen_eeg.set,6155
sub-53,ses-2,eyesopen,1,SD,27,250.0,61,1250,3,61,1250,data\sub-53\ses-2\eeg\sub-53_ses-2_task-eyesopen_eeg.set,6156
sub-53,ses-2,eyesopen,1,SD,28,250.0,61,1250,3,61,1250,data\sub-53\ses-2\eeg\sub-53_ses-2_task-eyesopen_eeg.set,6157
sub-53,ses-2,eyesopen,1,SD,29,250.0,61,1250,3,61,1250,data\sub-53\ses-2\eeg\sub-53_ses-2_task-eyesopen_eeg.set,6158
sub-53,ses-2,eyesopen,1,SD,30,250.0,61,1250,3,61,1250,data\sub-53\ses-2\eeg\sub-53_ses-2_task-eyesopen_eeg.set,6159
sub-53,ses-2,eyesopen,1,SD,31,250.0,61,1250,3,61,1250,data\sub-53\ses-2\eeg\sub-53_ses-2_task-eyesopen_eeg.set,6160
sub-53,ses-2,eyesopen,1,SD,32,250.0,61,1250,3,61,1250,data\sub-53\ses-2\eeg\sub-53_ses-2_task-eyesopen_eeg.set,6161
sub-53,ses-2,eyesopen,1,SD,33,250.0,61,1250,3,61,1250,data\sub-53\ses-2\eeg\sub-53_ses-2_task-eyesopen_eeg.set,6162
sub-53,ses-2,eyesopen,1,SD,34,250.0,61,1250,3,61,1250,data\sub-53\ses-2\eeg\sub-53_ses-2_task-eyesopen_eeg.set,6163
sub-53,ses-2,eyesopen,1,SD,35,250.0,61,1250,3,61,1250,data\sub-53\ses-2\eeg\sub-53_ses-2_task-eyesopen_eeg.set,6164
sub-53,ses-2,eyesopen,1,SD,36,250.0,61,1250,3,61,1250,data\sub-53\ses-2\eeg\sub-53_ses-2_task-eyesopen_eeg.set,6165
sub-53,ses-2,eyesopen,1,SD,37,250.0,61,1250,3,61,1250,data\sub-53\ses-2\eeg\sub-53_ses-2_task-eyesopen_eeg.set,6166
sub-53,ses-2,eyesopen,1,SD,38,250.0,61,1250,3,61,1250,data\sub-53\ses-2\eeg\sub-53_ses-2_task-eyesopen_eeg.set,6167
sub-53,ses-2,eyesopen,1,SD,39,250.0,61,1250,3,61,1250,data\sub-53\ses-2\eeg\sub-53_ses-2_task-eyesopen_eeg.set,6168
sub-53,ses-2,eyesopen,1,SD,40,250.0,61,1250,3,61,1250,data\sub-53\ses-2\eeg\sub-53_ses-2_task-eyesopen_eeg.set,6169
sub-53,ses-2,eyesopen,1,SD,41,250.0,61,1250,3,61,1250,data\sub-53\ses-2\eeg\sub-53_ses-2_task-eyesopen_eeg.set,6170
sub-53,ses-2,eyesopen,1,SD,42,250.0,61,1250,3,61,1250,data\sub-53\ses-2\eeg\sub-53_ses-2_task-eyesopen_eeg.set,6171
sub-53,ses-2,eyesopen,1,SD,43,250.0,61,1250,3,61,1250,data\sub-53\ses-2\eeg\sub-53_ses-2_task-eyesopen_eeg.set,6172
sub-53,ses-2,eyesopen,1,SD,44,250.0,61,1250,3,61,1250,data\sub-53\ses-2\eeg\sub-53_ses-2_task-eyesopen_eeg.set,6173
sub-53,ses-2,eyesopen,1,SD,45,250.0,61,1250,3,61,1250,data\sub-53\ses-2\eeg\sub-53_ses-2_task-eyesopen_eeg.set,6174
sub-53,ses-2,eyesopen,1,SD,46,250.0,61,1250,3,61,1250,data\sub-53\ses-2\eeg\sub-53_ses-2_task-eyesopen_eeg.set,6175
sub-53,ses-2,eyesopen,1,SD,47,250.0,61,1250,3,61,1250,data\sub-53\ses-2\eeg\sub-53_ses-2_task-eyesopen_eeg.set,6176
sub-53,ses-2,eyesopen,1,SD,48,250.0,61,1250,3,61,1250,data\sub-53\ses-2\eeg\sub-53_ses-2_task-eyesopen_eeg.set,6177
sub-53,ses-2,eyesopen,1,SD,49,250.0,61,1250,3,61,1250,data\sub-53\ses-2\eeg\sub-53_ses-2_task-eyesopen_eeg.set,6178
sub-53,ses-2,eyesopen,1,SD,50,250.0,61,1250,3,61,1250,data\sub-53\ses-2\eeg\sub-53_ses-2_task-eyesopen_eeg.set,6179
sub-53,ses-2,eyesopen,1,SD,51,250.0,61,1250,3,61,1250,data\sub-53\ses-2\eeg\sub-53_ses-2_task-eyesopen_eeg.set,6180
sub-53,ses-2,eyesopen,1,SD,52,250.0,61,1250,3,61,1250,data\sub-53\ses-2\eeg\sub-53_ses-2_task-eyesopen_eeg.set,6181
sub-53,ses-2,eyesopen,1,SD,53,250.0,61,1250,3,61,1250,data\sub-53\ses-2\eeg\sub-53_ses-2_task-eyesopen_eeg.set,6182
sub-53,ses-2,eyesopen,1,SD,54,250.0,61,1250,3,61,1250,data\sub-53\ses-2\eeg\sub-53_ses-2_task-eyesopen_eeg.set,6183
sub-53,ses-2,eyesopen,1,SD,55,250.0,61,1250,3,61,1250,data\sub-53\ses-2\eeg\sub-53_ses-2_task-eyesopen_eeg.set,6184
sub-53,ses-2,eyesopen,1,SD,56,250.0,61,1250,3,61,1250,data\sub-53\ses-2\eeg\sub-53_ses-2_task-eyesopen_eeg.set,6185
sub-53,ses-2,eyesopen,1,SD,57,250.0,61,1250,3,61,1250,data\sub-53\ses-2\eeg\sub-53_ses-2_task-eyesopen_eeg.set,6186
sub-53,ses-2,eyesopen,1,SD,58,250.0,61,1250,3,61,1250,data\sub-53\ses-2\eeg\sub-53_ses-2_task-eyesopen_eeg.set,6187
sub-53,ses-2,eyesopen,1,SD,59,250.0,61,1250,3,61,1250,data\sub-53\ses-2\eeg\sub-53_ses-2_task-eyesopen_eeg.set,6188
sub-55,ses-1,eyesopen,0,NS,0,250.0,61,1250,3,61,1250,data\sub-55\ses-1\eeg\sub-55_ses-1_task-eyesopen_eeg.set,6309
sub-55,ses-1,eyesopen,0,NS,1,250.0,61,1250,3,61,1250,data\sub-55\ses-1\eeg\sub-55_ses-1_task-eyesopen_eeg.set,6310
sub-55,ses-1,eyesopen,0,NS,2,250.0,61,1250,3,61,1250,data\sub-55\ses-1\eeg\sub-55_ses-1_task-eyesopen_eeg.set,6311
sub-55,ses-1,eyesopen,0,NS,3,250.0,61,1250,3,61,1250,data\sub-55\ses-1\eeg\sub-55_ses-1_task-eyesopen_eeg.set,6312
sub-55,ses-1,eyesopen,0,NS,4,250.0,61,1250,3,61,1250,data\sub-55\ses-1\eeg\sub-55_ses-1_task-eyesopen_eeg.set,6313
sub-55,ses-1,eyesopen,0,NS,5,250.0,61,1250,3,61,1250,data\sub-55\ses-1\eeg\sub-55_ses-1_task-eyesopen_eeg.set,6314
sub-55,ses-1,eyesopen,0,NS,6,250.0,61,1250,3,61,1250,data\sub-55\ses-1\eeg\sub-55_ses-1_task-eyesopen_eeg.set,6315
sub-55,ses-1,eyesopen,0,NS,7,250.0,61,1250,3,61,1250,data\sub-55\ses-1\eeg\sub-55_ses-1_task-eyesopen_eeg.set,6316
sub-55,ses-1,eyesopen,0,NS,8,250.0,61,1250,3,61,1250,data\sub-55\ses-1\eeg\sub-55_ses-1_task-eyesopen_eeg.set,6317
sub-55,ses-1,eyesopen,0,NS,9,250.0,61,1250,3,61,1250,data\sub-55\ses-1\eeg\sub-55_ses-1_task-eyesopen_eeg.set,6318
sub-55,ses-1,eyesopen,0,NS,10,250.0,61,1250,3,61,1250,data\sub-55\ses-1\eeg\sub-55_ses-1_task-eyesopen_eeg.set,6319
sub-55,ses-1,eyesopen,0,NS,11,250.0,61,1250,3,61,1250,data\sub-55\ses-1\eeg\sub-55_ses-1_task-eyesopen_eeg.set,6320
sub-55,ses-1,eyesopen,0,NS,12,250.0,61,1250,3,61,1250,data\sub-55\ses-1\eeg\sub-55_ses-1_task-eyesopen_eeg.set,6321
sub-55,ses-1,eyesopen,0,NS,13,250.0,61,1250,3,61,1250,data\sub-55\ses-1\eeg\sub-55_ses-1_task-eyesopen_eeg.set,6322
sub-55,ses-1,eyesopen,0,NS,14,250.0,61,1250,3,61,1250,data\sub-55\ses-1\eeg\sub-55_ses-1_task-eyesopen_eeg.set,6323
sub-55,ses-1,eyesopen,0,NS,15,250.0,61,1250,3,61,1250,data\sub-55\ses-1\eeg\sub-55_ses-1_task-eyesopen_eeg.set,6324
sub-55,ses-1,eyesopen,0,NS,16,250.0,61,1250,3,61,1250,data\sub-55\ses-1\eeg\sub-55_ses-1_task-eyesopen_eeg.set,6325
sub-55,ses-1,eyesopen,0,NS,17,250.0,61,1250,3,61,1250,data\sub-55\ses-1\eeg\sub-55_ses-1_task-eyesopen_eeg.set,6326
sub-55,ses-1,eyesopen,0,NS,18,250.0,61,1250,3,61,1250,data\sub-55\ses-1\eeg\sub-55_ses-1_task-eyesopen_eeg.set,6327
sub-55,ses-1,eyesopen,0,NS,19,250.0,61,1250,3,61,1250,data\sub-55\ses-1\eeg\sub-55_ses-1_task-eyesopen_eeg.set,6328
sub-55,ses-1,eyesopen,0,NS,20,250.0,61,1250,3,61,1250,data\sub-55\ses-1\eeg\sub-55_ses-1_task-eyesopen_eeg.set,6329
sub-55,ses-1,eyesopen,0,NS,21,250.0,61,1250,3,61,1250,data\sub-55\ses-1\eeg\sub-55_ses-1_task-eyesopen_eeg.set,6330
sub-55,ses-1,eyesopen,0,NS,22,250.0,61,1250,3,61,1250,data\sub-55\ses-1\eeg\sub-55_ses-1_task-eyesopen_eeg.set,6331
sub-55,ses-1,eyesopen,0,NS,23,250.0,61,1250,3,61,1250,data\sub-55\ses-1\eeg\sub-55_ses-1_task-eyesopen_eeg.set,6332
sub-55,ses-1,eyesopen,0,NS,24,250.0,61,1250,3,61,1250,data\sub-55\ses-1\eeg\sub-55_ses-1_task-eyesopen_eeg.set,6333
sub-55,ses-1,eyesopen,0,NS,25,250.0,61,1250,3,61,1250,data\sub-55\ses-1\eeg\sub-55_ses-1_task-eyesopen_eeg.set,6334
sub-55,ses-1,eyesopen,0,NS,26,250.0,61,1250,3,61,1250,data\sub-55\ses-1\eeg\sub-55_ses-1_task-eyesopen_eeg.set,6335
sub-55,ses-1,eyesopen,0,NS,27,250.0,61,1250,3,61,1250,data\sub-55\ses-1\eeg\sub-55_ses-1_task-eyesopen_eeg.set,6336
sub-55,ses-1,eyesopen,0,NS,28,250.0,61,1250,3,61,1250,data\sub-55\ses-1\eeg\sub-55_ses-1_task-eyesopen_eeg.set,6337
sub-55,ses-1,eyesopen,0,NS,29,250.0,61,1250,3,61,1250,data\sub-55\ses-1\eeg\sub-55_ses-1_task-eyesopen_eeg.set,6338
sub-55,ses-1,eyesopen,0,NS,30,250.0,61,1250,3,61,1250,data\sub-55\ses-1\eeg\sub-55_ses-1_task-eyesopen_eeg.set,6339
sub-55,ses-1,eyesopen,0,NS,31,250.0,61,1250,3,61,1250,data\sub-55\ses-1\eeg\sub-55_ses-1_task-eyesopen_eeg.set,6340
sub-55,ses-1,eyesopen,0,NS,32,250.0,61,1250,3,61,1250,data\sub-55\ses-1\eeg\sub-55_ses-1_task-eyesopen_eeg.set,6341
sub-55,ses-1,eyesopen,0,NS,33,250.0,61,1250,3,61,1250,data\sub-55\ses-1\eeg\sub-55_ses-1_task-eyesopen_eeg.set,6342
sub-55,ses-1,eyesopen,0,NS,34,250.0,61,1250,3,61,1250,data\sub-55\ses-1\eeg\sub-55_ses-1_task-eyesopen_eeg.set,6343
sub-55,ses-1,eyesopen,0,NS,35,250.0,61,1250,3,61,1250,data\sub-55\ses-1\eeg\sub-55_ses-1_task-eyesopen_eeg.set,6344
sub-55,ses-1,eyesopen,0,NS,36,250.0,61,1250,3,61,1250,data\sub-55\ses-1\eeg\sub-55_ses-1_task-eyesopen_eeg.set,6345
sub-55,ses-1,eyesopen,0,NS,37,250.0,61,1250,3,61,1250,data\sub-55\ses-1\eeg\sub-55_ses-1_task-eyesopen_eeg.set,6346
sub-55,ses-1,eyesopen,0,NS,38,250.0,61,1250,3,61,1250,data\sub-55\ses-1\eeg\sub-55_ses-1_task-eyesopen_eeg.set,6347
sub-55,ses-1,eyesopen,0,NS,39,250.0,61,1250,3,61,1250,data\sub-55\ses-1\eeg\sub-55_ses-1_task-eyesopen_eeg.set,6348
sub-55,ses-1,eyesopen,0,NS,40,250.0,61,1250,3,61,1250,data\sub-55\ses-1\eeg\sub-55_ses-1_task-eyesopen_eeg.set,6349
sub-55,ses-1,eyesopen,0,NS,41,250.0,61,1250,3,61,1250,data\sub-55\ses-1\eeg\sub-55_ses-1_task-eyesopen_eeg.set,6350
sub-55,ses-1,eyesopen,0,NS,42,250.0,61,1250,3,61,1250,data\sub-55\ses-1\eeg\sub-55_ses-1_task-eyesopen_eeg.set,6351
sub-55,ses-1,eyesopen,0,NS,43,250.0,61,1250,3,61,1250,data\sub-55\ses-1\eeg\sub-55_ses-1_task-eyesopen_eeg.set,6352
sub-55,ses-1,eyesopen,0,NS,44,250.0,61,1250,3,61,1250,data\sub-55\ses-1\eeg\sub-55_ses-1_task-eyesopen_eeg.set,6353
sub-55,ses-1,eyesopen,0,NS,45,250.0,61,1250,3,61,1250,data\sub-55\ses-1\eeg\sub-55_ses-1_task-eyesopen_eeg.set,6354
sub-55,ses-1,eyesopen,0,NS,46,250.0,61,1250,3,61,1250,data\sub-55\ses-1\eeg\sub-55_ses-1_task-eyesopen_eeg.set,6355
sub-55,ses-1,eyesopen,0,NS,47,250.0,61,1250,3,61,1250,data\sub-55\ses-1\eeg\sub-55_ses-1_task-eyesopen_eeg.set,6356
sub-55,ses-1,eyesopen,0,NS,48,250.0,61,1250,3,61,1250,data\sub-55\ses-1\eeg\sub-55_ses-1_task-eyesopen_eeg.set,6357
sub-55,ses-1,eyesopen,0,NS,49,250.0,61,1250,3,61,1250,data\sub-55\ses-1\eeg\sub-55_ses-1_task-eyesopen_eeg.set,6358
sub-55,ses-1,eyesopen,0,NS,50,250.0,61,1250,3,61,1250,data\sub-55\ses-1\eeg\sub-55_ses-1_task-eyesopen_eeg.set,6359
sub-55,ses-1,eyesopen,0,NS,51,250.0,61,1250,3,61,1250,data\sub-55\ses-1\eeg\sub-55_ses-1_task-eyesopen_eeg.set,6360
sub-55,ses-1,eyesopen,0,NS,52,250.0,61,1250,3,61,1250,data\sub-55\ses-1\eeg\sub-55_ses-1_task-eyesopen_eeg.set,6361
sub-55,ses-1,eyesopen,0,NS,53,250.0,61,1250,3,61,1250,data\sub-55\ses-1\eeg\sub-55_ses-1_task-eyesopen_eeg.set,6362
sub-55,ses-1,eyesopen,0,NS,54,250.0,61,1250,3,61,1250,data\sub-55\ses-1\eeg\sub-55_ses-1_task-eyesopen_eeg.set,6363
sub-55,ses-1,eyesopen,0,NS,55,250.0,61,1250,3,61,1250,data\sub-55\ses-1\eeg\sub-55_ses-1_task-eyesopen_eeg.set,6364
sub-55,ses-1,eyesopen,0,NS,56,250.0,61,1250,3,61,1250,data\sub-55\ses-1\eeg\sub-55_ses-1_task-eyesopen_eeg.set,6365
sub-55,ses-1,eyesopen,0,NS,57,250.0,61,1250,3,61,1250,data\sub-55\ses-1\eeg\sub-55_ses-1_task-eyesopen_eeg.set,6366
sub-55,ses-1,eyesopen,0,NS,58,250.0,61,1250,3,61,1250,data\sub-55\ses-1\eeg\sub-55_ses-1_task-eyesopen_eeg.set,6367
sub-55,ses-1,eyesopen,0,NS,59,250.0,61,1250,3,61,1250,data\sub-55\ses-1\eeg\sub-55_ses-1_task-eyesopen_eeg.set,6368
sub-55,ses-2,eyesopen,1,SD,0,250.0,61,1250,3,61,1250,data\sub-55\ses-2\eeg\sub-55_ses-2_task-eyesopen_eeg.set,6369
sub-55,ses-2,eyesopen,1,SD,1,250.0,61,1250,3,61,1250,data\sub-55\ses-2\eeg\sub-55_ses-2_task-eyesopen_eeg.set,6370
sub-55,ses-2,eyesopen,1,SD,2,250.0,61,1250,3,61,1250,data\sub-55\ses-2\eeg\sub-55_ses-2_task-eyesopen_eeg.set,6371
sub-55,ses-2,eyesopen,1,SD,3,250.0,61,1250,3,61,1250,data\sub-55\ses-2\eeg\sub-55_ses-2_task-eyesopen_eeg.set,6372
sub-55,ses-2,eyesopen,1,SD,4,250.0,61,1250,3,61,1250,data\sub-55\ses-2\eeg\sub-55_ses-2_task-eyesopen_eeg.set,6373
sub-55,ses-2,eyesopen,1,SD,5,250.0,61,1250,3,61,1250,data\sub-55\ses-2\eeg\sub-55_ses-2_task-eyesopen_eeg.set,6374
sub-55,ses-2,eyesopen,1,SD,6,250.0,61,1250,3,61,1250,data\sub-55\ses-2\eeg\sub-55_ses-2_task-eyesopen_eeg.set,6375
sub-55,ses-2,eyesopen,1,SD,7,250.0,61,1250,3,61,1250,data\sub-55\ses-2\eeg\sub-55_ses-2_task-eyesopen_eeg.set,6376
sub-55,ses-2,eyesopen,1,SD,8,250.0,61,1250,3,61,1250,data\sub-55\ses-2\eeg\sub-55_ses-2_task-eyesopen_eeg.set,6377
sub-55,ses-2,eyesopen,1,SD,9,250.0,61,1250,3,61,1250,data\sub-55\ses-2\eeg\sub-55_ses-2_task-eyesopen_eeg.set,6378
sub-55,ses-2,eyesopen,1,SD,10,250.0,61,1250,3,61,1250,data\sub-55\ses-2\eeg\sub-55_ses-2_task-eyesopen_eeg.set,6379
sub-55,ses-2,eyesopen,1,SD,11,250.0,61,1250,3,61,1250,data\sub-55\ses-2\eeg\sub-55_ses-2_task-eyesopen_eeg.set,6380
sub-55,ses-2,eyesopen,1,SD,12,250.0,61,1250,3,61,1250,data\sub-55\ses-2\eeg\sub-55_ses-2_task-eyesopen_eeg.set,6381
sub-55,ses-2,eyesopen,1,SD,13,250.0,61,1250,3,61,1250,data\sub-55\ses-2\eeg\sub-55_ses-2_task-eyesopen_eeg.set,6382
sub-55,ses-2,eyesopen,1,SD,14,250.0,61,1250,3,61,1250,data\sub-55\ses-2\eeg\sub-55_ses-2_task-eyesopen_eeg.set,6383
sub-55,ses-2,eyesopen,1,SD,15,250.0,61,1250,3,61,1250,data\sub-55\ses-2\eeg\sub-55_ses-2_task-eyesopen_eeg.set,6384
sub-55,ses-2,eyesopen,1,SD,16,250.0,61,1250,3,61,1250,data\sub-55\ses-2\eeg\sub-55_ses-2_task-eyesopen_eeg.set,6385
sub-55,ses-2,eyesopen,1,SD,17,250.0,61,1250,3,61,1250,data\sub-55\ses-2\eeg\sub-55_ses-2_task-eyesopen_eeg.set,6386
sub-55,ses-2,eyesopen,1,SD,18,250.0,61,1250,3,61,1250,data\sub-55\ses-2\eeg\sub-55_ses-2_task-eyesopen_eeg.set,6387
sub-55,ses-2,eyesopen,1,SD,19,250.0,61,1250,3,61,1250,data\sub-55\ses-2\eeg\sub-55_ses-2_task-eyesopen_eeg.set,6388
sub-55,ses-2,eyesopen,1,SD,20,250.0,61,1250,3,61,1250,data\sub-55\ses-2\eeg\sub-55_ses-2_task-eyesopen_eeg.set,6389
sub-55,ses-2,eyesopen,1,SD,21,250.0,61,1250,3,61,1250,data\sub-55\ses-2\eeg\sub-55_ses-2_task-eyesopen_eeg.set,6390
sub-55,ses-2,eyesopen,1,SD,22,250.0,61,1250,3,61,1250,data\sub-55\ses-2\eeg\sub-55_ses-2_task-eyesopen_eeg.set,6391
sub-55,ses-2,eyesopen,1,SD,23,250.0,61,1250,3,61,1250,data\sub-55\ses-2\eeg\sub-55_ses-2_task-eyesopen_eeg.set,6392
sub-55,ses-2,eyesopen,1,SD,24,250.0,61,1250,3,61,1250,data\sub-55\ses-2\eeg\sub-55_ses-2_task-eyesopen_eeg.set,6393
sub-55,ses-2,eyesopen,1,SD,25,250.0,61,1250,3,61,1250,data\sub-55\ses-2\eeg\sub-55_ses-2_task-eyesopen_eeg.set,6394
sub-55,ses-2,eyesopen,1,SD,26,250.0,61,1250,3,61,1250,data\sub-55\ses-2\eeg\sub-55_ses-2_task-eyesopen_eeg.set,6395
sub-55,ses-2,eyesopen,1,SD,27,250.0,61,1250,3,61,1250,data\sub-55\ses-2\eeg\sub-55_ses-2_task-eyesopen_eeg.set,6396
sub-55,ses-2,eyesopen,1,SD,28,250.0,61,1250,3,61,1250,data\sub-55\ses-2\eeg\sub-55_ses-2_task-eyesopen_eeg.set,6397
sub-55,ses-2,eyesopen,1,SD,29,250.0,61,1250,3,61,1250,data\sub-55\ses-2\eeg\sub-55_ses-2_task-eyesopen_eeg.set,6398
sub-55,ses-2,eyesopen,1,SD,30,250.0,61,1250,3,61,1250,data\sub-55\ses-2\eeg\sub-55_ses-2_task-eyesopen_eeg.set,6399
sub-55,ses-2,eyesopen,1,SD,31,250.0,61,1250,3,61,1250,data\sub-55\ses-2\eeg\sub-55_ses-2_task-eyesopen_eeg.set,6400
sub-55,ses-2,eyesopen,1,SD,32,250.0,61,1250,3,61,1250,data\sub-55\ses-2\eeg\sub-55_ses-2_task-eyesopen_eeg.set,6401
sub-55,ses-2,eyesopen,1,SD,33,250.0,61,1250,3,61,1250,data\sub-55\ses-2\eeg\sub-55_ses-2_task-eyesopen_eeg.set,6402
sub-55,ses-2,eyesopen,1,SD,34,250.0,61,1250,3,61,1250,data\sub-55\ses-2\eeg\sub-55_ses-2_task-eyesopen_eeg.set,6403
sub-55,ses-2,eyesopen,1,SD,35,250.0,61,1250,3,61,1250,data\sub-55\ses-2\eeg\sub-55_ses-2_task-eyesopen_eeg.set,6404
sub-55,ses-2,eyesopen,1,SD,36,250.0,61,1250,3,61,1250,data\sub-55\ses-2\eeg\sub-55_ses-2_task-eyesopen_eeg.set,6405
sub-55,ses-2,eyesopen,1,SD,37,250.0,61,1250,3,61,1250,data\sub-55\ses-2\eeg\sub-55_ses-2_task-eyesopen_eeg.set,6406
sub-55,ses-2,eyesopen,1,SD,38,250.0,61,1250,3,61,1250,data\sub-55\ses-2\eeg\sub-55_ses-2_task-eyesopen_eeg.set,6407
sub-55,ses-2,eyesopen,1,SD,39,250.0,61,1250,3,61,1250,data\sub-55\ses-2\eeg\sub-55_ses-2_task-eyesopen_eeg.set,6408
sub-55,ses-2,eyesopen,1,SD,40,250.0,61,1250,3,61,1250,data\sub-55\ses-2\eeg\sub-55_ses-2_task-eyesopen_eeg.set,6409
sub-55,ses-2,eyesopen,1,SD,41,250.0,61,1250,3,61,1250,data\sub-55\ses-2\eeg\sub-55_ses-2_task-eyesopen_eeg.set,6410
sub-55,ses-2,eyesopen,1,SD,42,250.0,61,1250,3,61,1250,data\sub-55\ses-2\eeg\sub-55_ses-2_task-eyesopen_eeg.set,6411
sub-55,ses-2,eyesopen,1,SD,43,250.0,61,1250,3,61,1250,data\sub-55\ses-2\eeg\sub-55_ses-2_task-eyesopen_eeg.set,6412
sub-55,ses-2,eyesopen,1,SD,44,250.0,61,1250,3,61,1250,data\sub-55\ses-2\eeg\sub-55_ses-2_task-eyesopen_eeg.set,6413
sub-55,ses-2,eyesopen,1,SD,45,250.0,61,1250,3,61,1250,data\sub-55\ses-2\eeg\sub-55_ses-2_task-eyesopen_eeg.set,6414
sub-55,ses-2,eyesopen,1,SD,46,250.0,61,1250,3,61,1250,data\sub-55\ses-2\eeg\sub-55_ses-2_task-eyesopen_eeg.set,6415
sub-55,ses-2,eyesopen,1,SD,47,250.0,61,1250,3,61,1250,data\sub-55\ses-2\eeg\sub-55_ses-2_task-eyesopen_eeg.set,6416
sub-55,ses-2,eyesopen,1,SD,48,250.0,61,1250,3,61,1250,data\sub-55\ses-2\eeg\sub-55_ses-2_task-eyesopen_eeg.set,6417
sub-55,ses-2,eyesopen,1,SD,49,250.0,61,1250,3,61,1250,data\sub-55\ses-2\eeg\sub-55_ses-2_task-eyesopen_eeg.set,6418
sub-55,ses-2,eyesopen,1,SD,50,250.0,61,1250,3,61,1250,data\sub-55\ses-2\eeg\sub-55_ses-2_task-eyesopen_eeg.set,6419
sub-55,ses-2,eyesopen,1,SD,51,250.0,61,1250,3,61,1250,data\sub-55\ses-2\eeg\sub-55_ses-2_task-eyesopen_eeg.set,6420
sub-55,ses-2,eyesopen,1,SD,52,250.0,61,1250,3,61,1250,data\sub-55\ses-2\eeg\sub-55_ses-2_task-eyesopen_eeg.set,6421
sub-55,ses-2,eyesopen,1,SD,53,250.0,61,1250,3,61,1250,data\sub-55\ses-2\eeg\sub-55_ses-2_task-eyesopen_eeg.set,6422
sub-55,ses-2,eyesopen,1,SD,54,250.0,61,1250,3,61,1250,data\sub-55\ses-2\eeg\sub-55_ses-2_task-eyesopen_eeg.set,6423
sub-55,ses-2,eyesopen,1,SD,55,250.0,61,1250,3,61,1250,data\sub-55\ses-2\eeg\sub-55_ses-2_task-eyesopen_eeg.set,6424
sub-55,ses-2,eyesopen,1,SD,56,250.0,61,1250,3,61,1250,data\sub-55\ses-2\eeg\sub-55_ses-2_task-eyesopen_eeg.set,6425
sub-55,ses-2,eyesopen,1,SD,57,250.0,61,1250,3,61,1250,data\sub-55\ses-2\eeg\sub-55_ses-2_task-eyesopen_eeg.set,6426
sub-55,ses-2,eyesopen,1,SD,58,250.0,61,1250,3,61,1250,data\sub-55\ses-2\eeg\sub-55_ses-2_task-eyesopen_eeg.set,6427
sub-55,ses-2,eyesopen,1,SD,59,250.0,61,1250,3,61,1250,data\sub-55\ses-2\eeg\sub-55_ses-2_task-eyesopen_eeg.set,6428
sub-57,ses-1,eyesopen,0,NS,0,250.0,61,1250,3,61,1250,data\sub-57\ses-1\eeg\sub-57_ses-1_task-eyesopen_eeg.set,6549
sub-57,ses-1,eyesopen,0,NS,1,250.0,61,1250,3,61,1250,data\sub-57\ses-1\eeg\sub-57_ses-1_task-eyesopen_eeg.set,6550
sub-57,ses-1,eyesopen,0,NS,2,250.0,61,1250,3,61,1250,data\sub-57\ses-1\eeg\sub-57_ses-1_task-eyesopen_eeg.set,6551
sub-57,ses-1,eyesopen,0,NS,3,250.0,61,1250,3,61,1250,data\sub-57\ses-1\eeg\sub-57_ses-1_task-eyesopen_eeg.set,6552
sub-57,ses-1,eyesopen,0,NS,4,250.0,61,1250,3,61,1250,data\sub-57\ses-1\eeg\sub-57_ses-1_task-eyesopen_eeg.set,6553
sub-57,ses-1,eyesopen,0,NS,5,250.0,61,1250,3,61,1250,data\sub-57\ses-1\eeg\sub-57_ses-1_task-eyesopen_eeg.set,6554
sub-57,ses-1,eyesopen,0,NS,6,250.0,61,1250,3,61,1250,data\sub-57\ses-1\eeg\sub-57_ses-1_task-eyesopen_eeg.set,6555
sub-57,ses-1,eyesopen,0,NS,7,250.0,61,1250,3,61,1250,data\sub-57\ses-1\eeg\sub-57_ses-1_task-eyesopen_eeg.set,6556
sub-57,ses-1,eyesopen,0,NS,8,250.0,61,1250,3,61,1250,data\sub-57\ses-1\eeg\sub-57_ses-1_task-eyesopen_eeg.set,6557
sub-57,ses-1,eyesopen,0,NS,9,250.0,61,1250,3,61,1250,data\sub-57\ses-1\eeg\sub-57_ses-1_task-eyesopen_eeg.set,6558
sub-57,ses-1,eyesopen,0,NS,10,250.0,61,1250,3,61,1250,data\sub-57\ses-1\eeg\sub-57_ses-1_task-eyesopen_eeg.set,6559
sub-57,ses-1,eyesopen,0,NS,11,250.0,61,1250,3,61,1250,data\sub-57\ses-1\eeg\sub-57_ses-1_task-eyesopen_eeg.set,6560
sub-57,ses-1,eyesopen,0,NS,12,250.0,61,1250,3,61,1250,data\sub-57\ses-1\eeg\sub-57_ses-1_task-eyesopen_eeg.set,6561
sub-57,ses-1,eyesopen,0,NS,13,250.0,61,1250,3,61,1250,data\sub-57\ses-1\eeg\sub-57_ses-1_task-eyesopen_eeg.set,6562
sub-57,ses-1,eyesopen,0,NS,14,250.0,61,1250,3,61,1250,data\sub-57\ses-1\eeg\sub-57_ses-1_task-eyesopen_eeg.set,6563
sub-57,ses-1,eyesopen,0,NS,15,250.0,61,1250,3,61,1250,data\sub-57\ses-1\eeg\sub-57_ses-1_task-eyesopen_eeg.set,6564
sub-57,ses-1,eyesopen,0,NS,16,250.0,61,1250,3,61,1250,data\sub-57\ses-1\eeg\sub-57_ses-1_task-eyesopen_eeg.set,6565
sub-57,ses-1,eyesopen,0,NS,17,250.0,61,1250,3,61,1250,data\sub-57\ses-1\eeg\sub-57_ses-1_task-eyesopen_eeg.set,6566
sub-57,ses-1,eyesopen,0,NS,18,250.0,61,1250,3,61,1250,data\sub-57\ses-1\eeg\sub-57_ses-1_task-eyesopen_eeg.set,6567
sub-57,ses-1,eyesopen,0,NS,19,250.0,61,1250,3,61,1250,data\sub-57\ses-1\eeg\sub-57_ses-1_task-eyesopen_eeg.set,6568
sub-57,ses-1,eyesopen,0,NS,20,250.0,61,1250,3,61,1250,data\sub-57\ses-1\eeg\sub-57_ses-1_task-eyesopen_eeg.set,6569
sub-57,ses-1,eyesopen,0,NS,21,250.0,61,1250,3,61,1250,data\sub-57\ses-1\eeg\sub-57_ses-1_task-eyesopen_eeg.set,6570
sub-57,ses-1,eyesopen,0,NS,22,250.0,61,1250,3,61,1250,data\sub-57\ses-1\eeg\sub-57_ses-1_task-eyesopen_eeg.set,6571
sub-57,ses-1,eyesopen,0,NS,23,250.0,61,1250,3,61,1250,data\sub-57\ses-1\eeg\sub-57_ses-1_task-eyesopen_eeg.set,6572
sub-57,ses-1,eyesopen,0,NS,24,250.0,61,1250,3,61,1250,data\sub-57\ses-1\eeg\sub-57_ses-1_task-eyesopen_eeg.set,6573
sub-57,ses-1,eyesopen,0,NS,25,250.0,61,1250,3,61,1250,data\sub-57\ses-1\eeg\sub-57_ses-1_task-eyesopen_eeg.set,6574
sub-57,ses-1,eyesopen,0,NS,26,250.0,61,1250,3,61,1250,data\sub-57\ses-1\eeg\sub-57_ses-1_task-eyesopen_eeg.set,6575
sub-57,ses-1,eyesopen,0,NS,27,250.0,61,1250,3,61,1250,data\sub-57\ses-1\eeg\sub-57_ses-1_task-eyesopen_eeg.set,6576
sub-57,ses-1,eyesopen,0,NS,28,250.0,61,1250,3,61,1250,data\sub-57\ses-1\eeg\sub-57_ses-1_task-eyesopen_eeg.set,6577
sub-57,ses-1,eyesopen,0,NS,29,250.0,61,1250,3,61,1250,data\sub-57\ses-1\eeg\sub-57_ses-1_task-eyesopen_eeg.set,6578
sub-57,ses-1,eyesopen,0,NS,30,250.0,61,1250,3,61,1250,data\sub-57\ses-1\eeg\sub-57_ses-1_task-eyesopen_eeg.set,6579
sub-57,ses-1,eyesopen,0,NS,31,250.0,61,1250,3,61,1250,data\sub-57\ses-1\eeg\sub-57_ses-1_task-eyesopen_eeg.set,6580
sub-57,ses-1,eyesopen,0,NS,32,250.0,61,1250,3,61,1250,data\sub-57\ses-1\eeg\sub-57_ses-1_task-eyesopen_eeg.set,6581
sub-57,ses-1,eyesopen,0,NS,33,250.0,61,1250,3,61,1250,data\sub-57\ses-1\eeg\sub-57_ses-1_task-eyesopen_eeg.set,6582
sub-57,ses-1,eyesopen,0,NS,34,250.0,61,1250,3,61,1250,data\sub-57\ses-1\eeg\sub-57_ses-1_task-eyesopen_eeg.set,6583
sub-57,ses-1,eyesopen,0,NS,35,250.0,61,1250,3,61,1250,data\sub-57\ses-1\eeg\sub-57_ses-1_task-eyesopen_eeg.set,6584
sub-57,ses-1,eyesopen,0,NS,36,250.0,61,1250,3,61,1250,data\sub-57\ses-1\eeg\sub-57_ses-1_task-eyesopen_eeg.set,6585
sub-57,ses-1,eyesopen,0,NS,37,250.0,61,1250,3,61,1250,data\sub-57\ses-1\eeg\sub-57_ses-1_task-eyesopen_eeg.set,6586
sub-57,ses-1,eyesopen,0,NS,38,250.0,61,1250,3,61,1250,data\sub-57\ses-1\eeg\sub-57_ses-1_task-eyesopen_eeg.set,6587
sub-57,ses-1,eyesopen,0,NS,39,250.0,61,1250,3,61,1250,data\sub-57\ses-1\eeg\sub-57_ses-1_task-eyesopen_eeg.set,6588
sub-57,ses-1,eyesopen,0,NS,40,250.0,61,1250,3,61,1250,data\sub-57\ses-1\eeg\sub-57_ses-1_task-eyesopen_eeg.set,6589
sub-57,ses-1,eyesopen,0,NS,41,250.0,61,1250,3,61,1250,data\sub-57\ses-1\eeg\sub-57_ses-1_task-eyesopen_eeg.set,6590
sub-57,ses-1,eyesopen,0,NS,42,250.0,61,1250,3,61,1250,data\sub-57\ses-1\eeg\sub-57_ses-1_task-eyesopen_eeg.set,6591
sub-57,ses-1,eyesopen,0,NS,43,250.0,61,1250,3,61,1250,data\sub-57\ses-1\eeg\sub-57_ses-1_task-eyesopen_eeg.set,6592
sub-57,ses-1,eyesopen,0,NS,44,250.0,61,1250,3,61,1250,data\sub-57\ses-1\eeg\sub-57_ses-1_task-eyesopen_eeg.set,6593
sub-57,ses-1,eyesopen,0,NS,45,250.0,61,1250,3,61,1250,data\sub-57\ses-1\eeg\sub-57_ses-1_task-eyesopen_eeg.set,6594
sub-57,ses-1,eyesopen,0,NS,46,250.0,61,1250,3,61,1250,data\sub-57\ses-1\eeg\sub-57_ses-1_task-eyesopen_eeg.set,6595
sub-57,ses-1,eyesopen,0,NS,47,250.0,61,1250,3,61,1250,data\sub-57\ses-1\eeg\sub-57_ses-1_task-eyesopen_eeg.set,6596
sub-57,ses-1,eyesopen,0,NS,48,250.0,61,1250,3,61,1250,data\sub-57\ses-1\eeg\sub-57_ses-1_task-eyesopen_eeg.set,6597
sub-57,ses-1,eyesopen,0,NS,49,250.0,61,1250,3,61,1250,data\sub-57\ses-1\eeg\sub-57_ses-1_task-eyesopen_eeg.set,6598
sub-57,ses-1,eyesopen,0,NS,50,250.0,61,1250,3,61,1250,data\sub-57\ses-1\eeg\sub-57_ses-1_task-eyesopen_eeg.set,6599
sub-57,ses-1,eyesopen,0,NS,51,250.0,61,1250,3,61,1250,data\sub-57\ses-1\eeg\sub-57_ses-1_task-eyesopen_eeg.set,6600
sub-57,ses-1,eyesopen,0,NS,52,250.0,61,1250,3,61,1250,data\sub-57\ses-1\eeg\sub-57_ses-1_task-eyesopen_eeg.set,6601
sub-57,ses-1,eyesopen,0,NS,53,250.0,61,1250,3,61,1250,data\sub-57\ses-1\eeg\sub-57_ses-1_task-eyesopen_eeg.set,6602
sub-57,ses-1,eyesopen,0,NS,54,250.0,61,1250,3,61,1250,data\sub-57\ses-1\eeg\sub-57_ses-1_task-eyesopen_eeg.set,6603
sub-57,ses-1,eyesopen,0,NS,55,250.0,61,1250,3,61,1250,data\sub-57\ses-1\eeg\sub-57_ses-1_task-eyesopen_eeg.set,6604
sub-57,ses-1,eyesopen,0,NS,56,250.0,61,1250,3,61,1250,data\sub-57\ses-1\eeg\sub-57_ses-1_task-eyesopen_eeg.set,6605
sub-57,ses-1,eyesopen,0,NS,57,250.0,61,1250,3,61,1250,data\sub-57\ses-1\eeg\sub-57_ses-1_task-eyesopen_eeg.set,6606
sub-57,ses-1,eyesopen,0,NS,58,250.0,61,1250,3,61,1250,data\sub-57\ses-1\eeg\sub-57_ses-1_task-eyesopen_eeg.set,6607
sub-57,ses-1,eyesopen,0,NS,59,250.0,61,1250,3,61,1250,data\sub-57\ses-1\eeg\sub-57_ses-1_task-eyesopen_eeg.set,6608
sub-57,ses-2,eyesopen,1,SD,0,250.0,61,1250,3,61,1250,data\sub-57\ses-2\eeg\sub-57_ses-2_task-eyesopen_eeg.set,6609
sub-57,ses-2,eyesopen,1,SD,1,250.0,61,1250,3,61,1250,data\sub-57\ses-2\eeg\sub-57_ses-2_task-eyesopen_eeg.set,6610
sub-57,ses-2,eyesopen,1,SD,2,250.0,61,1250,3,61,1250,data\sub-57\ses-2\eeg\sub-57_ses-2_task-eyesopen_eeg.set,6611
sub-57,ses-2,eyesopen,1,SD,3,250.0,61,1250,3,61,1250,data\sub-57\ses-2\eeg\sub-57_ses-2_task-eyesopen_eeg.set,6612
sub-57,ses-2,eyesopen,1,SD,4,250.0,61,1250,3,61,1250,data\sub-57\ses-2\eeg\sub-57_ses-2_task-eyesopen_eeg.set,6613
sub-57,ses-2,eyesopen,1,SD,5,250.0,61,1250,3,61,1250,data\sub-57\ses-2\eeg\sub-57_ses-2_task-eyesopen_eeg.set,6614
sub-57,ses-2,eyesopen,1,SD,6,250.0,61,1250,3,61,1250,data\sub-57\ses-2\eeg\sub-57_ses-2_task-eyesopen_eeg.set,6615
sub-57,ses-2,eyesopen,1,SD,7,250.0,61,1250,3,61,1250,data\sub-57\ses-2\eeg\sub-57_ses-2_task-eyesopen_eeg.set,6616
sub-57,ses-2,eyesopen,1,SD,8,250.0,61,1250,3,61,1250,data\sub-57\ses-2\eeg\sub-57_ses-2_task-eyesopen_eeg.set,6617
sub-57,ses-2,eyesopen,1,SD,9,250.0,61,1250,3,61,1250,data\sub-57\ses-2\eeg\sub-57_ses-2_task-eyesopen_eeg.set,6618
sub-57,ses-2,eyesopen,1,SD,10,250.0,61,1250,3,61,1250,data\sub-57\ses-2\eeg\sub-57_ses-2_task-eyesopen_eeg.set,6619
sub-57,ses-2,eyesopen,1,SD,11,250.0,61,1250,3,61,1250,data\sub-57\ses-2\eeg\sub-57_ses-2_task-eyesopen_eeg.set,6620
sub-57,ses-2,eyesopen,1,SD,12,250.0,61,1250,3,61,1250,data\sub-57\ses-2\eeg\sub-57_ses-2_task-eyesopen_eeg.set,6621
sub-57,ses-2,eyesopen,1,SD,13,250.0,61,1250,3,61,1250,data\sub-57\ses-2\eeg\sub-57_ses-2_task-eyesopen_eeg.set,6622
sub-57,ses-2,eyesopen,1,SD,14,250.0,61,1250,3,61,1250,data\sub-57\ses-2\eeg\sub-57_ses-2_task-eyesopen_eeg.set,6623
sub-57,ses-2,eyesopen,1,SD,15,250.0,61,1250,3,61,1250,data\sub-57\ses-2\eeg\sub-57_ses-2_task-eyesopen_eeg.set,6624
sub-57,ses-2,eyesopen,1,SD,16,250.0,61,1250,3,61,1250,data\sub-57\ses-2\eeg\sub-57_ses-2_task-eyesopen_eeg.set,6625
sub-57,ses-2,eyesopen,1,SD,17,250.0,61,1250,3,61,1250,data\sub-57\ses-2\eeg\sub-57_ses-2_task-eyesopen_eeg.set,6626
sub-57,ses-2,eyesopen,1,SD,18,250.0,61,1250,3,61,1250,data\sub-57\ses-2\eeg\sub-57_ses-2_task-eyesopen_eeg.set,6627
sub-57,ses-2,eyesopen,1,SD,19,250.0,61,1250,3,61,1250,data\sub-57\ses-2\eeg\sub-57_ses-2_task-eyesopen_eeg.set,6628
sub-57,ses-2,eyesopen,1,SD,20,250.0,61,1250,3,61,1250,data\sub-57\ses-2\eeg\sub-57_ses-2_task-eyesopen_eeg.set,6629
sub-57,ses-2,eyesopen,1,SD,21,250.0,61,1250,3,61,1250,data\sub-57\ses-2\eeg\sub-57_ses-2_task-eyesopen_eeg.set,6630
sub-57,ses-2,eyesopen,1,SD,22,250.0,61,1250,3,61,1250,data\sub-57\ses-2\eeg\sub-57_ses-2_task-eyesopen_eeg.set,6631
sub-57,ses-2,eyesopen,1,SD,23,250.0,61,1250,3,61,1250,data\sub-57\ses-2\eeg\sub-57_ses-2_task-eyesopen_eeg.set,6632
sub-57,ses-2,eyesopen,1,SD,24,250.0,61,1250,3,61,1250,data\sub-57\ses-2\eeg\sub-57_ses-2_task-eyesopen_eeg.set,6633
sub-57,ses-2,eyesopen,1,SD,25,250.0,61,1250,3,61,1250,data\sub-57\ses-2\eeg\sub-57_ses-2_task-eyesopen_eeg.set,6634
sub-57,ses-2,eyesopen,1,SD,26,250.0,61,1250,3,61,1250,data\sub-57\ses-2\eeg\sub-57_ses-2_task-eyesopen_eeg.set,6635
sub-57,ses-2,eyesopen,1,SD,27,250.0,61,1250,3,61,1250,data\sub-57\ses-2\eeg\sub-57_ses-2_task-eyesopen_eeg.set,6636
sub-57,ses-2,eyesopen,1,SD,28,250.0,61,1250,3,61,1250,data\sub-57\ses-2\eeg\sub-57_ses-2_task-eyesopen_eeg.set,6637
sub-57,ses-2,eyesopen,1,SD,29,250.0,61,1250,3,61,1250,data\sub-57\ses-2\eeg\sub-57_ses-2_task-eyesopen_eeg.set,6638
sub-57,ses-2,eyesopen,1,SD,30,250.0,61,1250,3,61,1250,data\sub-57\ses-2\eeg\sub-57_ses-2_task-eyesopen_eeg.set,6639
sub-57,ses-2,eyesopen,1,SD,31,250.0,61,1250,3,61,1250,data\sub-57\ses-2\eeg\sub-57_ses-2_task-eyesopen_eeg.set,6640
sub-57,ses-2,eyesopen,1,SD,32,250.0,61,1250,3,61,1250,data\sub-57\ses-2\eeg\sub-57_ses-2_task-eyesopen_eeg.set,6641
sub-57,ses-2,eyesopen,1,SD,33,250.0,61,1250,3,61,1250,data\sub-57\ses-2\eeg\sub-57_ses-2_task-eyesopen_eeg.set,6642
sub-57,ses-2,eyesopen,1,SD,34,250.0,61,1250,3,61,1250,data\sub-57\ses-2\eeg\sub-57_ses-2_task-eyesopen_eeg.set,6643
sub-57,ses-2,eyesopen,1,SD,35,250.0,61,1250,3,61,1250,data\sub-57\ses-2\eeg\sub-57_ses-2_task-eyesopen_eeg.set,6644
sub-57,ses-2,eyesopen,1,SD,36,250.0,61,1250,3,61,1250,data\sub-57\ses-2\eeg\sub-57_ses-2_task-eyesopen_eeg.set,6645
sub-57,ses-2,eyesopen,1,SD,37,250.0,61,1250,3,61,1250,data\sub-57\ses-2\eeg\sub-57_ses-2_task-eyesopen_eeg.set,6646
sub-57,ses-2,eyesopen,1,SD,38,250.0,61,1250,3,61,1250,data\sub-57\ses-2\eeg\sub-57_ses-2_task-eyesopen_eeg.set,6647
sub-57,ses-2,eyesopen,1,SD,39,250.0,61,1250,3,61,1250,data\sub-57\ses-2\eeg\sub-57_ses-2_task-eyesopen_eeg.set,6648
sub-57,ses-2,eyesopen,1,SD,40,250.0,61,1250,3,61,1250,data\sub-57\ses-2\eeg\sub-57_ses-2_task-eyesopen_eeg.set,6649
sub-57,ses-2,eyesopen,1,SD,41,250.0,61,1250,3,61,1250,data\sub-57\ses-2\eeg\sub-57_ses-2_task-eyesopen_eeg.set,6650
sub-57,ses-2,eyesopen,1,SD,42,250.0,61,1250,3,61,1250,data\sub-57\ses-2\eeg\sub-57_ses-2_task-eyesopen_eeg.set,6651
sub-57,ses-2,eyesopen,1,SD,43,250.0,61,1250,3,61,1250,data\sub-57\ses-2\eeg\sub-57_ses-2_task-eyesopen_eeg.set,6652
sub-57,ses-2,eyesopen,1,SD,44,250.0,61,1250,3,61,1250,data\sub-57\ses-2\eeg\sub-57_ses-2_task-eyesopen_eeg.set,6653
sub-57,ses-2,eyesopen,1,SD,45,250.0,61,1250,3,61,1250,data\sub-57\ses-2\eeg\sub-57_ses-2_task-eyesopen_eeg.set,6654
sub-57,ses-2,eyesopen,1,SD,46,250.0,61,1250,3,61,1250,data\sub-57\ses-2\eeg\sub-57_ses-2_task-eyesopen_eeg.set,6655
sub-57,ses-2,eyesopen,1,SD,47,250.0,61,1250,3,61,1250,data\sub-57\ses-2\eeg\sub-57_ses-2_task-eyesopen_eeg.set,6656
sub-57,ses-2,eyesopen,1,SD,48,250.0,61,1250,3,61,1250,data\sub-57\ses-2\eeg\sub-57_ses-2_task-eyesopen_eeg.set,6657
sub-57,ses-2,eyesopen,1,SD,49,250.0,61,1250,3,61,1250,data\sub-57\ses-2\eeg\sub-57_ses-2_task-eyesopen_eeg.set,6658
sub-58,ses-1,eyesopen,0,NS,0,250.0,61,1250,3,61,1250,data\sub-58\ses-1\eeg\sub-58_ses-1_task-eyesopen_eeg.set,6659
sub-58,ses-1,eyesopen,0,NS,1,250.0,61,1250,3,61,1250,data\sub-58\ses-1\eeg\sub-58_ses-1_task-eyesopen_eeg.set,6660
sub-58,ses-1,eyesopen,0,NS,2,250.0,61,1250,3,61,1250,data\sub-58\ses-1\eeg\sub-58_ses-1_task-eyesopen_eeg.set,6661
sub-58,ses-1,eyesopen,0,NS,3,250.0,61,1250,3,61,1250,data\sub-58\ses-1\eeg\sub-58_ses-1_task-eyesopen_eeg.set,6662
sub-58,ses-1,eyesopen,0,NS,4,250.0,61,1250,3,61,1250,data\sub-58\ses-1\eeg\sub-58_ses-1_task-eyesopen_eeg.set,6663
sub-58,ses-1,eyesopen,0,NS,5,250.0,61,1250,3,61,1250,data\sub-58\ses-1\eeg\sub-58_ses-1_task-eyesopen_eeg.set,6664
sub-58,ses-1,eyesopen,0,NS,6,250.0,61,1250,3,61,1250,data\sub-58\ses-1\eeg\sub-58_ses-1_task-eyesopen_eeg.set,6665
sub-58,ses-1,eyesopen,0,NS,7,250.0,61,1250,3,61,1250,data\sub-58\ses-1\eeg\sub-58_ses-1_task-eyesopen_eeg.set,6666
sub-58,ses-1,eyesopen,0,NS,8,250.0,61,1250,3,61,1250,data\sub-58\ses-1\eeg\sub-58_ses-1_task-eyesopen_eeg.set,6667
sub-58,ses-1,eyesopen,0,NS,9,250.0,61,1250,3,61,1250,data\sub-58\ses-1\eeg\sub-58_ses-1_task-eyesopen_eeg.set,6668
sub-58,ses-1,eyesopen,0,NS,10,250.0,61,1250,3,61,1250,data\sub-58\ses-1\eeg\sub-58_ses-1_task-eyesopen_eeg.set,6669
sub-58,ses-1,eyesopen,0,NS,11,250.0,61,1250,3,61,1250,data\sub-58\ses-1\eeg\sub-58_ses-1_task-eyesopen_eeg.set,6670
sub-58,ses-1,eyesopen,0,NS,12,250.0,61,1250,3,61,1250,data\sub-58\ses-1\eeg\sub-58_ses-1_task-eyesopen_eeg.set,6671
sub-58,ses-1,eyesopen,0,NS,13,250.0,61,1250,3,61,1250,data\sub-58\ses-1\eeg\sub-58_ses-1_task-eyesopen_eeg.set,6672
sub-58,ses-1,eyesopen,0,NS,14,250.0,61,1250,3,61,1250,data\sub-58\ses-1\eeg\sub-58_ses-1_task-eyesopen_eeg.set,6673
sub-58,ses-1,eyesopen,0,NS,15,250.0,61,1250,3,61,1250,data\sub-58\ses-1\eeg\sub-58_ses-1_task-eyesopen_eeg.set,6674
sub-58,ses-1,eyesopen,0,NS,16,250.0,61,1250,3,61,1250,data\sub-58\ses-1\eeg\sub-58_ses-1_task-eyesopen_eeg.set,6675
sub-58,ses-1,eyesopen,0,NS,17,250.0,61,1250,3,61,1250,data\sub-58\ses-1\eeg\sub-58_ses-1_task-eyesopen_eeg.set,6676
sub-58,ses-1,eyesopen,0,NS,18,250.0,61,1250,3,61,1250,data\sub-58\ses-1\eeg\sub-58_ses-1_task-eyesopen_eeg.set,6677
sub-58,ses-1,eyesopen,0,NS,19,250.0,61,1250,3,61,1250,data\sub-58\ses-1\eeg\sub-58_ses-1_task-eyesopen_eeg.set,6678
sub-58,ses-1,eyesopen,0,NS,20,250.0,61,1250,3,61,1250,data\sub-58\ses-1\eeg\sub-58_ses-1_task-eyesopen_eeg.set,6679
sub-58,ses-1,eyesopen,0,NS,21,250.0,61,1250,3,61,1250,data\sub-58\ses-1\eeg\sub-58_ses-1_task-eyesopen_eeg.set,6680
sub-58,ses-1,eyesopen,0,NS,22,250.0,61,1250,3,61,1250,data\sub-58\ses-1\eeg\sub-58_ses-1_task-eyesopen_eeg.set,6681
sub-58,ses-1,eyesopen,0,NS,23,250.0,61,1250,3,61,1250,data\sub-58\ses-1\eeg\sub-58_ses-1_task-eyesopen_eeg.set,6682
sub-58,ses-1,eyesopen,0,NS,24,250.0,61,1250,3,61,1250,data\sub-58\ses-1\eeg\sub-58_ses-1_task-eyesopen_eeg.set,6683
sub-58,ses-1,eyesopen,0,NS,25,250.0,61,1250,3,61,1250,data\sub-58\ses-1\eeg\sub-58_ses-1_task-eyesopen_eeg.set,6684
sub-58,ses-1,eyesopen,0,NS,26,250.0,61,1250,3,61,1250,data\sub-58\ses-1\eeg\sub-58_ses-1_task-eyesopen_eeg.set,6685
sub-58,ses-1,eyesopen,0,NS,27,250.0,61,1250,3,61,1250,data\sub-58\ses-1\eeg\sub-58_ses-1_task-eyesopen_eeg.set,6686
sub-58,ses-1,eyesopen,0,NS,28,250.0,61,1250,3,61,1250,data\sub-58\ses-1\eeg\sub-58_ses-1_task-eyesopen_eeg.set,6687
sub-58,ses-1,eyesopen,0,NS,29,250.0,61,1250,3,61,1250,data\sub-58\ses-1\eeg\sub-58_ses-1_task-eyesopen_eeg.set,6688
sub-58,ses-1,eyesopen,0,NS,30,250.0,61,1250,3,61,1250,data\sub-58\ses-1\eeg\sub-58_ses-1_task-eyesopen_eeg.set,6689
sub-58,ses-1,eyesopen,0,NS,31,250.0,61,1250,3,61,1250,data\sub-58\ses-1\eeg\sub-58_ses-1_task-eyesopen_eeg.set,6690
sub-58,ses-1,eyesopen,0,NS,32,250.0,61,1250,3,61,1250,data\sub-58\ses-1\eeg\sub-58_ses-1_task-eyesopen_eeg.set,6691
sub-58,ses-1,eyesopen,0,NS,33,250.0,61,1250,3,61,1250,data\sub-58\ses-1\eeg\sub-58_ses-1_task-eyesopen_eeg.set,6692
sub-58,ses-1,eyesopen,0,NS,34,250.0,61,1250,3,61,1250,data\sub-58\ses-1\eeg\sub-58_ses-1_task-eyesopen_eeg.set,6693
sub-58,ses-1,eyesopen,0,NS,35,250.0,61,1250,3,61,1250,data\sub-58\ses-1\eeg\sub-58_ses-1_task-eyesopen_eeg.set,6694
sub-58,ses-1,eyesopen,0,NS,36,250.0,61,1250,3,61,1250,data\sub-58\ses-1\eeg\sub-58_ses-1_task-eyesopen_eeg.set,6695
sub-58,ses-1,eyesopen,0,NS,37,250.0,61,1250,3,61,1250,data\sub-58\ses-1\eeg\sub-58_ses-1_task-eyesopen_eeg.set,6696
sub-58,ses-1,eyesopen,0,NS,38,250.0,61,1250,3,61,1250,data\sub-58\ses-1\eeg\sub-58_ses-1_task-eyesopen_eeg.set,6697
sub-58,ses-1,eyesopen,0,NS,39,250.0,61,1250,3,61,1250,data\sub-58\ses-1\eeg\sub-58_ses-1_task-eyesopen_eeg.set,6698
sub-58,ses-1,eyesopen,0,NS,40,250.0,61,1250,3,61,1250,data\sub-58\ses-1\eeg\sub-58_ses-1_task-eyesopen_eeg.set,6699
sub-58,ses-1,eyesopen,0,NS,41,250.0,61,1250,3,61,1250,data\sub-58\ses-1\eeg\sub-58_ses-1_task-eyesopen_eeg.set,6700
sub-58,ses-1,eyesopen,0,NS,42,250.0,61,1250,3,61,1250,data\sub-58\ses-1\eeg\sub-58_ses-1_task-eyesopen_eeg.set,6701
sub-58,ses-1,eyesopen,0,NS,43,250.0,61,1250,3,61,1250,data\sub-58\ses-1\eeg\sub-58_ses-1_task-eyesopen_eeg.set,6702
sub-58,ses-1,eyesopen,0,NS,44,250.0,61,1250,3,61,1250,data\sub-58\ses-1\eeg\sub-58_ses-1_task-eyesopen_eeg.set,6703
sub-58,ses-1,eyesopen,0,NS,45,250.0,61,1250,3,61,1250,data\sub-58\ses-1\eeg\sub-58_ses-1_task-eyesopen_eeg.set,6704
sub-58,ses-1,eyesopen,0,NS,46,250.0,61,1250,3,61,1250,data\sub-58\ses-1\eeg\sub-58_ses-1_task-eyesopen_eeg.set,6705
sub-58,ses-1,eyesopen,0,NS,47,250.0,61,1250,3,61,1250,data\sub-58\ses-1\eeg\sub-58_ses-1_task-eyesopen_eeg.set,6706
sub-58,ses-1,eyesopen,0,NS,48,250.0,61,1250,3,61,1250,data\sub-58\ses-1\eeg\sub-58_ses-1_task-eyesopen_eeg.set,6707
sub-58,ses-1,eyesopen,0,NS,49,250.0,61,1250,3,61,1250,data\sub-58\ses-1\eeg\sub-58_ses-1_task-eyesopen_eeg.set,6708
sub-58,ses-1,eyesopen,0,NS,50,250.0,61,1250,3,61,1250,data\sub-58\ses-1\eeg\sub-58_ses-1_task-eyesopen_eeg.set,6709
sub-58,ses-1,eyesopen,0,NS,51,250.0,61,1250,3,61,1250,data\sub-58\ses-1\eeg\sub-58_ses-1_task-eyesopen_eeg.set,6710
sub-58,ses-1,eyesopen,0,NS,52,250.0,61,1250,3,61,1250,data\sub-58\ses-1\eeg\sub-58_ses-1_task-eyesopen_eeg.set,6711
sub-58,ses-1,eyesopen,0,NS,53,250.0,61,1250,3,61,1250,data\sub-58\ses-1\eeg\sub-58_ses-1_task-eyesopen_eeg.set,6712
sub-58,ses-1,eyesopen,0,NS,54,250.0,61,1250,3,61,1250,data\sub-58\ses-1\eeg\sub-58_ses-1_task-eyesopen_eeg.set,6713
sub-58,ses-1,eyesopen,0,NS,55,250.0,61,1250,3,61,1250,data\sub-58\ses-1\eeg\sub-58_ses-1_task-eyesopen_eeg.set,6714
sub-58,ses-1,eyesopen,0,NS,56,250.0,61,1250,3,61,1250,data\sub-58\ses-1\eeg\sub-58_ses-1_task-eyesopen_eeg.set,6715
sub-58,ses-1,eyesopen,0,NS,57,250.0,61,1250,3,61,1250,data\sub-58\ses-1\eeg\sub-58_ses-1_task-eyesopen_eeg.set,6716
sub-58,ses-1,eyesopen,0,NS,58,250.0,61,1250,3,61,1250,data\sub-58\ses-1\eeg\sub-58_ses-1_task-eyesopen_eeg.set,6717
sub-58,ses-1,eyesopen,0,NS,59,250.0,61,1250,3,61,1250,data\sub-58\ses-1\eeg\sub-58_ses-1_task-eyesopen_eeg.set,6718
sub-58,ses-2,eyesopen,1,SD,0,250.0,61,1250,3,61,1250,data\sub-58\ses-2\eeg\sub-58_ses-2_task-eyesopen_eeg.set,6719
sub-58,ses-2,eyesopen,1,SD,1,250.0,61,1250,3,61,1250,data\sub-58\ses-2\eeg\sub-58_ses-2_task-eyesopen_eeg.set,6720
sub-58,ses-2,eyesopen,1,SD,2,250.0,61,1250,3,61,1250,data\sub-58\ses-2\eeg\sub-58_ses-2_task-eyesopen_eeg.set,6721
sub-58,ses-2,eyesopen,1,SD,3,250.0,61,1250,3,61,1250,data\sub-58\ses-2\eeg\sub-58_ses-2_task-eyesopen_eeg.set,6722
sub-58,ses-2,eyesopen,1,SD,4,250.0,61,1250,3,61,1250,data\sub-58\ses-2\eeg\sub-58_ses-2_task-eyesopen_eeg.set,6723
sub-58,ses-2,eyesopen,1,SD,5,250.0,61,1250,3,61,1250,data\sub-58\ses-2\eeg\sub-58_ses-2_task-eyesopen_eeg.set,6724
sub-58,ses-2,eyesopen,1,SD,6,250.0,61,1250,3,61,1250,data\sub-58\ses-2\eeg\sub-58_ses-2_task-eyesopen_eeg.set,6725
sub-58,ses-2,eyesopen,1,SD,7,250.0,61,1250,3,61,1250,data\sub-58\ses-2\eeg\sub-58_ses-2_task-eyesopen_eeg.set,6726
sub-58,ses-2,eyesopen,1,SD,8,250.0,61,1250,3,61,1250,data\sub-58\ses-2\eeg\sub-58_ses-2_task-eyesopen_eeg.set,6727
sub-58,ses-2,eyesopen,1,SD,9,250.0,61,1250,3,61,1250,data\sub-58\ses-2\eeg\sub-58_ses-2_task-eyesopen_eeg.set,6728
sub-58,ses-2,eyesopen,1,SD,10,250.0,61,1250,3,61,1250,data\sub-58\ses-2\eeg\sub-58_ses-2_task-eyesopen_eeg.set,6729
sub-58,ses-2,eyesopen,1,SD,11,250.0,61,1250,3,61,1250,data\sub-58\ses-2\eeg\sub-58_ses-2_task-eyesopen_eeg.set,6730
sub-58,ses-2,eyesopen,1,SD,12,250.0,61,1250,3,61,1250,data\sub-58\ses-2\eeg\sub-58_ses-2_task-eyesopen_eeg.set,6731
sub-58,ses-2,eyesopen,1,SD,13,250.0,61,1250,3,61,1250,data\sub-58\ses-2\eeg\sub-58_ses-2_task-eyesopen_eeg.set,6732
sub-58,ses-2,eyesopen,1,SD,14,250.0,61,1250,3,61,1250,data\sub-58\ses-2\eeg\sub-58_ses-2_task-eyesopen_eeg.set,6733
sub-58,ses-2,eyesopen,1,SD,15,250.0,61,1250,3,61,1250,data\sub-58\ses-2\eeg\sub-58_ses-2_task-eyesopen_eeg.set,6734
sub-58,ses-2,eyesopen,1,SD,16,250.0,61,1250,3,61,1250,data\sub-58\ses-2\eeg\sub-58_ses-2_task-eyesopen_eeg.set,6735
sub-58,ses-2,eyesopen,1,SD,17,250.0,61,1250,3,61,1250,data\sub-58\ses-2\eeg\sub-58_ses-2_task-eyesopen_eeg.set,6736
sub-58,ses-2,eyesopen,1,SD,18,250.0,61,1250,3,61,1250,data\sub-58\ses-2\eeg\sub-58_ses-2_task-eyesopen_eeg.set,6737
sub-58,ses-2,eyesopen,1,SD,19,250.0,61,1250,3,61,1250,data\sub-58\ses-2\eeg\sub-58_ses-2_task-eyesopen_eeg.set,6738
sub-58,ses-2,eyesopen,1,SD,20,250.0,61,1250,3,61,1250,data\sub-58\ses-2\eeg\sub-58_ses-2_task-eyesopen_eeg.set,6739
sub-58,ses-2,eyesopen,1,SD,21,250.0,61,1250,3,61,1250,data\sub-58\ses-2\eeg\sub-58_ses-2_task-eyesopen_eeg.set,6740
sub-58,ses-2,eyesopen,1,SD,22,250.0,61,1250,3,61,1250,data\sub-58\ses-2\eeg\sub-58_ses-2_task-eyesopen_eeg.set,6741
sub-58,ses-2,eyesopen,1,SD,23,250.0,61,1250,3,61,1250,data\sub-58\ses-2\eeg\sub-58_ses-2_task-eyesopen_eeg.set,6742
sub-58,ses-2,eyesopen,1,SD,24,250.0,61,1250,3,61,1250,data\sub-58\ses-2\eeg\sub-58_ses-2_task-eyesopen_eeg.set,6743
sub-58,ses-2,eyesopen,1,SD,25,250.0,61,1250,3,61,1250,data\sub-58\ses-2\eeg\sub-58_ses-2_task-eyesopen_eeg.set,6744
sub-58,ses-2,eyesopen,1,SD,26,250.0,61,1250,3,61,1250,data\sub-58\ses-2\eeg\sub-58_ses-2_task-eyesopen_eeg.set,6745
sub-58,ses-2,eyesopen,1,SD,27,250.0,61,1250,3,61,1250,data\sub-58\ses-2\eeg\sub-58_ses-2_task-eyesopen_eeg.set,6746
sub-58,ses-2,eyesopen,1,SD,28,250.0,61,1250,3,61,1250,data\sub-58\ses-2\eeg\sub-58_ses-2_task-eyesopen_eeg.set,6747
sub-58,ses-2,eyesopen,1,SD,29,250.0,61,1250,3,61,1250,data\sub-58\ses-2\eeg\sub-58_ses-2_task-eyesopen_eeg.set,6748
sub-58,ses-2,eyesopen,1,SD,30,250.0,61,1250,3,61,1250,data\sub-58\ses-2\eeg\sub-58_ses-2_task-eyesopen_eeg.set,6749
sub-58,ses-2,eyesopen,1,SD,31,250.0,61,1250,3,61,1250,data\sub-58\ses-2\eeg\sub-58_ses-2_task-eyesopen_eeg.set,6750
sub-58,ses-2,eyesopen,1,SD,32,250.0,61,1250,3,61,1250,data\sub-58\ses-2\eeg\sub-58_ses-2_task-eyesopen_eeg.set,6751
sub-58,ses-2,eyesopen,1,SD,33,250.0,61,1250,3,61,1250,data\sub-58\ses-2\eeg\sub-58_ses-2_task-eyesopen_eeg.set,6752
sub-58,ses-2,eyesopen,1,SD,34,250.0,61,1250,3,61,1250,data\sub-58\ses-2\eeg\sub-58_ses-2_task-eyesopen_eeg.set,6753
sub-58,ses-2,eyesopen,1,SD,35,250.0,61,1250,3,61,1250,data\sub-58\ses-2\eeg\sub-58_ses-2_task-eyesopen_eeg.set,6754
sub-58,ses-2,eyesopen,1,SD,36,250.0,61,1250,3,61,1250,data\sub-58\ses-2\eeg\sub-58_ses-2_task-eyesopen_eeg.set,6755
sub-58,ses-2,eyesopen,1,SD,37,250.0,61,1250,3,61,1250,data\sub-58\ses-2\eeg\sub-58_ses-2_task-eyesopen_eeg.set,6756
sub-58,ses-2,eyesopen,1,SD,38,250.0,61,1250,3,61,1250,data\sub-58\ses-2\eeg\sub-58_ses-2_task-eyesopen_eeg.set,6757
sub-58,ses-2,eyesopen,1,SD,39,250.0,61,1250,3,61,1250,data\sub-58\ses-2\eeg\sub-58_ses-2_task-eyesopen_eeg.set,6758
sub-58,ses-2,eyesopen,1,SD,40,250.0,61,1250,3,61,1250,data\sub-58\ses-2\eeg\sub-58_ses-2_task-eyesopen_eeg.set,6759
sub-58,ses-2,eyesopen,1,SD,41,250.0,61,1250,3,61,1250,data\sub-58\ses-2\eeg\sub-58_ses-2_task-eyesopen_eeg.set,6760
sub-58,ses-2,eyesopen,1,SD,42,250.0,61,1250,3,61,1250,data\sub-58\ses-2\eeg\sub-58_ses-2_task-eyesopen_eeg.set,6761
sub-58,ses-2,eyesopen,1,SD,43,250.0,61,1250,3,61,1250,data\sub-58\ses-2\eeg\sub-58_ses-2_task-eyesopen_eeg.set,6762
sub-58,ses-2,eyesopen,1,SD,44,250.0,61,1250,3,61,1250,data\sub-58\ses-2\eeg\sub-58_ses-2_task-eyesopen_eeg.set,6763
sub-58,ses-2,eyesopen,1,SD,45,250.0,61,1250,3,61,1250,data\sub-58\ses-2\eeg\sub-58_ses-2_task-eyesopen_eeg.set,6764
sub-58,ses-2,eyesopen,1,SD,46,250.0,61,1250,3,61,1250,data\sub-58\ses-2\eeg\sub-58_ses-2_task-eyesopen_eeg.set,6765
sub-58,ses-2,eyesopen,1,SD,47,250.0,61,1250,3,61,1250,data\sub-58\ses-2\eeg\sub-58_ses-2_task-eyesopen_eeg.set,6766
sub-58,ses-2,eyesopen,1,SD,48,250.0,61,1250,3,61,1250,data\sub-58\ses-2\eeg\sub-58_ses-2_task-eyesopen_eeg.set,6767
sub-58,ses-2,eyesopen,1,SD,49,250.0,61,1250,3,61,1250,data\sub-58\ses-2\eeg\sub-58_ses-2_task-eyesopen_eeg.set,6768
sub-58,ses-2,eyesopen,1,SD,50,250.0,61,1250,3,61,1250,data\sub-58\ses-2\eeg\sub-58_ses-2_task-eyesopen_eeg.set,6769
sub-58,ses-2,eyesopen,1,SD,51,250.0,61,1250,3,61,1250,data\sub-58\ses-2\eeg\sub-58_ses-2_task-eyesopen_eeg.set,6770
sub-61,ses-1,eyesopen,0,NS,0,250.0,61,1250,3,61,1250,data\sub-61\ses-1\eeg\sub-61_ses-1_task-eyesopen_eeg.set,6997
sub-61,ses-1,eyesopen,0,NS,1,250.0,61,1250,3,61,1250,data\sub-61\ses-1\eeg\sub-61_ses-1_task-eyesopen_eeg.set,6998
sub-61,ses-1,eyesopen,0,NS,2,250.0,61,1250,3,61,1250,data\sub-61\ses-1\eeg\sub-61_ses-1_task-eyesopen_eeg.set,6999
sub-61,ses-1,eyesopen,0,NS,3,250.0,61,1250,3,61,1250,data\sub-61\ses-1\eeg\sub-61_ses-1_task-eyesopen_eeg.set,7000
sub-61,ses-1,eyesopen,0,NS,4,250.0,61,1250,3,61,1250,data\sub-61\ses-1\eeg\sub-61_ses-1_task-eyesopen_eeg.set,7001
sub-61,ses-1,eyesopen,0,NS,5,250.0,61,1250,3,61,1250,data\sub-61\ses-1\eeg\sub-61_ses-1_task-eyesopen_eeg.set,7002
sub-61,ses-1,eyesopen,0,NS,6,250.0,61,1250,3,61,1250,data\sub-61\ses-1\eeg\sub-61_ses-1_task-eyesopen_eeg.set,7003
sub-61,ses-1,eyesopen,0,NS,7,250.0,61,1250,3,61,1250,data\sub-61\ses-1\eeg\sub-61_ses-1_task-eyesopen_eeg.set,7004
sub-61,ses-1,eyesopen,0,NS,8,250.0,61,1250,3,61,1250,data\sub-61\ses-1\eeg\sub-61_ses-1_task-eyesopen_eeg.set,7005
sub-61,ses-1,eyesopen,0,NS,9,250.0,61,1250,3,61,1250,data\sub-61\ses-1\eeg\sub-61_ses-1_task-eyesopen_eeg.set,7006
sub-61,ses-1,eyesopen,0,NS,10,250.0,61,1250,3,61,1250,data\sub-61\ses-1\eeg\sub-61_ses-1_task-eyesopen_eeg.set,7007
sub-61,ses-1,eyesopen,0,NS,11,250.0,61,1250,3,61,1250,data\sub-61\ses-1\eeg\sub-61_ses-1_task-eyesopen_eeg.set,7008
sub-61,ses-1,eyesopen,0,NS,12,250.0,61,1250,3,61,1250,data\sub-61\ses-1\eeg\sub-61_ses-1_task-eyesopen_eeg.set,7009
sub-61,ses-1,eyesopen,0,NS,13,250.0,61,1250,3,61,1250,data\sub-61\ses-1\eeg\sub-61_ses-1_task-eyesopen_eeg.set,7010
sub-61,ses-1,eyesopen,0,NS,14,250.0,61,1250,3,61,1250,data\sub-61\ses-1\eeg\sub-61_ses-1_task-eyesopen_eeg.set,7011
sub-61,ses-1,eyesopen,0,NS,15,250.0,61,1250,3,61,1250,data\sub-61\ses-1\eeg\sub-61_ses-1_task-eyesopen_eeg.set,7012
sub-61,ses-1,eyesopen,0,NS,16,250.0,61,1250,3,61,1250,data\sub-61\ses-1\eeg\sub-61_ses-1_task-eyesopen_eeg.set,7013
sub-61,ses-1,eyesopen,0,NS,17,250.0,61,1250,3,61,1250,data\sub-61\ses-1\eeg\sub-61_ses-1_task-eyesopen_eeg.set,7014
sub-61,ses-1,eyesopen,0,NS,18,250.0,61,1250,3,61,1250,data\sub-61\ses-1\eeg\sub-61_ses-1_task-eyesopen_eeg.set,7015
sub-61,ses-1,eyesopen,0,NS,19,250.0,61,1250,3,61,1250,data\sub-61\ses-1\eeg\sub-61_ses-1_task-eyesopen_eeg.set,7016
sub-61,ses-1,eyesopen,0,NS,20,250.0,61,1250,3,61,1250,data\sub-61\ses-1\eeg\sub-61_ses-1_task-eyesopen_eeg.set,7017
sub-61,ses-1,eyesopen,0,NS,21,250.0,61,1250,3,61,1250,data\sub-61\ses-1\eeg\sub-61_ses-1_task-eyesopen_eeg.set,7018
sub-61,ses-1,eyesopen,0,NS,22,250.0,61,1250,3,61,1250,data\sub-61\ses-1\eeg\sub-61_ses-1_task-eyesopen_eeg.set,7019
sub-61,ses-1,eyesopen,0,NS,23,250.0,61,1250,3,61,1250,data\sub-61\ses-1\eeg\sub-61_ses-1_task-eyesopen_eeg.set,7020
sub-61,ses-1,eyesopen,0,NS,24,250.0,61,1250,3,61,1250,data\sub-61\ses-1\eeg\sub-61_ses-1_task-eyesopen_eeg.set,7021
sub-61,ses-1,eyesopen,0,NS,25,250.0,61,1250,3,61,1250,data\sub-61\ses-1\eeg\sub-61_ses-1_task-eyesopen_eeg.set,7022
sub-61,ses-1,eyesopen,0,NS,26,250.0,61,1250,3,61,1250,data\sub-61\ses-1\eeg\sub-61_ses-1_task-eyesopen_eeg.set,7023
sub-61,ses-1,eyesopen,0,NS,27,250.0,61,1250,3,61,1250,data\sub-61\ses-1\eeg\sub-61_ses-1_task-eyesopen_eeg.set,7024
sub-61,ses-1,eyesopen,0,NS,28,250.0,61,1250,3,61,1250,data\sub-61\ses-1\eeg\sub-61_ses-1_task-eyesopen_eeg.set,7025
sub-61,ses-1,eyesopen,0,NS,29,250.0,61,1250,3,61,1250,data\sub-61\ses-1\eeg\sub-61_ses-1_task-eyesopen_eeg.set,7026
sub-61,ses-1,eyesopen,0,NS,30,250.0,61,1250,3,61,1250,data\sub-61\ses-1\eeg\sub-61_ses-1_task-eyesopen_eeg.set,7027
sub-61,ses-1,eyesopen,0,NS,31,250.0,61,1250,3,61,1250,data\sub-61\ses-1\eeg\sub-61_ses-1_task-eyesopen_eeg.set,7028
sub-61,ses-1,eyesopen,0,NS,32,250.0,61,1250,3,61,1250,data\sub-61\ses-1\eeg\sub-61_ses-1_task-eyesopen_eeg.set,7029
sub-61,ses-1,eyesopen,0,NS,33,250.0,61,1250,3,61,1250,data\sub-61\ses-1\eeg\sub-61_ses-1_task-eyesopen_eeg.set,7030
sub-61,ses-1,eyesopen,0,NS,34,250.0,61,1250,3,61,1250,data\sub-61\ses-1\eeg\sub-61_ses-1_task-eyesopen_eeg.set,7031
sub-61,ses-1,eyesopen,0,NS,35,250.0,61,1250,3,61,1250,data\sub-61\ses-1\eeg\sub-61_ses-1_task-eyesopen_eeg.set,7032
sub-61,ses-1,eyesopen,0,NS,36,250.0,61,1250,3,61,1250,data\sub-61\ses-1\eeg\sub-61_ses-1_task-eyesopen_eeg.set,7033
sub-61,ses-1,eyesopen,0,NS,37,250.0,61,1250,3,61,1250,data\sub-61\ses-1\eeg\sub-61_ses-1_task-eyesopen_eeg.set,7034
sub-61,ses-1,eyesopen,0,NS,38,250.0,61,1250,3,61,1250,data\sub-61\ses-1\eeg\sub-61_ses-1_task-eyesopen_eeg.set,7035
sub-61,ses-1,eyesopen,0,NS,39,250.0,61,1250,3,61,1250,data\sub-61\ses-1\eeg\sub-61_ses-1_task-eyesopen_eeg.set,7036
sub-61,ses-1,eyesopen,0,NS,40,250.0,61,1250,3,61,1250,data\sub-61\ses-1\eeg\sub-61_ses-1_task-eyesopen_eeg.set,7037
sub-61,ses-1,eyesopen,0,NS,41,250.0,61,1250,3,61,1250,data\sub-61\ses-1\eeg\sub-61_ses-1_task-eyesopen_eeg.set,7038
sub-61,ses-1,eyesopen,0,NS,42,250.0,61,1250,3,61,1250,data\sub-61\ses-1\eeg\sub-61_ses-1_task-eyesopen_eeg.set,7039
sub-61,ses-1,eyesopen,0,NS,43,250.0,61,1250,3,61,1250,data\sub-61\ses-1\eeg\sub-61_ses-1_task-eyesopen_eeg.set,7040
sub-61,ses-1,eyesopen,0,NS,44,250.0,61,1250,3,61,1250,data\sub-61\ses-1\eeg\sub-61_ses-1_task-eyesopen_eeg.set,7041
sub-61,ses-1,eyesopen,0,NS,45,250.0,61,1250,3,61,1250,data\sub-61\ses-1\eeg\sub-61_ses-1_task-eyesopen_eeg.set,7042
sub-61,ses-1,eyesopen,0,NS,46,250.0,61,1250,3,61,1250,data\sub-61\ses-1\eeg\sub-61_ses-1_task-eyesopen_eeg.set,7043
sub-61,ses-1,eyesopen,0,NS,47,250.0,61,1250,3,61,1250,data\sub-61\ses-1\eeg\sub-61_ses-1_task-eyesopen_eeg.set,7044
sub-61,ses-1,eyesopen,0,NS,48,250.0,61,1250,3,61,1250,data\sub-61\ses-1\eeg\sub-61_ses-1_task-eyesopen_eeg.set,7045
sub-61,ses-1,eyesopen,0,NS,49,250.0,61,1250,3,61,1250,data\sub-61\ses-1\eeg\sub-61_ses-1_task-eyesopen_eeg.set,7046
sub-61,ses-1,eyesopen,0,NS,50,250.0,61,1250,3,61,1250,data\sub-61\ses-1\eeg\sub-61_ses-1_task-eyesopen_eeg.set,7047
sub-61,ses-1,eyesopen,0,NS,51,250.0,61,1250,3,61,1250,data\sub-61\ses-1\eeg\sub-61_ses-1_task-eyesopen_eeg.set,7048
sub-61,ses-1,eyesopen,0,NS,52,250.0,61,1250,3,61,1250,data\sub-61\ses-1\eeg\sub-61_ses-1_task-eyesopen_eeg.set,7049
sub-61,ses-1,eyesopen,0,NS,53,250.0,61,1250,3,61,1250,data\sub-61\ses-1\eeg\sub-61_ses-1_task-eyesopen_eeg.set,7050
sub-61,ses-1,eyesopen,0,NS,54,250.0,61,1250,3,61,1250,data\sub-61\ses-1\eeg\sub-61_ses-1_task-eyesopen_eeg.set,7051
sub-61,ses-1,eyesopen,0,NS,55,250.0,61,1250,3,61,1250,data\sub-61\ses-1\eeg\sub-61_ses-1_task-eyesopen_eeg.set,7052
sub-61,ses-1,eyesopen,0,NS,56,250.0,61,1250,3,61,1250,data\sub-61\ses-1\eeg\sub-61_ses-1_task-eyesopen_eeg.set,7053
sub-61,ses-1,eyesopen,0,NS,57,250.0,61,1250,3,61,1250,data\sub-61\ses-1\eeg\sub-61_ses-1_task-eyesopen_eeg.set,7054
sub-61,ses-1,eyesopen,0,NS,58,250.0,61,1250,3,61,1250,data\sub-61\ses-1\eeg\sub-61_ses-1_task-eyesopen_eeg.set,7055
sub-61,ses-1,eyesopen,0,NS,59,250.0,61,1250,3,61,1250,data\sub-61\ses-1\eeg\sub-61_ses-1_task-eyesopen_eeg.set,7056
sub-61,ses-2,eyesopen,1,SD,0,250.0,61,1250,3,61,1250,data\sub-61\ses-2\eeg\sub-61_ses-2_task-eyesopen_eeg.set,7057
sub-61,ses-2,eyesopen,1,SD,1,250.0,61,1250,3,61,1250,data\sub-61\ses-2\eeg\sub-61_ses-2_task-eyesopen_eeg.set,7058
sub-61,ses-2,eyesopen,1,SD,2,250.0,61,1250,3,61,1250,data\sub-61\ses-2\eeg\sub-61_ses-2_task-eyesopen_eeg.set,7059
sub-61,ses-2,eyesopen,1,SD,3,250.0,61,1250,3,61,1250,data\sub-61\ses-2\eeg\sub-61_ses-2_task-eyesopen_eeg.set,7060
sub-61,ses-2,eyesopen,1,SD,4,250.0,61,1250,3,61,1250,data\sub-61\ses-2\eeg\sub-61_ses-2_task-eyesopen_eeg.set,7061
sub-61,ses-2,eyesopen,1,SD,5,250.0,61,1250,3,61,1250,data\sub-61\ses-2\eeg\sub-61_ses-2_task-eyesopen_eeg.set,7062
sub-61,ses-2,eyesopen,1,SD,6,250.0,61,1250,3,61,1250,data\sub-61\ses-2\eeg\sub-61_ses-2_task-eyesopen_eeg.set,7063
sub-61,ses-2,eyesopen,1,SD,7,250.0,61,1250,3,61,1250,data\sub-61\ses-2\eeg\sub-61_ses-2_task-eyesopen_eeg.set,7064
sub-61,ses-2,eyesopen,1,SD,8,250.0,61,1250,3,61,1250,data\sub-61\ses-2\eeg\sub-61_ses-2_task-eyesopen_eeg.set,7065
sub-61,ses-2,eyesopen,1,SD,9,250.0,61,1250,3,61,1250,data\sub-61\ses-2\eeg\sub-61_ses-2_task-eyesopen_eeg.set,7066
sub-61,ses-2,eyesopen,1,SD,10,250.0,61,1250,3,61,1250,data\sub-61\ses-2\eeg\sub-61_ses-2_task-eyesopen_eeg.set,7067
sub-61,ses-2,eyesopen,1,SD,11,250.0,61,1250,3,61,1250,data\sub-61\ses-2\eeg\sub-61_ses-2_task-eyesopen_eeg.set,7068
sub-61,ses-2,eyesopen,1,SD,12,250.0,61,1250,3,61,1250,data\sub-61\ses-2\eeg\sub-61_ses-2_task-eyesopen_eeg.set,7069
sub-61,ses-2,eyesopen,1,SD,13,250.0,61,1250,3,61,1250,data\sub-61\ses-2\eeg\sub-61_ses-2_task-eyesopen_eeg.set,7070
sub-61,ses-2,eyesopen,1,SD,14,250.0,61,1250,3,61,1250,data\sub-61\ses-2\eeg\sub-61_ses-2_task-eyesopen_eeg.set,7071
sub-61,ses-2,eyesopen,1,SD,15,250.0,61,1250,3,61,1250,data\sub-61\ses-2\eeg\sub-61_ses-2_task-eyesopen_eeg.set,7072
sub-61,ses-2,eyesopen,1,SD,16,250.0,61,1250,3,61,1250,data\sub-61\ses-2\eeg\sub-61_ses-2_task-eyesopen_eeg.set,7073
sub-61,ses-2,eyesopen,1,SD,17,250.0,61,1250,3,61,1250,data\sub-61\ses-2\eeg\sub-61_ses-2_task-eyesopen_eeg.set,7074
sub-61,ses-2,eyesopen,1,SD,18,250.0,61,1250,3,61,1250,data\sub-61\ses-2\eeg\sub-61_ses-2_task-eyesopen_eeg.set,7075
sub-61,ses-2,eyesopen,1,SD,19,250.0,61,1250,3,61,1250,data\sub-61\ses-2\eeg\sub-61_ses-2_task-eyesopen_eeg.set,7076
sub-61,ses-2,eyesopen,1,SD,20,250.0,61,1250,3,61,1250,data\sub-61\ses-2\eeg\sub-61_ses-2_task-eyesopen_eeg.set,7077
sub-61,ses-2,eyesopen,1,SD,21,250.0,61,1250,3,61,1250,data\sub-61\ses-2\eeg\sub-61_ses-2_task-eyesopen_eeg.set,7078
sub-61,ses-2,eyesopen,1,SD,22,250.0,61,1250,3,61,1250,data\sub-61\ses-2\eeg\sub-61_ses-2_task-eyesopen_eeg.set,7079
sub-61,ses-2,eyesopen,1,SD,23,250.0,61,1250,3,61,1250,data\sub-61\ses-2\eeg\sub-61_ses-2_task-eyesopen_eeg.set,7080
sub-61,ses-2,eyesopen,1,SD,24,250.0,61,1250,3,61,1250,data\sub-61\ses-2\eeg\sub-61_ses-2_task-eyesopen_eeg.set,7081
sub-61,ses-2,eyesopen,1,SD,25,250.0,61,1250,3,61,1250,data\sub-61\ses-2\eeg\sub-61_ses-2_task-eyesopen_eeg.set,7082
sub-61,ses-2,eyesopen,1,SD,26,250.0,61,1250,3,61,1250,data\sub-61\ses-2\eeg\sub-61_ses-2_task-eyesopen_eeg.set,7083
sub-61,ses-2,eyesopen,1,SD,27,250.0,61,1250,3,61,1250,data\sub-61\ses-2\eeg\sub-61_ses-2_task-eyesopen_eeg.set,7084
sub-61,ses-2,eyesopen,1,SD,28,250.0,61,1250,3,61,1250,data\sub-61\ses-2\eeg\sub-61_ses-2_task-eyesopen_eeg.set,7085
sub-61,ses-2,eyesopen,1,SD,29,250.0,61,1250,3,61,1250,data\sub-61\ses-2\eeg\sub-61_ses-2_task-eyesopen_eeg.set,7086
sub-61,ses-2,eyesopen,1,SD,30,250.0,61,1250,3,61,1250,data\sub-61\ses-2\eeg\sub-61_ses-2_task-eyesopen_eeg.set,7087
sub-61,ses-2,eyesopen,1,SD,31,250.0,61,1250,3,61,1250,data\sub-61\ses-2\eeg\sub-61_ses-2_task-eyesopen_eeg.set,7088
sub-61,ses-2,eyesopen,1,SD,32,250.0,61,1250,3,61,1250,data\sub-61\ses-2\eeg\sub-61_ses-2_task-eyesopen_eeg.set,7089
sub-61,ses-2,eyesopen,1,SD,33,250.0,61,1250,3,61,1250,data\sub-61\ses-2\eeg\sub-61_ses-2_task-eyesopen_eeg.set,7090
sub-61,ses-2,eyesopen,1,SD,34,250.0,61,1250,3,61,1250,data\sub-61\ses-2\eeg\sub-61_ses-2_task-eyesopen_eeg.set,7091
sub-61,ses-2,eyesopen,1,SD,35,250.0,61,1250,3,61,1250,data\sub-61\ses-2\eeg\sub-61_ses-2_task-eyesopen_eeg.set,7092
sub-61,ses-2,eyesopen,1,SD,36,250.0,61,1250,3,61,1250,data\sub-61\ses-2\eeg\sub-61_ses-2_task-eyesopen_eeg.set,7093
sub-61,ses-2,eyesopen,1,SD,37,250.0,61,1250,3,61,1250,data\sub-61\ses-2\eeg\sub-61_ses-2_task-eyesopen_eeg.set,7094
sub-61,ses-2,eyesopen,1,SD,38,250.0,61,1250,3,61,1250,data\sub-61\ses-2\eeg\sub-61_ses-2_task-eyesopen_eeg.set,7095
sub-61,ses-2,eyesopen,1,SD,39,250.0,61,1250,3,61,1250,data\sub-61\ses-2\eeg\sub-61_ses-2_task-eyesopen_eeg.set,7096
sub-61,ses-2,eyesopen,1,SD,40,250.0,61,1250,3,61,1250,data\sub-61\ses-2\eeg\sub-61_ses-2_task-eyesopen_eeg.set,7097
sub-61,ses-2,eyesopen,1,SD,41,250.0,61,1250,3,61,1250,data\sub-61\ses-2\eeg\sub-61_ses-2_task-eyesopen_eeg.set,7098
sub-61,ses-2,eyesopen,1,SD,42,250.0,61,1250,3,61,1250,data\sub-61\ses-2\eeg\sub-61_ses-2_task-eyesopen_eeg.set,7099
sub-61,ses-2,eyesopen,1,SD,43,250.0,61,1250,3,61,1250,data\sub-61\ses-2\eeg\sub-61_ses-2_task-eyesopen_eeg.set,7100
sub-61,ses-2,eyesopen,1,SD,44,250.0,61,1250,3,61,1250,data\sub-61\ses-2\eeg\sub-61_ses-2_task-eyesopen_eeg.set,7101
sub-61,ses-2,eyesopen,1,SD,45,250.0,61,1250,3,61,1250,data\sub-61\ses-2\eeg\sub-61_ses-2_task-eyesopen_eeg.set,7102
sub-61,ses-2,eyesopen,1,SD,46,250.0,61,1250,3,61,1250,data\sub-61\ses-2\eeg\sub-61_ses-2_task-eyesopen_eeg.set,7103
sub-61,ses-2,eyesopen,1,SD,47,250.0,61,1250,3,61,1250,data\sub-61\ses-2\eeg\sub-61_ses-2_task-eyesopen_eeg.set,7104
sub-61,ses-2,eyesopen,1,SD,48,250.0,61,1250,3,61,1250,data\sub-61\ses-2\eeg\sub-61_ses-2_task-eyesopen_eeg.set,7105
sub-61,ses-2,eyesopen,1,SD,49,250.0,61,1250,3,61,1250,data\sub-61\ses-2\eeg\sub-61_ses-2_task-eyesopen_eeg.set,7106
sub-61,ses-2,eyesopen,1,SD,50,250.0,61,1250,3,61,1250,data\sub-61\ses-2\eeg\sub-61_ses-2_task-eyesopen_eeg.set,7107
sub-61,ses-2,eyesopen,1,SD,51,250.0,61,1250,3,61,1250,data\sub-61\ses-2\eeg\sub-61_ses-2_task-eyesopen_eeg.set,7108
sub-61,ses-2,eyesopen,1,SD,52,250.0,61,1250,3,61,1250,data\sub-61\ses-2\eeg\sub-61_ses-2_task-eyesopen_eeg.set,7109
sub-61,ses-2,eyesopen,1,SD,53,250.0,61,1250,3,61,1250,data\sub-61\ses-2\eeg\sub-61_ses-2_task-eyesopen_eeg.set,7110
sub-61,ses-2,eyesopen,1,SD,54,250.0,61,1250,3,61,1250,data\sub-61\ses-2\eeg\sub-61_ses-2_task-eyesopen_eeg.set,7111
sub-61,ses-2,eyesopen,1,SD,55,250.0,61,1250,3,61,1250,data\sub-61\ses-2\eeg\sub-61_ses-2_task-eyesopen_eeg.set,7112
sub-61,ses-2,eyesopen,1,SD,56,250.0,61,1250,3,61,1250,data\sub-61\ses-2\eeg\sub-61_ses-2_task-eyesopen_eeg.set,7113
sub-61,ses-2,eyesopen,1,SD,57,250.0,61,1250,3,61,1250,data\sub-61\ses-2\eeg\sub-61_ses-2_task-eyesopen_eeg.set,7114
sub-61,ses-2,eyesopen,1,SD,58,250.0,61,1250,3,61,1250,data\sub-61\ses-2\eeg\sub-61_ses-2_task-eyesopen_eeg.set,7115
sub-61,ses-2,eyesopen,1,SD,59,250.0,61,1250,3,61,1250,data\sub-61\ses-2\eeg\sub-61_ses-2_task-eyesopen_eeg.set,7116
sub-63,ses-1,eyesopen,0,NS,0,250.0,61,1250,3,61,1250,data\sub-63\ses-1\eeg\sub-63_ses-1_task-eyesopen_eeg.set,7233
sub-63,ses-1,eyesopen,0,NS,1,250.0,61,1250,3,61,1250,data\sub-63\ses-1\eeg\sub-63_ses-1_task-eyesopen_eeg.set,7234
sub-63,ses-1,eyesopen,0,NS,2,250.0,61,1250,3,61,1250,data\sub-63\ses-1\eeg\sub-63_ses-1_task-eyesopen_eeg.set,7235
sub-63,ses-1,eyesopen,0,NS,3,250.0,61,1250,3,61,1250,data\sub-63\ses-1\eeg\sub-63_ses-1_task-eyesopen_eeg.set,7236
sub-63,ses-1,eyesopen,0,NS,4,250.0,61,1250,3,61,1250,data\sub-63\ses-1\eeg\sub-63_ses-1_task-eyesopen_eeg.set,7237
sub-63,ses-1,eyesopen,0,NS,5,250.0,61,1250,3,61,1250,data\sub-63\ses-1\eeg\sub-63_ses-1_task-eyesopen_eeg.set,7238
sub-63,ses-1,eyesopen,0,NS,6,250.0,61,1250,3,61,1250,data\sub-63\ses-1\eeg\sub-63_ses-1_task-eyesopen_eeg.set,7239
sub-63,ses-1,eyesopen,0,NS,7,250.0,61,1250,3,61,1250,data\sub-63\ses-1\eeg\sub-63_ses-1_task-eyesopen_eeg.set,7240
sub-63,ses-1,eyesopen,0,NS,8,250.0,61,1250,3,61,1250,data\sub-63\ses-1\eeg\sub-63_ses-1_task-eyesopen_eeg.set,7241
sub-63,ses-1,eyesopen,0,NS,9,250.0,61,1250,3,61,1250,data\sub-63\ses-1\eeg\sub-63_ses-1_task-eyesopen_eeg.set,7242
sub-63,ses-1,eyesopen,0,NS,10,250.0,61,1250,3,61,1250,data\sub-63\ses-1\eeg\sub-63_ses-1_task-eyesopen_eeg.set,7243
sub-63,ses-1,eyesopen,0,NS,11,250.0,61,1250,3,61,1250,data\sub-63\ses-1\eeg\sub-63_ses-1_task-eyesopen_eeg.set,7244
sub-63,ses-1,eyesopen,0,NS,12,250.0,61,1250,3,61,1250,data\sub-63\ses-1\eeg\sub-63_ses-1_task-eyesopen_eeg.set,7245
sub-63,ses-1,eyesopen,0,NS,13,250.0,61,1250,3,61,1250,data\sub-63\ses-1\eeg\sub-63_ses-1_task-eyesopen_eeg.set,7246
sub-63,ses-1,eyesopen,0,NS,14,250.0,61,1250,3,61,1250,data\sub-63\ses-1\eeg\sub-63_ses-1_task-eyesopen_eeg.set,7247
sub-63,ses-1,eyesopen,0,NS,15,250.0,61,1250,3,61,1250,data\sub-63\ses-1\eeg\sub-63_ses-1_task-eyesopen_eeg.set,7248
sub-63,ses-1,eyesopen,0,NS,16,250.0,61,1250,3,61,1250,data\sub-63\ses-1\eeg\sub-63_ses-1_task-eyesopen_eeg.set,7249
sub-63,ses-1,eyesopen,0,NS,17,250.0,61,1250,3,61,1250,data\sub-63\ses-1\eeg\sub-63_ses-1_task-eyesopen_eeg.set,7250
sub-63,ses-1,eyesopen,0,NS,18,250.0,61,1250,3,61,1250,data\sub-63\ses-1\eeg\sub-63_ses-1_task-eyesopen_eeg.set,7251
sub-63,ses-1,eyesopen,0,NS,19,250.0,61,1250,3,61,1250,data\sub-63\ses-1\eeg\sub-63_ses-1_task-eyesopen_eeg.set,7252
sub-63,ses-1,eyesopen,0,NS,20,250.0,61,1250,3,61,1250,data\sub-63\ses-1\eeg\sub-63_ses-1_task-eyesopen_eeg.set,7253
sub-63,ses-1,eyesopen,0,NS,21,250.0,61,1250,3,61,1250,data\sub-63\ses-1\eeg\sub-63_ses-1_task-eyesopen_eeg.set,7254
sub-63,ses-1,eyesopen,0,NS,22,250.0,61,1250,3,61,1250,data\sub-63\ses-1\eeg\sub-63_ses-1_task-eyesopen_eeg.set,7255
sub-63,ses-1,eyesopen,0,NS,23,250.0,61,1250,3,61,1250,data\sub-63\ses-1\eeg\sub-63_ses-1_task-eyesopen_eeg.set,7256
sub-63,ses-1,eyesopen,0,NS,24,250.0,61,1250,3,61,1250,data\sub-63\ses-1\eeg\sub-63_ses-1_task-eyesopen_eeg.set,7257
sub-63,ses-1,eyesopen,0,NS,25,250.0,61,1250,3,61,1250,data\sub-63\ses-1\eeg\sub-63_ses-1_task-eyesopen_eeg.set,7258
sub-63,ses-1,eyesopen,0,NS,26,250.0,61,1250,3,61,1250,data\sub-63\ses-1\eeg\sub-63_ses-1_task-eyesopen_eeg.set,7259
sub-63,ses-1,eyesopen,0,NS,27,250.0,61,1250,3,61,1250,data\sub-63\ses-1\eeg\sub-63_ses-1_task-eyesopen_eeg.set,7260
sub-63,ses-1,eyesopen,0,NS,28,250.0,61,1250,3,61,1250,data\sub-63\ses-1\eeg\sub-63_ses-1_task-eyesopen_eeg.set,7261
sub-63,ses-1,eyesopen,0,NS,29,250.0,61,1250,3,61,1250,data\sub-63\ses-1\eeg\sub-63_ses-1_task-eyesopen_eeg.set,7262
sub-63,ses-1,eyesopen,0,NS,30,250.0,61,1250,3,61,1250,data\sub-63\ses-1\eeg\sub-63_ses-1_task-eyesopen_eeg.set,7263
sub-63,ses-1,eyesopen,0,NS,31,250.0,61,1250,3,61,1250,data\sub-63\ses-1\eeg\sub-63_ses-1_task-eyesopen_eeg.set,7264
sub-63,ses-1,eyesopen,0,NS,32,250.0,61,1250,3,61,1250,data\sub-63\ses-1\eeg\sub-63_ses-1_task-eyesopen_eeg.set,7265
sub-63,ses-1,eyesopen,0,NS,33,250.0,61,1250,3,61,1250,data\sub-63\ses-1\eeg\sub-63_ses-1_task-eyesopen_eeg.set,7266
sub-63,ses-1,eyesopen,0,NS,34,250.0,61,1250,3,61,1250,data\sub-63\ses-1\eeg\sub-63_ses-1_task-eyesopen_eeg.set,7267
sub-63,ses-1,eyesopen,0,NS,35,250.0,61,1250,3,61,1250,data\sub-63\ses-1\eeg\sub-63_ses-1_task-eyesopen_eeg.set,7268
sub-63,ses-1,eyesopen,0,NS,36,250.0,61,1250,3,61,1250,data\sub-63\ses-1\eeg\sub-63_ses-1_task-eyesopen_eeg.set,7269
sub-63,ses-1,eyesopen,0,NS,37,250.0,61,1250,3,61,1250,data\sub-63\ses-1\eeg\sub-63_ses-1_task-eyesopen_eeg.set,7270
sub-63,ses-1,eyesopen,0,NS,38,250.0,61,1250,3,61,1250,data\sub-63\ses-1\eeg\sub-63_ses-1_task-eyesopen_eeg.set,7271
sub-63,ses-1,eyesopen,0,NS,39,250.0,61,1250,3,61,1250,data\sub-63\ses-1\eeg\sub-63_ses-1_task-eyesopen_eeg.set,7272
sub-63,ses-1,eyesopen,0,NS,40,250.0,61,1250,3,61,1250,data\sub-63\ses-1\eeg\sub-63_ses-1_task-eyesopen_eeg.set,7273
sub-63,ses-1,eyesopen,0,NS,41,250.0,61,1250,3,61,1250,data\sub-63\ses-1\eeg\sub-63_ses-1_task-eyesopen_eeg.set,7274
sub-63,ses-1,eyesopen,0,NS,42,250.0,61,1250,3,61,1250,data\sub-63\ses-1\eeg\sub-63_ses-1_task-eyesopen_eeg.set,7275
sub-63,ses-1,eyesopen,0,NS,43,250.0,61,1250,3,61,1250,data\sub-63\ses-1\eeg\sub-63_ses-1_task-eyesopen_eeg.set,7276
sub-63,ses-1,eyesopen,0,NS,44,250.0,61,1250,3,61,1250,data\sub-63\ses-1\eeg\sub-63_ses-1_task-eyesopen_eeg.set,7277
sub-63,ses-1,eyesopen,0,NS,45,250.0,61,1250,3,61,1250,data\sub-63\ses-1\eeg\sub-63_ses-1_task-eyesopen_eeg.set,7278
sub-63,ses-1,eyesopen,0,NS,46,250.0,61,1250,3,61,1250,data\sub-63\ses-1\eeg\sub-63_ses-1_task-eyesopen_eeg.set,7279
sub-63,ses-1,eyesopen,0,NS,47,250.0,61,1250,3,61,1250,data\sub-63\ses-1\eeg\sub-63_ses-1_task-eyesopen_eeg.set,7280
sub-63,ses-1,eyesopen,0,NS,48,250.0,61,1250,3,61,1250,data\sub-63\ses-1\eeg\sub-63_ses-1_task-eyesopen_eeg.set,7281
sub-63,ses-1,eyesopen,0,NS,49,250.0,61,1250,3,61,1250,data\sub-63\ses-1\eeg\sub-63_ses-1_task-eyesopen_eeg.set,7282
sub-63,ses-1,eyesopen,0,NS,50,250.0,61,1250,3,61,1250,data\sub-63\ses-1\eeg\sub-63_ses-1_task-eyesopen_eeg.set,7283
sub-63,ses-1,eyesopen,0,NS,51,250.0,61,1250,3,61,1250,data\sub-63\ses-1\eeg\sub-63_ses-1_task-eyesopen_eeg.set,7284
sub-63,ses-1,eyesopen,0,NS,52,250.0,61,1250,3,61,1250,data\sub-63\ses-1\eeg\sub-63_ses-1_task-eyesopen_eeg.set,7285
sub-63,ses-1,eyesopen,0,NS,53,250.0,61,1250,3,61,1250,data\sub-63\ses-1\eeg\sub-63_ses-1_task-eyesopen_eeg.set,7286
sub-63,ses-1,eyesopen,0,NS,54,250.0,61,1250,3,61,1250,data\sub-63\ses-1\eeg\sub-63_ses-1_task-eyesopen_eeg.set,7287
sub-63,ses-1,eyesopen,0,NS,55,250.0,61,1250,3,61,1250,data\sub-63\ses-1\eeg\sub-63_ses-1_task-eyesopen_eeg.set,7288
sub-63,ses-1,eyesopen,0,NS,56,250.0,61,1250,3,61,1250,data\sub-63\ses-1\eeg\sub-63_ses-1_task-eyesopen_eeg.set,7289
sub-63,ses-1,eyesopen,0,NS,57,250.0,61,1250,3,61,1250,data\sub-63\ses-1\eeg\sub-63_ses-1_task-eyesopen_eeg.set,7290
sub-63,ses-1,eyesopen,0,NS,58,250.0,61,1250,3,61,1250,data\sub-63\ses-1\eeg\sub-63_ses-1_task-eyesopen_eeg.set,7291
sub-63,ses-1,eyesopen,0,NS,59,250.0,61,1250,3,61,1250,data\sub-63\ses-1\eeg\sub-63_ses-1_task-eyesopen_eeg.set,7292
sub-63,ses-2,eyesopen,1,SD,0,250.0,61,1250,3,61,1250,data\sub-63\ses-2\eeg\sub-63_ses-2_task-eyesopen_eeg.set,7293
sub-63,ses-2,eyesopen,1,SD,1,250.0,61,1250,3,61,1250,data\sub-63\ses-2\eeg\sub-63_ses-2_task-eyesopen_eeg.set,7294
sub-63,ses-2,eyesopen,1,SD,2,250.0,61,1250,3,61,1250,data\sub-63\ses-2\eeg\sub-63_ses-2_task-eyesopen_eeg.set,7295
sub-63,ses-2,eyesopen,1,SD,3,250.0,61,1250,3,61,1250,data\sub-63\ses-2\eeg\sub-63_ses-2_task-eyesopen_eeg.set,7296
sub-63,ses-2,eyesopen,1,SD,4,250.0,61,1250,3,61,1250,data\sub-63\ses-2\eeg\sub-63_ses-2_task-eyesopen_eeg.set,7297
sub-63,ses-2,eyesopen,1,SD,5,250.0,61,1250,3,61,1250,data\sub-63\ses-2\eeg\sub-63_ses-2_task-eyesopen_eeg.set,7298
sub-63,ses-2,eyesopen,1,SD,6,250.0,61,1250,3,61,1250,data\sub-63\ses-2\eeg\sub-63_ses-2_task-eyesopen_eeg.set,7299
sub-63,ses-2,eyesopen,1,SD,7,250.0,61,1250,3,61,1250,data\sub-63\ses-2\eeg\sub-63_ses-2_task-eyesopen_eeg.set,7300
sub-63,ses-2,eyesopen,1,SD,8,250.0,61,1250,3,61,1250,data\sub-63\ses-2\eeg\sub-63_ses-2_task-eyesopen_eeg.set,7301
sub-63,ses-2,eyesopen,1,SD,9,250.0,61,1250,3,61,1250,data\sub-63\ses-2\eeg\sub-63_ses-2_task-eyesopen_eeg.set,7302
sub-63,ses-2,eyesopen,1,SD,10,250.0,61,1250,3,61,1250,data\sub-63\ses-2\eeg\sub-63_ses-2_task-eyesopen_eeg.set,7303
sub-63,ses-2,eyesopen,1,SD,11,250.0,61,1250,3,61,1250,data\sub-63\ses-2\eeg\sub-63_ses-2_task-eyesopen_eeg.set,7304
sub-63,ses-2,eyesopen,1,SD,12,250.0,61,1250,3,61,1250,data\sub-63\ses-2\eeg\sub-63_ses-2_task-eyesopen_eeg.set,7305
sub-63,ses-2,eyesopen,1,SD,13,250.0,61,1250,3,61,1250,data\sub-63\ses-2\eeg\sub-63_ses-2_task-eyesopen_eeg.set,7306
sub-63,ses-2,eyesopen,1,SD,14,250.0,61,1250,3,61,1250,data\sub-63\ses-2\eeg\sub-63_ses-2_task-eyesopen_eeg.set,7307
sub-63,ses-2,eyesopen,1,SD,15,250.0,61,1250,3,61,1250,data\sub-63\ses-2\eeg\sub-63_ses-2_task-eyesopen_eeg.set,7308
sub-63,ses-2,eyesopen,1,SD,16,250.0,61,1250,3,61,1250,data\sub-63\ses-2\eeg\sub-63_ses-2_task-eyesopen_eeg.set,7309
sub-63,ses-2,eyesopen,1,SD,17,250.0,61,1250,3,61,1250,data\sub-63\ses-2\eeg\sub-63_ses-2_task-eyesopen_eeg.set,7310
sub-63,ses-2,eyesopen,1,SD,18,250.0,61,1250,3,61,1250,data\sub-63\ses-2\eeg\sub-63_ses-2_task-eyesopen_eeg.set,7311
sub-63,ses-2,eyesopen,1,SD,19,250.0,61,1250,3,61,1250,data\sub-63\ses-2\eeg\sub-63_ses-2_task-eyesopen_eeg.set,7312
sub-63,ses-2,eyesopen,1,SD,20,250.0,61,1250,3,61,1250,data\sub-63\ses-2\eeg\sub-63_ses-2_task-eyesopen_eeg.set,7313
sub-63,ses-2,eyesopen,1,SD,21,250.0,61,1250,3,61,1250,data\sub-63\ses-2\eeg\sub-63_ses-2_task-eyesopen_eeg.set,7314
sub-63,ses-2,eyesopen,1,SD,22,250.0,61,1250,3,61,1250,data\sub-63\ses-2\eeg\sub-63_ses-2_task-eyesopen_eeg.set,7315
sub-63,ses-2,eyesopen,1,SD,23,250.0,61,1250,3,61,1250,data\sub-63\ses-2\eeg\sub-63_ses-2_task-eyesopen_eeg.set,7316
sub-63,ses-2,eyesopen,1,SD,24,250.0,61,1250,3,61,1250,data\sub-63\ses-2\eeg\sub-63_ses-2_task-eyesopen_eeg.set,7317
sub-63,ses-2,eyesopen,1,SD,25,250.0,61,1250,3,61,1250,data\sub-63\ses-2\eeg\sub-63_ses-2_task-eyesopen_eeg.set,7318
sub-63,ses-2,eyesopen,1,SD,26,250.0,61,1250,3,61,1250,data\sub-63\ses-2\eeg\sub-63_ses-2_task-eyesopen_eeg.set,7319
sub-63,ses-2,eyesopen,1,SD,27,250.0,61,1250,3,61,1250,data\sub-63\ses-2\eeg\sub-63_ses-2_task-eyesopen_eeg.set,7320
sub-63,ses-2,eyesopen,1,SD,28,250.0,61,1250,3,61,1250,data\sub-63\ses-2\eeg\sub-63_ses-2_task-eyesopen_eeg.set,7321
sub-63,ses-2,eyesopen,1,SD,29,250.0,61,1250,3,61,1250,data\sub-63\ses-2\eeg\sub-63_ses-2_task-eyesopen_eeg.set,7322
sub-63,ses-2,eyesopen,1,SD,30,250.0,61,1250,3,61,1250,data\sub-63\ses-2\eeg\sub-63_ses-2_task-eyesopen_eeg.set,7323
sub-63,ses-2,eyesopen,1,SD,31,250.0,61,1250,3,61,1250,data\sub-63\ses-2\eeg\sub-63_ses-2_task-eyesopen_eeg.set,7324
sub-63,ses-2,eyesopen,1,SD,32,250.0,61,1250,3,61,1250,data\sub-63\ses-2\eeg\sub-63_ses-2_task-eyesopen_eeg.set,7325
sub-63,ses-2,eyesopen,1,SD,33,250.0,61,1250,3,61,1250,data\sub-63\ses-2\eeg\sub-63_ses-2_task-eyesopen_eeg.set,7326
sub-63,ses-2,eyesopen,1,SD,34,250.0,61,1250,3,61,1250,data\sub-63\ses-2\eeg\sub-63_ses-2_task-eyesopen_eeg.set,7327
sub-63,ses-2,eyesopen,1,SD,35,250.0,61,1250,3,61,1250,data\sub-63\ses-2\eeg\sub-63_ses-2_task-eyesopen_eeg.set,7328
sub-63,ses-2,eyesopen,1,SD,36,250.0,61,1250,3,61,1250,data\sub-63\ses-2\eeg\sub-63_ses-2_task-eyesopen_eeg.set,7329
sub-63,ses-2,eyesopen,1,SD,37,250.0,61,1250,3,61,1250,data\sub-63\ses-2\eeg\sub-63_ses-2_task-eyesopen_eeg.set,7330
sub-63,ses-2,eyesopen,1,SD,38,250.0,61,1250,3,61,1250,data\sub-63\ses-2\eeg\sub-63_ses-2_task-eyesopen_eeg.set,7331
sub-63,ses-2,eyesopen,1,SD,39,250.0,61,1250,3,61,1250,data\sub-63\ses-2\eeg\sub-63_ses-2_task-eyesopen_eeg.set,7332
sub-63,ses-2,eyesopen,1,SD,40,250.0,61,1250,3,61,1250,data\sub-63\ses-2\eeg\sub-63_ses-2_task-eyesopen_eeg.set,7333
sub-63,ses-2,eyesopen,1,SD,41,250.0,61,1250,3,61,1250,data\sub-63\ses-2\eeg\sub-63_ses-2_task-eyesopen_eeg.set,7334
sub-63,ses-2,eyesopen,1,SD,42,250.0,61,1250,3,61,1250,data\sub-63\ses-2\eeg\sub-63_ses-2_task-eyesopen_eeg.set,7335
sub-63,ses-2,eyesopen,1,SD,43,250.0,61,1250,3,61,1250,data\sub-63\ses-2\eeg\sub-63_ses-2_task-eyesopen_eeg.set,7336
sub-63,ses-2,eyesopen,1,SD,44,250.0,61,1250,3,61,1250,data\sub-63\ses-2\eeg\sub-63_ses-2_task-eyesopen_eeg.set,7337
sub-63,ses-2,eyesopen,1,SD,45,250.0,61,1250,3,61,1250,data\sub-63\ses-2\eeg\sub-63_ses-2_task-eyesopen_eeg.set,7338
sub-63,ses-2,eyesopen,1,SD,46,250.0,61,1250,3,61,1250,data\sub-63\ses-2\eeg\sub-63_ses-2_task-eyesopen_eeg.set,7339
sub-63,ses-2,eyesopen,1,SD,47,250.0,61,1250,3,61,1250,data\sub-63\ses-2\eeg\sub-63_ses-2_task-eyesopen_eeg.set,7340
sub-63,ses-2,eyesopen,1,SD,48,250.0,61,1250,3,61,1250,data\sub-63\ses-2\eeg\sub-63_ses-2_task-eyesopen_eeg.set,7341
sub-63,ses-2,eyesopen,1,SD,49,250.0,61,1250,3,61,1250,data\sub-63\ses-2\eeg\sub-63_ses-2_task-eyesopen_eeg.set,7342
sub-63,ses-2,eyesopen,1,SD,50,250.0,61,1250,3,61,1250,data\sub-63\ses-2\eeg\sub-63_ses-2_task-eyesopen_eeg.set,7343
sub-63,ses-2,eyesopen,1,SD,51,250.0,61,1250,3,61,1250,data\sub-63\ses-2\eeg\sub-63_ses-2_task-eyesopen_eeg.set,7344
sub-63,ses-2,eyesopen,1,SD,52,250.0,61,1250,3,61,1250,data\sub-63\ses-2\eeg\sub-63_ses-2_task-eyesopen_eeg.set,7345
sub-63,ses-2,eyesopen,1,SD,53,250.0,61,1250,3,61,1250,data\sub-63\ses-2\eeg\sub-63_ses-2_task-eyesopen_eeg.set,7346
sub-63,ses-2,eyesopen,1,SD,54,250.0,61,1250,3,61,1250,data\sub-63\ses-2\eeg\sub-63_ses-2_task-eyesopen_eeg.set,7347
sub-63,ses-2,eyesopen,1,SD,55,250.0,61,1250,3,61,1250,data\sub-63\ses-2\eeg\sub-63_ses-2_task-eyesopen_eeg.set,7348
sub-63,ses-2,eyesopen,1,SD,56,250.0,61,1250,3,61,1250,data\sub-63\ses-2\eeg\sub-63_ses-2_task-eyesopen_eeg.set,7349
sub-63,ses-2,eyesopen,1,SD,57,250.0,61,1250,3,61,1250,data\sub-63\ses-2\eeg\sub-63_ses-2_task-eyesopen_eeg.set,7350
sub-63,ses-2,eyesopen,1,SD,58,250.0,61,1250,3,61,1250,data\sub-63\ses-2\eeg\sub-63_ses-2_task-eyesopen_eeg.set,7351
sub-63,ses-2,eyesopen,1,SD,59,250.0,61,1250,3,61,1250,data\sub-63\ses-2\eeg\sub-63_ses-2_task-eyesopen_eeg.set,7352
sub-64,ses-1,eyesopen,0,NS,0,250.0,61,1250,3,61,1250,data\sub-64\ses-1\eeg\sub-64_ses-1_task-eyesopen_eeg.set,7353
sub-64,ses-1,eyesopen,0,NS,1,250.0,61,1250,3,61,1250,data\sub-64\ses-1\eeg\sub-64_ses-1_task-eyesopen_eeg.set,7354
sub-64,ses-1,eyesopen,0,NS,2,250.0,61,1250,3,61,1250,data\sub-64\ses-1\eeg\sub-64_ses-1_task-eyesopen_eeg.set,7355
sub-64,ses-1,eyesopen,0,NS,3,250.0,61,1250,3,61,1250,data\sub-64\ses-1\eeg\sub-64_ses-1_task-eyesopen_eeg.set,7356
sub-64,ses-1,eyesopen,0,NS,4,250.0,61,1250,3,61,1250,data\sub-64\ses-1\eeg\sub-64_ses-1_task-eyesopen_eeg.set,7357
sub-64,ses-1,eyesopen,0,NS,5,250.0,61,1250,3,61,1250,data\sub-64\ses-1\eeg\sub-64_ses-1_task-eyesopen_eeg.set,7358
sub-64,ses-1,eyesopen,0,NS,6,250.0,61,1250,3,61,1250,data\sub-64\ses-1\eeg\sub-64_ses-1_task-eyesopen_eeg.set,7359
sub-64,ses-1,eyesopen,0,NS,7,250.0,61,1250,3,61,1250,data\sub-64\ses-1\eeg\sub-64_ses-1_task-eyesopen_eeg.set,7360
sub-64,ses-1,eyesopen,0,NS,8,250.0,61,1250,3,61,1250,data\sub-64\ses-1\eeg\sub-64_ses-1_task-eyesopen_eeg.set,7361
sub-64,ses-1,eyesopen,0,NS,9,250.0,61,1250,3,61,1250,data\sub-64\ses-1\eeg\sub-64_ses-1_task-eyesopen_eeg.set,7362
sub-64,ses-1,eyesopen,0,NS,10,250.0,61,1250,3,61,1250,data\sub-64\ses-1\eeg\sub-64_ses-1_task-eyesopen_eeg.set,7363
sub-64,ses-1,eyesopen,0,NS,11,250.0,61,1250,3,61,1250,data\sub-64\ses-1\eeg\sub-64_ses-1_task-eyesopen_eeg.set,7364
sub-64,ses-1,eyesopen,0,NS,12,250.0,61,1250,3,61,1250,data\sub-64\ses-1\eeg\sub-64_ses-1_task-eyesopen_eeg.set,7365
sub-64,ses-1,eyesopen,0,NS,13,250.0,61,1250,3,61,1250,data\sub-64\ses-1\eeg\sub-64_ses-1_task-eyesopen_eeg.set,7366
sub-64,ses-1,eyesopen,0,NS,14,250.0,61,1250,3,61,1250,data\sub-64\ses-1\eeg\sub-64_ses-1_task-eyesopen_eeg.set,7367
sub-64,ses-1,eyesopen,0,NS,15,250.0,61,1250,3,61,1250,data\sub-64\ses-1\eeg\sub-64_ses-1_task-eyesopen_eeg.set,7368
sub-64,ses-1,eyesopen,0,NS,16,250.0,61,1250,3,61,1250,data\sub-64\ses-1\eeg\sub-64_ses-1_task-eyesopen_eeg.set,7369
sub-64,ses-1,eyesopen,0,NS,17,250.0,61,1250,3,61,1250,data\sub-64\ses-1\eeg\sub-64_ses-1_task-eyesopen_eeg.set,7370
sub-64,ses-1,eyesopen,0,NS,18,250.0,61,1250,3,61,1250,data\sub-64\ses-1\eeg\sub-64_ses-1_task-eyesopen_eeg.set,7371
sub-64,ses-1,eyesopen,0,NS,19,250.0,61,1250,3,61,1250,data\sub-64\ses-1\eeg\sub-64_ses-1_task-eyesopen_eeg.set,7372
sub-64,ses-1,eyesopen,0,NS,20,250.0,61,1250,3,61,1250,data\sub-64\ses-1\eeg\sub-64_ses-1_task-eyesopen_eeg.set,7373
sub-64,ses-1,eyesopen,0,NS,21,250.0,61,1250,3,61,1250,data\sub-64\ses-1\eeg\sub-64_ses-1_task-eyesopen_eeg.set,7374
sub-64,ses-1,eyesopen,0,NS,22,250.0,61,1250,3,61,1250,data\sub-64\ses-1\eeg\sub-64_ses-1_task-eyesopen_eeg.set,7375
sub-64,ses-1,eyesopen,0,NS,23,250.0,61,1250,3,61,1250,data\sub-64\ses-1\eeg\sub-64_ses-1_task-eyesopen_eeg.set,7376
sub-64,ses-1,eyesopen,0,NS,24,250.0,61,1250,3,61,1250,data\sub-64\ses-1\eeg\sub-64_ses-1_task-eyesopen_eeg.set,7377
sub-64,ses-1,eyesopen,0,NS,25,250.0,61,1250,3,61,1250,data\sub-64\ses-1\eeg\sub-64_ses-1_task-eyesopen_eeg.set,7378
sub-64,ses-1,eyesopen,0,NS,26,250.0,61,1250,3,61,1250,data\sub-64\ses-1\eeg\sub-64_ses-1_task-eyesopen_eeg.set,7379
sub-64,ses-1,eyesopen,0,NS,27,250.0,61,1250,3,61,1250,data\sub-64\ses-1\eeg\sub-64_ses-1_task-eyesopen_eeg.set,7380
sub-64,ses-1,eyesopen,0,NS,28,250.0,61,1250,3,61,1250,data\sub-64\ses-1\eeg\sub-64_ses-1_task-eyesopen_eeg.set,7381
sub-64,ses-1,eyesopen,0,NS,29,250.0,61,1250,3,61,1250,data\sub-64\ses-1\eeg\sub-64_ses-1_task-eyesopen_eeg.set,7382
sub-64,ses-1,eyesopen,0,NS,30,250.0,61,1250,3,61,1250,data\sub-64\ses-1\eeg\sub-64_ses-1_task-eyesopen_eeg.set,7383
sub-64,ses-1,eyesopen,0,NS,31,250.0,61,1250,3,61,1250,data\sub-64\ses-1\eeg\sub-64_ses-1_task-eyesopen_eeg.set,7384
sub-64,ses-1,eyesopen,0,NS,32,250.0,61,1250,3,61,1250,data\sub-64\ses-1\eeg\sub-64_ses-1_task-eyesopen_eeg.set,7385
sub-64,ses-1,eyesopen,0,NS,33,250.0,61,1250,3,61,1250,data\sub-64\ses-1\eeg\sub-64_ses-1_task-eyesopen_eeg.set,7386
sub-64,ses-1,eyesopen,0,NS,34,250.0,61,1250,3,61,1250,data\sub-64\ses-1\eeg\sub-64_ses-1_task-eyesopen_eeg.set,7387
sub-64,ses-1,eyesopen,0,NS,35,250.0,61,1250,3,61,1250,data\sub-64\ses-1\eeg\sub-64_ses-1_task-eyesopen_eeg.set,7388
sub-64,ses-1,eyesopen,0,NS,36,250.0,61,1250,3,61,1250,data\sub-64\ses-1\eeg\sub-64_ses-1_task-eyesopen_eeg.set,7389
sub-64,ses-1,eyesopen,0,NS,37,250.0,61,1250,3,61,1250,data\sub-64\ses-1\eeg\sub-64_ses-1_task-eyesopen_eeg.set,7390
sub-64,ses-1,eyesopen,0,NS,38,250.0,61,1250,3,61,1250,data\sub-64\ses-1\eeg\sub-64_ses-1_task-eyesopen_eeg.set,7391
sub-64,ses-1,eyesopen,0,NS,39,250.0,61,1250,3,61,1250,data\sub-64\ses-1\eeg\sub-64_ses-1_task-eyesopen_eeg.set,7392
sub-64,ses-1,eyesopen,0,NS,40,250.0,61,1250,3,61,1250,data\sub-64\ses-1\eeg\sub-64_ses-1_task-eyesopen_eeg.set,7393
sub-64,ses-1,eyesopen,0,NS,41,250.0,61,1250,3,61,1250,data\sub-64\ses-1\eeg\sub-64_ses-1_task-eyesopen_eeg.set,7394
sub-64,ses-1,eyesopen,0,NS,42,250.0,61,1250,3,61,1250,data\sub-64\ses-1\eeg\sub-64_ses-1_task-eyesopen_eeg.set,7395
sub-64,ses-1,eyesopen,0,NS,43,250.0,61,1250,3,61,1250,data\sub-64\ses-1\eeg\sub-64_ses-1_task-eyesopen_eeg.set,7396
sub-64,ses-1,eyesopen,0,NS,44,250.0,61,1250,3,61,1250,data\sub-64\ses-1\eeg\sub-64_ses-1_task-eyesopen_eeg.set,7397
sub-64,ses-1,eyesopen,0,NS,45,250.0,61,1250,3,61,1250,data\sub-64\ses-1\eeg\sub-64_ses-1_task-eyesopen_eeg.set,7398
sub-64,ses-1,eyesopen,0,NS,46,250.0,61,1250,3,61,1250,data\sub-64\ses-1\eeg\sub-64_ses-1_task-eyesopen_eeg.set,7399
sub-64,ses-1,eyesopen,0,NS,47,250.0,61,1250,3,61,1250,data\sub-64\ses-1\eeg\sub-64_ses-1_task-eyesopen_eeg.set,7400
sub-64,ses-1,eyesopen,0,NS,48,250.0,61,1250,3,61,1250,data\sub-64\ses-1\eeg\sub-64_ses-1_task-eyesopen_eeg.set,7401
sub-64,ses-1,eyesopen,0,NS,49,250.0,61,1250,3,61,1250,data\sub-64\ses-1\eeg\sub-64_ses-1_task-eyesopen_eeg.set,7402
sub-64,ses-1,eyesopen,0,NS,50,250.0,61,1250,3,61,1250,data\sub-64\ses-1\eeg\sub-64_ses-1_task-eyesopen_eeg.set,7403
sub-64,ses-1,eyesopen,0,NS,51,250.0,61,1250,3,61,1250,data\sub-64\ses-1\eeg\sub-64_ses-1_task-eyesopen_eeg.set,7404
sub-64,ses-1,eyesopen,0,NS,52,250.0,61,1250,3,61,1250,data\sub-64\ses-1\eeg\sub-64_ses-1_task-eyesopen_eeg.set,7405
sub-64,ses-1,eyesopen,0,NS,53,250.0,61,1250,3,61,1250,data\sub-64\ses-1\eeg\sub-64_ses-1_task-eyesopen_eeg.set,7406
sub-64,ses-1,eyesopen,0,NS,54,250.0,61,1250,3,61,1250,data\sub-64\ses-1\eeg\sub-64_ses-1_task-eyesopen_eeg.set,7407
sub-64,ses-1,eyesopen,0,NS,55,250.0,61,1250,3,61,1250,data\sub-64\ses-1\eeg\sub-64_ses-1_task-eyesopen_eeg.set,7408
sub-64,ses-1,eyesopen,0,NS,56,250.0,61,1250,3,61,1250,data\sub-64\ses-1\eeg\sub-64_ses-1_task-eyesopen_eeg.set,7409
sub-64,ses-1,eyesopen,0,NS,57,250.0,61,1250,3,61,1250,data\sub-64\ses-1\eeg\sub-64_ses-1_task-eyesopen_eeg.set,7410
sub-64,ses-1,eyesopen,0,NS,58,250.0,61,1250,3,61,1250,data\sub-64\ses-1\eeg\sub-64_ses-1_task-eyesopen_eeg.set,7411
sub-64,ses-1,eyesopen,0,NS,59,250.0,61,1250,3,61,1250,data\sub-64\ses-1\eeg\sub-64_ses-1_task-eyesopen_eeg.set,7412
sub-64,ses-2,eyesopen,1,SD,0,250.0,61,1250,3,61,1250,data\sub-64\ses-2\eeg\sub-64_ses-2_task-eyesopen_eeg.set,7413
sub-64,ses-2,eyesopen,1,SD,1,250.0,61,1250,3,61,1250,data\sub-64\ses-2\eeg\sub-64_ses-2_task-eyesopen_eeg.set,7414
sub-64,ses-2,eyesopen,1,SD,2,250.0,61,1250,3,61,1250,data\sub-64\ses-2\eeg\sub-64_ses-2_task-eyesopen_eeg.set,7415
sub-64,ses-2,eyesopen,1,SD,3,250.0,61,1250,3,61,1250,data\sub-64\ses-2\eeg\sub-64_ses-2_task-eyesopen_eeg.set,7416
sub-64,ses-2,eyesopen,1,SD,4,250.0,61,1250,3,61,1250,data\sub-64\ses-2\eeg\sub-64_ses-2_task-eyesopen_eeg.set,7417
sub-64,ses-2,eyesopen,1,SD,5,250.0,61,1250,3,61,1250,data\sub-64\ses-2\eeg\sub-64_ses-2_task-eyesopen_eeg.set,7418
sub-64,ses-2,eyesopen,1,SD,6,250.0,61,1250,3,61,1250,data\sub-64\ses-2\eeg\sub-64_ses-2_task-eyesopen_eeg.set,7419
sub-64,ses-2,eyesopen,1,SD,7,250.0,61,1250,3,61,1250,data\sub-64\ses-2\eeg\sub-64_ses-2_task-eyesopen_eeg.set,7420
sub-64,ses-2,eyesopen,1,SD,8,250.0,61,1250,3,61,1250,data\sub-64\ses-2\eeg\sub-64_ses-2_task-eyesopen_eeg.set,7421
sub-64,ses-2,eyesopen,1,SD,9,250.0,61,1250,3,61,1250,data\sub-64\ses-2\eeg\sub-64_ses-2_task-eyesopen_eeg.set,7422
sub-64,ses-2,eyesopen,1,SD,10,250.0,61,1250,3,61,1250,data\sub-64\ses-2\eeg\sub-64_ses-2_task-eyesopen_eeg.set,7423
sub-64,ses-2,eyesopen,1,SD,11,250.0,61,1250,3,61,1250,data\sub-64\ses-2\eeg\sub-64_ses-2_task-eyesopen_eeg.set,7424
sub-64,ses-2,eyesopen,1,SD,12,250.0,61,1250,3,61,1250,data\sub-64\ses-2\eeg\sub-64_ses-2_task-eyesopen_eeg.set,7425
sub-64,ses-2,eyesopen,1,SD,13,250.0,61,1250,3,61,1250,data\sub-64\ses-2\eeg\sub-64_ses-2_task-eyesopen_eeg.set,7426
sub-64,ses-2,eyesopen,1,SD,14,250.0,61,1250,3,61,1250,data\sub-64\ses-2\eeg\sub-64_ses-2_task-eyesopen_eeg.set,7427
sub-64,ses-2,eyesopen,1,SD,15,250.0,61,1250,3,61,1250,data\sub-64\ses-2\eeg\sub-64_ses-2_task-eyesopen_eeg.set,7428
sub-64,ses-2,eyesopen,1,SD,16,250.0,61,1250,3,61,1250,data\sub-64\ses-2\eeg\sub-64_ses-2_task-eyesopen_eeg.set,7429
sub-64,ses-2,eyesopen,1,SD,17,250.0,61,1250,3,61,1250,data\sub-64\ses-2\eeg\sub-64_ses-2_task-eyesopen_eeg.set,7430
sub-64,ses-2,eyesopen,1,SD,18,250.0,61,1250,3,61,1250,data\sub-64\ses-2\eeg\sub-64_ses-2_task-eyesopen_eeg.set,7431
sub-64,ses-2,eyesopen,1,SD,19,250.0,61,1250,3,61,1250,data\sub-64\ses-2\eeg\sub-64_ses-2_task-eyesopen_eeg.set,7432
sub-64,ses-2,eyesopen,1,SD,20,250.0,61,1250,3,61,1250,data\sub-64\ses-2\eeg\sub-64_ses-2_task-eyesopen_eeg.set,7433
sub-64,ses-2,eyesopen,1,SD,21,250.0,61,1250,3,61,1250,data\sub-64\ses-2\eeg\sub-64_ses-2_task-eyesopen_eeg.set,7434
sub-64,ses-2,eyesopen,1,SD,22,250.0,61,1250,3,61,1250,data\sub-64\ses-2\eeg\sub-64_ses-2_task-eyesopen_eeg.set,7435
sub-64,ses-2,eyesopen,1,SD,23,250.0,61,1250,3,61,1250,data\sub-64\ses-2\eeg\sub-64_ses-2_task-eyesopen_eeg.set,7436
sub-64,ses-2,eyesopen,1,SD,24,250.0,61,1250,3,61,1250,data\sub-64\ses-2\eeg\sub-64_ses-2_task-eyesopen_eeg.set,7437
sub-64,ses-2,eyesopen,1,SD,25,250.0,61,1250,3,61,1250,data\sub-64\ses-2\eeg\sub-64_ses-2_task-eyesopen_eeg.set,7438
sub-64,ses-2,eyesopen,1,SD,26,250.0,61,1250,3,61,1250,data\sub-64\ses-2\eeg\sub-64_ses-2_task-eyesopen_eeg.set,7439
sub-64,ses-2,eyesopen,1,SD,27,250.0,61,1250,3,61,1250,data\sub-64\ses-2\eeg\sub-64_ses-2_task-eyesopen_eeg.set,7440
sub-64,ses-2,eyesopen,1,SD,28,250.0,61,1250,3,61,1250,data\sub-64\ses-2\eeg\sub-64_ses-2_task-eyesopen_eeg.set,7441
sub-64,ses-2,eyesopen,1,SD,29,250.0,61,1250,3,61,1250,data\sub-64\ses-2\eeg\sub-64_ses-2_task-eyesopen_eeg.set,7442
sub-64,ses-2,eyesopen,1,SD,30,250.0,61,1250,3,61,1250,data\sub-64\ses-2\eeg\sub-64_ses-2_task-eyesopen_eeg.set,7443
sub-64,ses-2,eyesopen,1,SD,31,250.0,61,1250,3,61,1250,data\sub-64\ses-2\eeg\sub-64_ses-2_task-eyesopen_eeg.set,7444
sub-64,ses-2,eyesopen,1,SD,32,250.0,61,1250,3,61,1250,data\sub-64\ses-2\eeg\sub-64_ses-2_task-eyesopen_eeg.set,7445
sub-64,ses-2,eyesopen,1,SD,33,250.0,61,1250,3,61,1250,data\sub-64\ses-2\eeg\sub-64_ses-2_task-eyesopen_eeg.set,7446
sub-64,ses-2,eyesopen,1,SD,34,250.0,61,1250,3,61,1250,data\sub-64\ses-2\eeg\sub-64_ses-2_task-eyesopen_eeg.set,7447
sub-64,ses-2,eyesopen,1,SD,35,250.0,61,1250,3,61,1250,data\sub-64\ses-2\eeg\sub-64_ses-2_task-eyesopen_eeg.set,7448
sub-64,ses-2,eyesopen,1,SD,36,250.0,61,1250,3,61,1250,data\sub-64\ses-2\eeg\sub-64_ses-2_task-eyesopen_eeg.set,7449
sub-64,ses-2,eyesopen,1,SD,37,250.0,61,1250,3,61,1250,data\sub-64\ses-2\eeg\sub-64_ses-2_task-eyesopen_eeg.set,7450
sub-64,ses-2,eyesopen,1,SD,38,250.0,61,1250,3,61,1250,data\sub-64\ses-2\eeg\sub-64_ses-2_task-eyesopen_eeg.set,7451
sub-64,ses-2,eyesopen,1,SD,39,250.0,61,1250,3,61,1250,data\sub-64\ses-2\eeg\sub-64_ses-2_task-eyesopen_eeg.set,7452
sub-64,ses-2,eyesopen,1,SD,40,250.0,61,1250,3,61,1250,data\sub-64\ses-2\eeg\sub-64_ses-2_task-eyesopen_eeg.set,7453
sub-64,ses-2,eyesopen,1,SD,41,250.0,61,1250,3,61,1250,data\sub-64\ses-2\eeg\sub-64_ses-2_task-eyesopen_eeg.set,7454
sub-64,ses-2,eyesopen,1,SD,42,250.0,61,1250,3,61,1250,data\sub-64\ses-2\eeg\sub-64_ses-2_task-eyesopen_eeg.set,7455
sub-64,ses-2,eyesopen,1,SD,43,250.0,61,1250,3,61,1250,data\sub-64\ses-2\eeg\sub-64_ses-2_task-eyesopen_eeg.set,7456
sub-64,ses-2,eyesopen,1,SD,44,250.0,61,1250,3,61,1250,data\sub-64\ses-2\eeg\sub-64_ses-2_task-eyesopen_eeg.set,7457
sub-64,ses-2,eyesopen,1,SD,45,250.0,61,1250,3,61,1250,data\sub-64\ses-2\eeg\sub-64_ses-2_task-eyesopen_eeg.set,7458
sub-64,ses-2,eyesopen,1,SD,46,250.0,61,1250,3,61,1250,data\sub-64\ses-2\eeg\sub-64_ses-2_task-eyesopen_eeg.set,7459
sub-64,ses-2,eyesopen,1,SD,47,250.0,61,1250,3,61,1250,data\sub-64\ses-2\eeg\sub-64_ses-2_task-eyesopen_eeg.set,7460
sub-64,ses-2,eyesopen,1,SD,48,250.0,61,1250,3,61,1250,data\sub-64\ses-2\eeg\sub-64_ses-2_task-eyesopen_eeg.set,7461
sub-64,ses-2,eyesopen,1,SD,49,250.0,61,1250,3,61,1250,data\sub-64\ses-2\eeg\sub-64_ses-2_task-eyesopen_eeg.set,7462
sub-64,ses-2,eyesopen,1,SD,50,250.0,61,1250,3,61,1250,data\sub-64\ses-2\eeg\sub-64_ses-2_task-eyesopen_eeg.set,7463
sub-64,ses-2,eyesopen,1,SD,51,250.0,61,1250,3,61,1250,data\sub-64\ses-2\eeg\sub-64_ses-2_task-eyesopen_eeg.set,7464
sub-64,ses-2,eyesopen,1,SD,52,250.0,61,1250,3,61,1250,data\sub-64\ses-2\eeg\sub-64_ses-2_task-eyesopen_eeg.set,7465
sub-64,ses-2,eyesopen,1,SD,53,250.0,61,1250,3,61,1250,data\sub-64\ses-2\eeg\sub-64_ses-2_task-eyesopen_eeg.set,7466
sub-64,ses-2,eyesopen,1,SD,54,250.0,61,1250,3,61,1250,data\sub-64\ses-2\eeg\sub-64_ses-2_task-eyesopen_eeg.set,7467
sub-64,ses-2,eyesopen,1,SD,55,250.0,61,1250,3,61,1250,data\sub-64\ses-2\eeg\sub-64_ses-2_task-eyesopen_eeg.set,7468
sub-64,ses-2,eyesopen,1,SD,56,250.0,61,1250,3,61,1250,data\sub-64\ses-2\eeg\sub-64_ses-2_task-eyesopen_eeg.set,7469
sub-64,ses-2,eyesopen,1,SD,57,250.0,61,1250,3,61,1250,data\sub-64\ses-2\eeg\sub-64_ses-2_task-eyesopen_eeg.set,7470
sub-64,ses-2,eyesopen,1,SD,58,250.0,61,1250,3,61,1250,data\sub-64\ses-2\eeg\sub-64_ses-2_task-eyesopen_eeg.set,7471
sub-64,ses-2,eyesopen,1,SD,59,250.0,61,1250,3,61,1250,data\sub-64\ses-2\eeg\sub-64_ses-2_task-eyesopen_eeg.set,7472
sub-65,ses-1,eyesopen,0,NS,0,250.0,61,1250,3,61,1250,data\sub-65\ses-1\eeg\sub-65_ses-1_task-eyesopen_eeg.set,7473
sub-65,ses-1,eyesopen,0,NS,1,250.0,61,1250,3,61,1250,data\sub-65\ses-1\eeg\sub-65_ses-1_task-eyesopen_eeg.set,7474
sub-65,ses-1,eyesopen,0,NS,2,250.0,61,1250,3,61,1250,data\sub-65\ses-1\eeg\sub-65_ses-1_task-eyesopen_eeg.set,7475
sub-65,ses-1,eyesopen,0,NS,3,250.0,61,1250,3,61,1250,data\sub-65\ses-1\eeg\sub-65_ses-1_task-eyesopen_eeg.set,7476
sub-65,ses-1,eyesopen,0,NS,4,250.0,61,1250,3,61,1250,data\sub-65\ses-1\eeg\sub-65_ses-1_task-eyesopen_eeg.set,7477
sub-65,ses-1,eyesopen,0,NS,5,250.0,61,1250,3,61,1250,data\sub-65\ses-1\eeg\sub-65_ses-1_task-eyesopen_eeg.set,7478
sub-65,ses-1,eyesopen,0,NS,6,250.0,61,1250,3,61,1250,data\sub-65\ses-1\eeg\sub-65_ses-1_task-eyesopen_eeg.set,7479
sub-65,ses-1,eyesopen,0,NS,7,250.0,61,1250,3,61,1250,data\sub-65\ses-1\eeg\sub-65_ses-1_task-eyesopen_eeg.set,7480
sub-65,ses-1,eyesopen,0,NS,8,250.0,61,1250,3,61,1250,data\sub-65\ses-1\eeg\sub-65_ses-1_task-eyesopen_eeg.set,7481
sub-65,ses-1,eyesopen,0,NS,9,250.0,61,1250,3,61,1250,data\sub-65\ses-1\eeg\sub-65_ses-1_task-eyesopen_eeg.set,7482
sub-65,ses-1,eyesopen,0,NS,10,250.0,61,1250,3,61,1250,data\sub-65\ses-1\eeg\sub-65_ses-1_task-eyesopen_eeg.set,7483
sub-65,ses-1,eyesopen,0,NS,11,250.0,61,1250,3,61,1250,data\sub-65\ses-1\eeg\sub-65_ses-1_task-eyesopen_eeg.set,7484
sub-65,ses-1,eyesopen,0,NS,12,250.0,61,1250,3,61,1250,data\sub-65\ses-1\eeg\sub-65_ses-1_task-eyesopen_eeg.set,7485
sub-65,ses-1,eyesopen,0,NS,13,250.0,61,1250,3,61,1250,data\sub-65\ses-1\eeg\sub-65_ses-1_task-eyesopen_eeg.set,7486
sub-65,ses-1,eyesopen,0,NS,14,250.0,61,1250,3,61,1250,data\sub-65\ses-1\eeg\sub-65_ses-1_task-eyesopen_eeg.set,7487
sub-65,ses-1,eyesopen,0,NS,15,250.0,61,1250,3,61,1250,data\sub-65\ses-1\eeg\sub-65_ses-1_task-eyesopen_eeg.set,7488
sub-65,ses-1,eyesopen,0,NS,16,250.0,61,1250,3,61,1250,data\sub-65\ses-1\eeg\sub-65_ses-1_task-eyesopen_eeg.set,7489
sub-65,ses-1,eyesopen,0,NS,17,250.0,61,1250,3,61,1250,data\sub-65\ses-1\eeg\sub-65_ses-1_task-eyesopen_eeg.set,7490
sub-65,ses-1,eyesopen,0,NS,18,250.0,61,1250,3,61,1250,data\sub-65\ses-1\eeg\sub-65_ses-1_task-eyesopen_eeg.set,7491
sub-65,ses-1,eyesopen,0,NS,19,250.0,61,1250,3,61,1250,data\sub-65\ses-1\eeg\sub-65_ses-1_task-eyesopen_eeg.set,7492
sub-65,ses-1,eyesopen,0,NS,20,250.0,61,1250,3,61,1250,data\sub-65\ses-1\eeg\sub-65_ses-1_task-eyesopen_eeg.set,7493
sub-65,ses-1,eyesopen,0,NS,21,250.0,61,1250,3,61,1250,data\sub-65\ses-1\eeg\sub-65_ses-1_task-eyesopen_eeg.set,7494
sub-65,ses-1,eyesopen,0,NS,22,250.0,61,1250,3,61,1250,data\sub-65\ses-1\eeg\sub-65_ses-1_task-eyesopen_eeg.set,7495
sub-65,ses-1,eyesopen,0,NS,23,250.0,61,1250,3,61,1250,data\sub-65\ses-1\eeg\sub-65_ses-1_task-eyesopen_eeg.set,7496
sub-65,ses-1,eyesopen,0,NS,24,250.0,61,1250,3,61,1250,data\sub-65\ses-1\eeg\sub-65_ses-1_task-eyesopen_eeg.set,7497
sub-65,ses-1,eyesopen,0,NS,25,250.0,61,1250,3,61,1250,data\sub-65\ses-1\eeg\sub-65_ses-1_task-eyesopen_eeg.set,7498
sub-65,ses-1,eyesopen,0,NS,26,250.0,61,1250,3,61,1250,data\sub-65\ses-1\eeg\sub-65_ses-1_task-eyesopen_eeg.set,7499
sub-65,ses-1,eyesopen,0,NS,27,250.0,61,1250,3,61,1250,data\sub-65\ses-1\eeg\sub-65_ses-1_task-eyesopen_eeg.set,7500
sub-65,ses-1,eyesopen,0,NS,28,250.0,61,1250,3,61,1250,data\sub-65\ses-1\eeg\sub-65_ses-1_task-eyesopen_eeg.set,7501
sub-65,ses-1,eyesopen,0,NS,29,250.0,61,1250,3,61,1250,data\sub-65\ses-1\eeg\sub-65_ses-1_task-eyesopen_eeg.set,7502
sub-65,ses-1,eyesopen,0,NS,30,250.0,61,1250,3,61,1250,data\sub-65\ses-1\eeg\sub-65_ses-1_task-eyesopen_eeg.set,7503
sub-65,ses-1,eyesopen,0,NS,31,250.0,61,1250,3,61,1250,data\sub-65\ses-1\eeg\sub-65_ses-1_task-eyesopen_eeg.set,7504
sub-65,ses-1,eyesopen,0,NS,32,250.0,61,1250,3,61,1250,data\sub-65\ses-1\eeg\sub-65_ses-1_task-eyesopen_eeg.set,7505
sub-65,ses-1,eyesopen,0,NS,33,250.0,61,1250,3,61,1250,data\sub-65\ses-1\eeg\sub-65_ses-1_task-eyesopen_eeg.set,7506
sub-65,ses-1,eyesopen,0,NS,34,250.0,61,1250,3,61,1250,data\sub-65\ses-1\eeg\sub-65_ses-1_task-eyesopen_eeg.set,7507
sub-65,ses-1,eyesopen,0,NS,35,250.0,61,1250,3,61,1250,data\sub-65\ses-1\eeg\sub-65_ses-1_task-eyesopen_eeg.set,7508
sub-65,ses-1,eyesopen,0,NS,36,250.0,61,1250,3,61,1250,data\sub-65\ses-1\eeg\sub-65_ses-1_task-eyesopen_eeg.set,7509
sub-65,ses-1,eyesopen,0,NS,37,250.0,61,1250,3,61,1250,data\sub-65\ses-1\eeg\sub-65_ses-1_task-eyesopen_eeg.set,7510
sub-65,ses-1,eyesopen,0,NS,38,250.0,61,1250,3,61,1250,data\sub-65\ses-1\eeg\sub-65_ses-1_task-eyesopen_eeg.set,7511
sub-65,ses-1,eyesopen,0,NS,39,250.0,61,1250,3,61,1250,data\sub-65\ses-1\eeg\sub-65_ses-1_task-eyesopen_eeg.set,7512
sub-65,ses-1,eyesopen,0,NS,40,250.0,61,1250,3,61,1250,data\sub-65\ses-1\eeg\sub-65_ses-1_task-eyesopen_eeg.set,7513
sub-65,ses-1,eyesopen,0,NS,41,250.0,61,1250,3,61,1250,data\sub-65\ses-1\eeg\sub-65_ses-1_task-eyesopen_eeg.set,7514
sub-65,ses-1,eyesopen,0,NS,42,250.0,61,1250,3,61,1250,data\sub-65\ses-1\eeg\sub-65_ses-1_task-eyesopen_eeg.set,7515
sub-65,ses-1,eyesopen,0,NS,43,250.0,61,1250,3,61,1250,data\sub-65\ses-1\eeg\sub-65_ses-1_task-eyesopen_eeg.set,7516
sub-65,ses-1,eyesopen,0,NS,44,250.0,61,1250,3,61,1250,data\sub-65\ses-1\eeg\sub-65_ses-1_task-eyesopen_eeg.set,7517
sub-65,ses-1,eyesopen,0,NS,45,250.0,61,1250,3,61,1250,data\sub-65\ses-1\eeg\sub-65_ses-1_task-eyesopen_eeg.set,7518
sub-65,ses-1,eyesopen,0,NS,46,250.0,61,1250,3,61,1250,data\sub-65\ses-1\eeg\sub-65_ses-1_task-eyesopen_eeg.set,7519
sub-65,ses-1,eyesopen,0,NS,47,250.0,61,1250,3,61,1250,data\sub-65\ses-1\eeg\sub-65_ses-1_task-eyesopen_eeg.set,7520
sub-65,ses-1,eyesopen,0,NS,48,250.0,61,1250,3,61,1250,data\sub-65\ses-1\eeg\sub-65_ses-1_task-eyesopen_eeg.set,7521
sub-65,ses-1,eyesopen,0,NS,49,250.0,61,1250,3,61,1250,data\sub-65\ses-1\eeg\sub-65_ses-1_task-eyesopen_eeg.set,7522
sub-65,ses-1,eyesopen,0,NS,50,250.0,61,1250,3,61,1250,data\sub-65\ses-1\eeg\sub-65_ses-1_task-eyesopen_eeg.set,7523
sub-65,ses-1,eyesopen,0,NS,51,250.0,61,1250,3,61,1250,data\sub-65\ses-1\eeg\sub-65_ses-1_task-eyesopen_eeg.set,7524
sub-65,ses-1,eyesopen,0,NS,52,250.0,61,1250,3,61,1250,data\sub-65\ses-1\eeg\sub-65_ses-1_task-eyesopen_eeg.set,7525
sub-65,ses-1,eyesopen,0,NS,53,250.0,61,1250,3,61,1250,data\sub-65\ses-1\eeg\sub-65_ses-1_task-eyesopen_eeg.set,7526
sub-65,ses-1,eyesopen,0,NS,54,250.0,61,1250,3,61,1250,data\sub-65\ses-1\eeg\sub-65_ses-1_task-eyesopen_eeg.set,7527
sub-65,ses-1,eyesopen,0,NS,55,250.0,61,1250,3,61,1250,data\sub-65\ses-1\eeg\sub-65_ses-1_task-eyesopen_eeg.set,7528
sub-65,ses-1,eyesopen,0,NS,56,250.0,61,1250,3,61,1250,data\sub-65\ses-1\eeg\sub-65_ses-1_task-eyesopen_eeg.set,7529
sub-65,ses-1,eyesopen,0,NS,57,250.0,61,1250,3,61,1250,data\sub-65\ses-1\eeg\sub-65_ses-1_task-eyesopen_eeg.set,7530
sub-65,ses-1,eyesopen,0,NS,58,250.0,61,1250,3,61,1250,data\sub-65\ses-1\eeg\sub-65_ses-1_task-eyesopen_eeg.set,7531
sub-65,ses-1,eyesopen,0,NS,59,250.0,61,1250,3,61,1250,data\sub-65\ses-1\eeg\sub-65_ses-1_task-eyesopen_eeg.set,7532
sub-65,ses-2,eyesopen,1,SD,0,250.0,61,1250,3,61,1250,data\sub-65\ses-2\eeg\sub-65_ses-2_task-eyesopen_eeg.set,7533
sub-65,ses-2,eyesopen,1,SD,1,250.0,61,1250,3,61,1250,data\sub-65\ses-2\eeg\sub-65_ses-2_task-eyesopen_eeg.set,7534
sub-65,ses-2,eyesopen,1,SD,2,250.0,61,1250,3,61,1250,data\sub-65\ses-2\eeg\sub-65_ses-2_task-eyesopen_eeg.set,7535
sub-65,ses-2,eyesopen,1,SD,3,250.0,61,1250,3,61,1250,data\sub-65\ses-2\eeg\sub-65_ses-2_task-eyesopen_eeg.set,7536
sub-65,ses-2,eyesopen,1,SD,4,250.0,61,1250,3,61,1250,data\sub-65\ses-2\eeg\sub-65_ses-2_task-eyesopen_eeg.set,7537
sub-65,ses-2,eyesopen,1,SD,5,250.0,61,1250,3,61,1250,data\sub-65\ses-2\eeg\sub-65_ses-2_task-eyesopen_eeg.set,7538
sub-65,ses-2,eyesopen,1,SD,6,250.0,61,1250,3,61,1250,data\sub-65\ses-2\eeg\sub-65_ses-2_task-eyesopen_eeg.set,7539
sub-65,ses-2,eyesopen,1,SD,7,250.0,61,1250,3,61,1250,data\sub-65\ses-2\eeg\sub-65_ses-2_task-eyesopen_eeg.set,7540
sub-65,ses-2,eyesopen,1,SD,8,250.0,61,1250,3,61,1250,data\sub-65\ses-2\eeg\sub-65_ses-2_task-eyesopen_eeg.set,7541
sub-65,ses-2,eyesopen,1,SD,9,250.0,61,1250,3,61,1250,data\sub-65\ses-2\eeg\sub-65_ses-2_task-eyesopen_eeg.set,7542
sub-65,ses-2,eyesopen,1,SD,10,250.0,61,1250,3,61,1250,data\sub-65\ses-2\eeg\sub-65_ses-2_task-eyesopen_eeg.set,7543
sub-65,ses-2,eyesopen,1,SD,11,250.0,61,1250,3,61,1250,data\sub-65\ses-2\eeg\sub-65_ses-2_task-eyesopen_eeg.set,7544
sub-65,ses-2,eyesopen,1,SD,12,250.0,61,1250,3,61,1250,data\sub-65\ses-2\eeg\sub-65_ses-2_task-eyesopen_eeg.set,7545
sub-65,ses-2,eyesopen,1,SD,13,250.0,61,1250,3,61,1250,data\sub-65\ses-2\eeg\sub-65_ses-2_task-eyesopen_eeg.set,7546
sub-65,ses-2,eyesopen,1,SD,14,250.0,61,1250,3,61,1250,data\sub-65\ses-2\eeg\sub-65_ses-2_task-eyesopen_eeg.set,7547
sub-65,ses-2,eyesopen,1,SD,15,250.0,61,1250,3,61,1250,data\sub-65\ses-2\eeg\sub-65_ses-2_task-eyesopen_eeg.set,7548
sub-65,ses-2,eyesopen,1,SD,16,250.0,61,1250,3,61,1250,data\sub-65\ses-2\eeg\sub-65_ses-2_task-eyesopen_eeg.set,7549
sub-65,ses-2,eyesopen,1,SD,17,250.0,61,1250,3,61,1250,data\sub-65\ses-2\eeg\sub-65_ses-2_task-eyesopen_eeg.set,7550
sub-65,ses-2,eyesopen,1,SD,18,250.0,61,1250,3,61,1250,data\sub-65\ses-2\eeg\sub-65_ses-2_task-eyesopen_eeg.set,7551
sub-65,ses-2,eyesopen,1,SD,19,250.0,61,1250,3,61,1250,data\sub-65\ses-2\eeg\sub-65_ses-2_task-eyesopen_eeg.set,7552
sub-65,ses-2,eyesopen,1,SD,20,250.0,61,1250,3,61,1250,data\sub-65\ses-2\eeg\sub-65_ses-2_task-eyesopen_eeg.set,7553
sub-65,ses-2,eyesopen,1,SD,21,250.0,61,1250,3,61,1250,data\sub-65\ses-2\eeg\sub-65_ses-2_task-eyesopen_eeg.set,7554
sub-65,ses-2,eyesopen,1,SD,22,250.0,61,1250,3,61,1250,data\sub-65\ses-2\eeg\sub-65_ses-2_task-eyesopen_eeg.set,7555
sub-65,ses-2,eyesopen,1,SD,23,250.0,61,1250,3,61,1250,data\sub-65\ses-2\eeg\sub-65_ses-2_task-eyesopen_eeg.set,7556
sub-65,ses-2,eyesopen,1,SD,24,250.0,61,1250,3,61,1250,data\sub-65\ses-2\eeg\sub-65_ses-2_task-eyesopen_eeg.set,7557
sub-65,ses-2,eyesopen,1,SD,25,250.0,61,1250,3,61,1250,data\sub-65\ses-2\eeg\sub-65_ses-2_task-eyesopen_eeg.set,7558
sub-65,ses-2,eyesopen,1,SD,26,250.0,61,1250,3,61,1250,data\sub-65\ses-2\eeg\sub-65_ses-2_task-eyesopen_eeg.set,7559
sub-65,ses-2,eyesopen,1,SD,27,250.0,61,1250,3,61,1250,data\sub-65\ses-2\eeg\sub-65_ses-2_task-eyesopen_eeg.set,7560
sub-65,ses-2,eyesopen,1,SD,28,250.0,61,1250,3,61,1250,data\sub-65\ses-2\eeg\sub-65_ses-2_task-eyesopen_eeg.set,7561
sub-65,ses-2,eyesopen,1,SD,29,250.0,61,1250,3,61,1250,data\sub-65\ses-2\eeg\sub-65_ses-2_task-eyesopen_eeg.set,7562
sub-65,ses-2,eyesopen,1,SD,30,250.0,61,1250,3,61,1250,data\sub-65\ses-2\eeg\sub-65_ses-2_task-eyesopen_eeg.set,7563
sub-65,ses-2,eyesopen,1,SD,31,250.0,61,1250,3,61,1250,data\sub-65\ses-2\eeg\sub-65_ses-2_task-eyesopen_eeg.set,7564
sub-65,ses-2,eyesopen,1,SD,32,250.0,61,1250,3,61,1250,data\sub-65\ses-2\eeg\sub-65_ses-2_task-eyesopen_eeg.set,7565
sub-65,ses-2,eyesopen,1,SD,33,250.0,61,1250,3,61,1250,data\sub-65\ses-2\eeg\sub-65_ses-2_task-eyesopen_eeg.set,7566
sub-65,ses-2,eyesopen,1,SD,34,250.0,61,1250,3,61,1250,data\sub-65\ses-2\eeg\sub-65_ses-2_task-eyesopen_eeg.set,7567
sub-65,ses-2,eyesopen,1,SD,35,250.0,61,1250,3,61,1250,data\sub-65\ses-2\eeg\sub-65_ses-2_task-eyesopen_eeg.set,7568
sub-65,ses-2,eyesopen,1,SD,36,250.0,61,1250,3,61,1250,data\sub-65\ses-2\eeg\sub-65_ses-2_task-eyesopen_eeg.set,7569
sub-65,ses-2,eyesopen,1,SD,37,250.0,61,1250,3,61,1250,data\sub-65\ses-2\eeg\sub-65_ses-2_task-eyesopen_eeg.set,7570
sub-65,ses-2,eyesopen,1,SD,38,250.0,61,1250,3,61,1250,data\sub-65\ses-2\eeg\sub-65_ses-2_task-eyesopen_eeg.set,7571
sub-65,ses-2,eyesopen,1,SD,39,250.0,61,1250,3,61,1250,data\sub-65\ses-2\eeg\sub-65_ses-2_task-eyesopen_eeg.set,7572
sub-65,ses-2,eyesopen,1,SD,40,250.0,61,1250,3,61,1250,data\sub-65\ses-2\eeg\sub-65_ses-2_task-eyesopen_eeg.set,7573
sub-65,ses-2,eyesopen,1,SD,41,250.0,61,1250,3,61,1250,data\sub-65\ses-2\eeg\sub-65_ses-2_task-eyesopen_eeg.set,7574
sub-65,ses-2,eyesopen,1,SD,42,250.0,61,1250,3,61,1250,data\sub-65\ses-2\eeg\sub-65_ses-2_task-eyesopen_eeg.set,7575
sub-65,ses-2,eyesopen,1,SD,43,250.0,61,1250,3,61,1250,data\sub-65\ses-2\eeg\sub-65_ses-2_task-eyesopen_eeg.set,7576
sub-65,ses-2,eyesopen,1,SD,44,250.0,61,1250,3,61,1250,data\sub-65\ses-2\eeg\sub-65_ses-2_task-eyesopen_eeg.set,7577
sub-65,ses-2,eyesopen,1,SD,45,250.0,61,1250,3,61,1250,data\sub-65\ses-2\eeg\sub-65_ses-2_task-eyesopen_eeg.set,7578
sub-65,ses-2,eyesopen,1,SD,46,250.0,61,1250,3,61,1250,data\sub-65\ses-2\eeg\sub-65_ses-2_task-eyesopen_eeg.set,7579
sub-66,ses-1,eyesopen,0,NS,0,250.0,61,1250,3,61,1250,data\sub-66\ses-1\eeg\sub-66_ses-1_task-eyesopen_eeg.set,7580
sub-66,ses-1,eyesopen,0,NS,1,250.0,61,1250,3,61,1250,data\sub-66\ses-1\eeg\sub-66_ses-1_task-eyesopen_eeg.set,7581
sub-66,ses-1,eyesopen,0,NS,2,250.0,61,1250,3,61,1250,data\sub-66\ses-1\eeg\sub-66_ses-1_task-eyesopen_eeg.set,7582
sub-66,ses-1,eyesopen,0,NS,3,250.0,61,1250,3,61,1250,data\sub-66\ses-1\eeg\sub-66_ses-1_task-eyesopen_eeg.set,7583
sub-66,ses-1,eyesopen,0,NS,4,250.0,61,1250,3,61,1250,data\sub-66\ses-1\eeg\sub-66_ses-1_task-eyesopen_eeg.set,7584
sub-66,ses-1,eyesopen,0,NS,5,250.0,61,1250,3,61,1250,data\sub-66\ses-1\eeg\sub-66_ses-1_task-eyesopen_eeg.set,7585
sub-66,ses-1,eyesopen,0,NS,6,250.0,61,1250,3,61,1250,data\sub-66\ses-1\eeg\sub-66_ses-1_task-eyesopen_eeg.set,7586
sub-66,ses-1,eyesopen,0,NS,7,250.0,61,1250,3,61,1250,data\sub-66\ses-1\eeg\sub-66_ses-1_task-eyesopen_eeg.set,7587
sub-66,ses-1,eyesopen,0,NS,8,250.0,61,1250,3,61,1250,data\sub-66\ses-1\eeg\sub-66_ses-1_task-eyesopen_eeg.set,7588
sub-66,ses-1,eyesopen,0,NS,9,250.0,61,1250,3,61,1250,data\sub-66\ses-1\eeg\sub-66_ses-1_task-eyesopen_eeg.set,7589
sub-66,ses-1,eyesopen,0,NS,10,250.0,61,1250,3,61,1250,data\sub-66\ses-1\eeg\sub-66_ses-1_task-eyesopen_eeg.set,7590
sub-66,ses-1,eyesopen,0,NS,11,250.0,61,1250,3,61,1250,data\sub-66\ses-1\eeg\sub-66_ses-1_task-eyesopen_eeg.set,7591
sub-66,ses-1,eyesopen,0,NS,12,250.0,61,1250,3,61,1250,data\sub-66\ses-1\eeg\sub-66_ses-1_task-eyesopen_eeg.set,7592
sub-66,ses-1,eyesopen,0,NS,13,250.0,61,1250,3,61,1250,data\sub-66\ses-1\eeg\sub-66_ses-1_task-eyesopen_eeg.set,7593
sub-66,ses-1,eyesopen,0,NS,14,250.0,61,1250,3,61,1250,data\sub-66\ses-1\eeg\sub-66_ses-1_task-eyesopen_eeg.set,7594
sub-66,ses-1,eyesopen,0,NS,15,250.0,61,1250,3,61,1250,data\sub-66\ses-1\eeg\sub-66_ses-1_task-eyesopen_eeg.set,7595
sub-66,ses-1,eyesopen,0,NS,16,250.0,61,1250,3,61,1250,data\sub-66\ses-1\eeg\sub-66_ses-1_task-eyesopen_eeg.set,7596
sub-66,ses-1,eyesopen,0,NS,17,250.0,61,1250,3,61,1250,data\sub-66\ses-1\eeg\sub-66_ses-1_task-eyesopen_eeg.set,7597
sub-66,ses-1,eyesopen,0,NS,18,250.0,61,1250,3,61,1250,data\sub-66\ses-1\eeg\sub-66_ses-1_task-eyesopen_eeg.set,7598
sub-66,ses-1,eyesopen,0,NS,19,250.0,61,1250,3,61,1250,data\sub-66\ses-1\eeg\sub-66_ses-1_task-eyesopen_eeg.set,7599
sub-66,ses-1,eyesopen,0,NS,20,250.0,61,1250,3,61,1250,data\sub-66\ses-1\eeg\sub-66_ses-1_task-eyesopen_eeg.set,7600
sub-66,ses-1,eyesopen,0,NS,21,250.0,61,1250,3,61,1250,data\sub-66\ses-1\eeg\sub-66_ses-1_task-eyesopen_eeg.set,7601
sub-66,ses-1,eyesopen,0,NS,22,250.0,61,1250,3,61,1250,data\sub-66\ses-1\eeg\sub-66_ses-1_task-eyesopen_eeg.set,7602
sub-66,ses-1,eyesopen,0,NS,23,250.0,61,1250,3,61,1250,data\sub-66\ses-1\eeg\sub-66_ses-1_task-eyesopen_eeg.set,7603
sub-66,ses-1,eyesopen,0,NS,24,250.0,61,1250,3,61,1250,data\sub-66\ses-1\eeg\sub-66_ses-1_task-eyesopen_eeg.set,7604
sub-66,ses-1,eyesopen,0,NS,25,250.0,61,1250,3,61,1250,data\sub-66\ses-1\eeg\sub-66_ses-1_task-eyesopen_eeg.set,7605
sub-66,ses-1,eyesopen,0,NS,26,250.0,61,1250,3,61,1250,data\sub-66\ses-1\eeg\sub-66_ses-1_task-eyesopen_eeg.set,7606
sub-66,ses-1,eyesopen,0,NS,27,250.0,61,1250,3,61,1250,data\sub-66\ses-1\eeg\sub-66_ses-1_task-eyesopen_eeg.set,7607
sub-66,ses-1,eyesopen,0,NS,28,250.0,61,1250,3,61,1250,data\sub-66\ses-1\eeg\sub-66_ses-1_task-eyesopen_eeg.set,7608
sub-66,ses-1,eyesopen,0,NS,29,250.0,61,1250,3,61,1250,data\sub-66\ses-1\eeg\sub-66_ses-1_task-eyesopen_eeg.set,7609
sub-66,ses-1,eyesopen,0,NS,30,250.0,61,1250,3,61,1250,data\sub-66\ses-1\eeg\sub-66_ses-1_task-eyesopen_eeg.set,7610
sub-66,ses-1,eyesopen,0,NS,31,250.0,61,1250,3,61,1250,data\sub-66\ses-1\eeg\sub-66_ses-1_task-eyesopen_eeg.set,7611
sub-66,ses-1,eyesopen,0,NS,32,250.0,61,1250,3,61,1250,data\sub-66\ses-1\eeg\sub-66_ses-1_task-eyesopen_eeg.set,7612
sub-66,ses-1,eyesopen,0,NS,33,250.0,61,1250,3,61,1250,data\sub-66\ses-1\eeg\sub-66_ses-1_task-eyesopen_eeg.set,7613
sub-66,ses-1,eyesopen,0,NS,34,250.0,61,1250,3,61,1250,data\sub-66\ses-1\eeg\sub-66_ses-1_task-eyesopen_eeg.set,7614
sub-66,ses-1,eyesopen,0,NS,35,250.0,61,1250,3,61,1250,data\sub-66\ses-1\eeg\sub-66_ses-1_task-eyesopen_eeg.set,7615
sub-66,ses-1,eyesopen,0,NS,36,250.0,61,1250,3,61,1250,data\sub-66\ses-1\eeg\sub-66_ses-1_task-eyesopen_eeg.set,7616
sub-66,ses-1,eyesopen,0,NS,37,250.0,61,1250,3,61,1250,data\sub-66\ses-1\eeg\sub-66_ses-1_task-eyesopen_eeg.set,7617
sub-66,ses-1,eyesopen,0,NS,38,250.0,61,1250,3,61,1250,data\sub-66\ses-1\eeg\sub-66_ses-1_task-eyesopen_eeg.set,7618
sub-66,ses-1,eyesopen,0,NS,39,250.0,61,1250,3,61,1250,data\sub-66\ses-1\eeg\sub-66_ses-1_task-eyesopen_eeg.set,7619
sub-66,ses-1,eyesopen,0,NS,40,250.0,61,1250,3,61,1250,data\sub-66\ses-1\eeg\sub-66_ses-1_task-eyesopen_eeg.set,7620
sub-66,ses-1,eyesopen,0,NS,41,250.0,61,1250,3,61,1250,data\sub-66\ses-1\eeg\sub-66_ses-1_task-eyesopen_eeg.set,7621
sub-66,ses-1,eyesopen,0,NS,42,250.0,61,1250,3,61,1250,data\sub-66\ses-1\eeg\sub-66_ses-1_task-eyesopen_eeg.set,7622
sub-66,ses-1,eyesopen,0,NS,43,250.0,61,1250,3,61,1250,data\sub-66\ses-1\eeg\sub-66_ses-1_task-eyesopen_eeg.set,7623
sub-66,ses-1,eyesopen,0,NS,44,250.0,61,1250,3,61,1250,data\sub-66\ses-1\eeg\sub-66_ses-1_task-eyesopen_eeg.set,7624
sub-66,ses-1,eyesopen,0,NS,45,250.0,61,1250,3,61,1250,data\sub-66\ses-1\eeg\sub-66_ses-1_task-eyesopen_eeg.set,7625
sub-66,ses-1,eyesopen,0,NS,46,250.0,61,1250,3,61,1250,data\sub-66\ses-1\eeg\sub-66_ses-1_task-eyesopen_eeg.set,7626
sub-66,ses-1,eyesopen,0,NS,47,250.0,61,1250,3,61,1250,data\sub-66\ses-1\eeg\sub-66_ses-1_task-eyesopen_eeg.set,7627
sub-66,ses-1,eyesopen,0,NS,48,250.0,61,1250,3,61,1250,data\sub-66\ses-1\eeg\sub-66_ses-1_task-eyesopen_eeg.set,7628
sub-66,ses-1,eyesopen,0,NS,49,250.0,61,1250,3,61,1250,data\sub-66\ses-1\eeg\sub-66_ses-1_task-eyesopen_eeg.set,7629
sub-66,ses-1,eyesopen,0,NS,50,250.0,61,1250,3,61,1250,data\sub-66\ses-1\eeg\sub-66_ses-1_task-eyesopen_eeg.set,7630
sub-66,ses-1,eyesopen,0,NS,51,250.0,61,1250,3,61,1250,data\sub-66\ses-1\eeg\sub-66_ses-1_task-eyesopen_eeg.set,7631
sub-66,ses-1,eyesopen,0,NS,52,250.0,61,1250,3,61,1250,data\sub-66\ses-1\eeg\sub-66_ses-1_task-eyesopen_eeg.set,7632
sub-66,ses-1,eyesopen,0,NS,53,250.0,61,1250,3,61,1250,data\sub-66\ses-1\eeg\sub-66_ses-1_task-eyesopen_eeg.set,7633
sub-66,ses-1,eyesopen,0,NS,54,250.0,61,1250,3,61,1250,data\sub-66\ses-1\eeg\sub-66_ses-1_task-eyesopen_eeg.set,7634
sub-66,ses-1,eyesopen,0,NS,55,250.0,61,1250,3,61,1250,data\sub-66\ses-1\eeg\sub-66_ses-1_task-eyesopen_eeg.set,7635
sub-66,ses-1,eyesopen,0,NS,56,250.0,61,1250,3,61,1250,data\sub-66\ses-1\eeg\sub-66_ses-1_task-eyesopen_eeg.set,7636
sub-66,ses-1,eyesopen,0,NS,57,250.0,61,1250,3,61,1250,data\sub-66\ses-1\eeg\sub-66_ses-1_task-eyesopen_eeg.set,7637
sub-66,ses-1,eyesopen,0,NS,58,250.0,61,1250,3,61,1250,data\sub-66\ses-1\eeg\sub-66_ses-1_task-eyesopen_eeg.set,7638
sub-66,ses-1,eyesopen,0,NS,59,250.0,61,1250,3,61,1250,data\sub-66\ses-1\eeg\sub-66_ses-1_task-eyesopen_eeg.set,7639
sub-66,ses-2,eyesopen,1,SD,0,250.0,61,1250,3,61,1250,data\sub-66\ses-2\eeg\sub-66_ses-2_task-eyesopen_eeg.set,7640
sub-66,ses-2,eyesopen,1,SD,1,250.0,61,1250,3,61,1250,data\sub-66\ses-2\eeg\sub-66_ses-2_task-eyesopen_eeg.set,7641
sub-66,ses-2,eyesopen,1,SD,2,250.0,61,1250,3,61,1250,data\sub-66\ses-2\eeg\sub-66_ses-2_task-eyesopen_eeg.set,7642
sub-66,ses-2,eyesopen,1,SD,3,250.0,61,1250,3,61,1250,data\sub-66\ses-2\eeg\sub-66_ses-2_task-eyesopen_eeg.set,7643
sub-66,ses-2,eyesopen,1,SD,4,250.0,61,1250,3,61,1250,data\sub-66\ses-2\eeg\sub-66_ses-2_task-eyesopen_eeg.set,7644
sub-66,ses-2,eyesopen,1,SD,5,250.0,61,1250,3,61,1250,data\sub-66\ses-2\eeg\sub-66_ses-2_task-eyesopen_eeg.set,7645
sub-66,ses-2,eyesopen,1,SD,6,250.0,61,1250,3,61,1250,data\sub-66\ses-2\eeg\sub-66_ses-2_task-eyesopen_eeg.set,7646
sub-66,ses-2,eyesopen,1,SD,7,250.0,61,1250,3,61,1250,data\sub-66\ses-2\eeg\sub-66_ses-2_task-eyesopen_eeg.set,7647
sub-66,ses-2,eyesopen,1,SD,8,250.0,61,1250,3,61,1250,data\sub-66\ses-2\eeg\sub-66_ses-2_task-eyesopen_eeg.set,7648
sub-66,ses-2,eyesopen,1,SD,9,250.0,61,1250,3,61,1250,data\sub-66\ses-2\eeg\sub-66_ses-2_task-eyesopen_eeg.set,7649
sub-66,ses-2,eyesopen,1,SD,10,250.0,61,1250,3,61,1250,data\sub-66\ses-2\eeg\sub-66_ses-2_task-eyesopen_eeg.set,7650
sub-66,ses-2,eyesopen,1,SD,11,250.0,61,1250,3,61,1250,data\sub-66\ses-2\eeg\sub-66_ses-2_task-eyesopen_eeg.set,7651
sub-66,ses-2,eyesopen,1,SD,12,250.0,61,1250,3,61,1250,data\sub-66\ses-2\eeg\sub-66_ses-2_task-eyesopen_eeg.set,7652
sub-66,ses-2,eyesopen,1,SD,13,250.0,61,1250,3,61,1250,data\sub-66\ses-2\eeg\sub-66_ses-2_task-eyesopen_eeg.set,7653
sub-66,ses-2,eyesopen,1,SD,14,250.0,61,1250,3,61,1250,data\sub-66\ses-2\eeg\sub-66_ses-2_task-eyesopen_eeg.set,7654
sub-66,ses-2,eyesopen,1,SD,15,250.0,61,1250,3,61,1250,data\sub-66\ses-2\eeg\sub-66_ses-2_task-eyesopen_eeg.set,7655
sub-66,ses-2,eyesopen,1,SD,16,250.0,61,1250,3,61,1250,data\sub-66\ses-2\eeg\sub-66_ses-2_task-eyesopen_eeg.set,7656
sub-66,ses-2,eyesopen,1,SD,17,250.0,61,1250,3,61,1250,data\sub-66\ses-2\eeg\sub-66_ses-2_task-eyesopen_eeg.set,7657
sub-66,ses-2,eyesopen,1,SD,18,250.0,61,1250,3,61,1250,data\sub-66\ses-2\eeg\sub-66_ses-2_task-eyesopen_eeg.set,7658
sub-66,ses-2,eyesopen,1,SD,19,250.0,61,1250,3,61,1250,data\sub-66\ses-2\eeg\sub-66_ses-2_task-eyesopen_eeg.set,7659
sub-66,ses-2,eyesopen,1,SD,20,250.0,61,1250,3,61,1250,data\sub-66\ses-2\eeg\sub-66_ses-2_task-eyesopen_eeg.set,7660
sub-66,ses-2,eyesopen,1,SD,21,250.0,61,1250,3,61,1250,data\sub-66\ses-2\eeg\sub-66_ses-2_task-eyesopen_eeg.set,7661
sub-66,ses-2,eyesopen,1,SD,22,250.0,61,1250,3,61,1250,data\sub-66\ses-2\eeg\sub-66_ses-2_task-eyesopen_eeg.set,7662
sub-66,ses-2,eyesopen,1,SD,23,250.0,61,1250,3,61,1250,data\sub-66\ses-2\eeg\sub-66_ses-2_task-eyesopen_eeg.set,7663
sub-66,ses-2,eyesopen,1,SD,24,250.0,61,1250,3,61,1250,data\sub-66\ses-2\eeg\sub-66_ses-2_task-eyesopen_eeg.set,7664
sub-66,ses-2,eyesopen,1,SD,25,250.0,61,1250,3,61,1250,data\sub-66\ses-2\eeg\sub-66_ses-2_task-eyesopen_eeg.set,7665
sub-66,ses-2,eyesopen,1,SD,26,250.0,61,1250,3,61,1250,data\sub-66\ses-2\eeg\sub-66_ses-2_task-eyesopen_eeg.set,7666
sub-66,ses-2,eyesopen,1,SD,27,250.0,61,1250,3,61,1250,data\sub-66\ses-2\eeg\sub-66_ses-2_task-eyesopen_eeg.set,7667
sub-66,ses-2,eyesopen,1,SD,28,250.0,61,1250,3,61,1250,data\sub-66\ses-2\eeg\sub-66_ses-2_task-eyesopen_eeg.set,7668
sub-66,ses-2,eyesopen,1,SD,29,250.0,61,1250,3,61,1250,data\sub-66\ses-2\eeg\sub-66_ses-2_task-eyesopen_eeg.set,7669
sub-66,ses-2,eyesopen,1,SD,30,250.0,61,1250,3,61,1250,data\sub-66\ses-2\eeg\sub-66_ses-2_task-eyesopen_eeg.set,7670
sub-66,ses-2,eyesopen,1,SD,31,250.0,61,1250,3,61,1250,data\sub-66\ses-2\eeg\sub-66_ses-2_task-eyesopen_eeg.set,7671
sub-66,ses-2,eyesopen,1,SD,32,250.0,61,1250,3,61,1250,data\sub-66\ses-2\eeg\sub-66_ses-2_task-eyesopen_eeg.set,7672
sub-66,ses-2,eyesopen,1,SD,33,250.0,61,1250,3,61,1250,data\sub-66\ses-2\eeg\sub-66_ses-2_task-eyesopen_eeg.set,7673
sub-66,ses-2,eyesopen,1,SD,34,250.0,61,1250,3,61,1250,data\sub-66\ses-2\eeg\sub-66_ses-2_task-eyesopen_eeg.set,7674
sub-66,ses-2,eyesopen,1,SD,35,250.0,61,1250,3,61,1250,data\sub-66\ses-2\eeg\sub-66_ses-2_task-eyesopen_eeg.set,7675
sub-66,ses-2,eyesopen,1,SD,36,250.0,61,1250,3,61,1250,data\sub-66\ses-2\eeg\sub-66_ses-2_task-eyesopen_eeg.set,7676
sub-66,ses-2,eyesopen,1,SD,37,250.0,61,1250,3,61,1250,data\sub-66\ses-2\eeg\sub-66_ses-2_task-eyesopen_eeg.set,7677
sub-66,ses-2,eyesopen,1,SD,38,250.0,61,1250,3,61,1250,data\sub-66\ses-2\eeg\sub-66_ses-2_task-eyesopen_eeg.set,7678
sub-66,ses-2,eyesopen,1,SD,39,250.0,61,1250,3,61,1250,data\sub-66\ses-2\eeg\sub-66_ses-2_task-eyesopen_eeg.set,7679
sub-66,ses-2,eyesopen,1,SD,40,250.0,61,1250,3,61,1250,data\sub-66\ses-2\eeg\sub-66_ses-2_task-eyesopen_eeg.set,7680
sub-66,ses-2,eyesopen,1,SD,41,250.0,61,1250,3,61,1250,data\sub-66\ses-2\eeg\sub-66_ses-2_task-eyesopen_eeg.set,7681
sub-66,ses-2,eyesopen,1,SD,42,250.0,61,1250,3,61,1250,data\sub-66\ses-2\eeg\sub-66_ses-2_task-eyesopen_eeg.set,7682
sub-66,ses-2,eyesopen,1,SD,43,250.0,61,1250,3,61,1250,data\sub-66\ses-2\eeg\sub-66_ses-2_task-eyesopen_eeg.set,7683
sub-66,ses-2,eyesopen,1,SD,44,250.0,61,1250,3,61,1250,data\sub-66\ses-2\eeg\sub-66_ses-2_task-eyesopen_eeg.set,7684
sub-66,ses-2,eyesopen,1,SD,45,250.0,61,1250,3,61,1250,data\sub-66\ses-2\eeg\sub-66_ses-2_task-eyesopen_eeg.set,7685
sub-66,ses-2,eyesopen,1,SD,46,250.0,61,1250,3,61,1250,data\sub-66\ses-2\eeg\sub-66_ses-2_task-eyesopen_eeg.set,7686
sub-66,ses-2,eyesopen,1,SD,47,250.0,61,1250,3,61,1250,data\sub-66\ses-2\eeg\sub-66_ses-2_task-eyesopen_eeg.set,7687
sub-66,ses-2,eyesopen,1,SD,48,250.0,61,1250,3,61,1250,data\sub-66\ses-2\eeg\sub-66_ses-2_task-eyesopen_eeg.set,7688
sub-66,ses-2,eyesopen,1,SD,49,250.0,61,1250,3,61,1250,data\sub-66\ses-2\eeg\sub-66_ses-2_task-eyesopen_eeg.set,7689
sub-66,ses-2,eyesopen,1,SD,50,250.0,61,1250,3,61,1250,data\sub-66\ses-2\eeg\sub-66_ses-2_task-eyesopen_eeg.set,7690
sub-66,ses-2,eyesopen,1,SD,51,250.0,61,1250,3,61,1250,data\sub-66\ses-2\eeg\sub-66_ses-2_task-eyesopen_eeg.set,7691
sub-66,ses-2,eyesopen,1,SD,52,250.0,61,1250,3,61,1250,data\sub-66\ses-2\eeg\sub-66_ses-2_task-eyesopen_eeg.set,7692
sub-66,ses-2,eyesopen,1,SD,53,250.0,61,1250,3,61,1250,data\sub-66\ses-2\eeg\sub-66_ses-2_task-eyesopen_eeg.set,7693
sub-66,ses-2,eyesopen,1,SD,54,250.0,61,1250,3,61,1250,data\sub-66\ses-2\eeg\sub-66_ses-2_task-eyesopen_eeg.set,7694
sub-66,ses-2,eyesopen,1,SD,55,250.0,61,1250,3,61,1250,data\sub-66\ses-2\eeg\sub-66_ses-2_task-eyesopen_eeg.set,7695
sub-66,ses-2,eyesopen,1,SD,56,250.0,61,1250,3,61,1250,data\sub-66\ses-2\eeg\sub-66_ses-2_task-eyesopen_eeg.set,7696
sub-66,ses-2,eyesopen,1,SD,57,250.0,61,1250,3,61,1250,data\sub-66\ses-2\eeg\sub-66_ses-2_task-eyesopen_eeg.set,7697
sub-66,ses-2,eyesopen,1,SD,58,250.0,61,1250,3,61,1250,data\sub-66\ses-2\eeg\sub-66_ses-2_task-eyesopen_eeg.set,7698
sub-66,ses-2,eyesopen,1,SD,59,250.0,61,1250,3,61,1250,data\sub-66\ses-2\eeg\sub-66_ses-2_task-eyesopen_eeg.set,7699
sub-67,ses-1,eyesopen,0,NS,0,250.0,61,1250,3,61,1250,data\sub-67\ses-1\eeg\sub-67_ses-1_task-eyesopen_eeg.set,7700
sub-67,ses-1,eyesopen,0,NS,1,250.0,61,1250,3,61,1250,data\sub-67\ses-1\eeg\sub-67_ses-1_task-eyesopen_eeg.set,7701
sub-67,ses-1,eyesopen,0,NS,2,250.0,61,1250,3,61,1250,data\sub-67\ses-1\eeg\sub-67_ses-1_task-eyesopen_eeg.set,7702
sub-67,ses-1,eyesopen,0,NS,3,250.0,61,1250,3,61,1250,data\sub-67\ses-1\eeg\sub-67_ses-1_task-eyesopen_eeg.set,7703
sub-67,ses-1,eyesopen,0,NS,4,250.0,61,1250,3,61,1250,data\sub-67\ses-1\eeg\sub-67_ses-1_task-eyesopen_eeg.set,7704
sub-67,ses-1,eyesopen,0,NS,5,250.0,61,1250,3,61,1250,data\sub-67\ses-1\eeg\sub-67_ses-1_task-eyesopen_eeg.set,7705
sub-67,ses-1,eyesopen,0,NS,6,250.0,61,1250,3,61,1250,data\sub-67\ses-1\eeg\sub-67_ses-1_task-eyesopen_eeg.set,7706
sub-67,ses-1,eyesopen,0,NS,7,250.0,61,1250,3,61,1250,data\sub-67\ses-1\eeg\sub-67_ses-1_task-eyesopen_eeg.set,7707
sub-67,ses-1,eyesopen,0,NS,8,250.0,61,1250,3,61,1250,data\sub-67\ses-1\eeg\sub-67_ses-1_task-eyesopen_eeg.set,7708
sub-67,ses-1,eyesopen,0,NS,9,250.0,61,1250,3,61,1250,data\sub-67\ses-1\eeg\sub-67_ses-1_task-eyesopen_eeg.set,7709
sub-67,ses-1,eyesopen,0,NS,10,250.0,61,1250,3,61,1250,data\sub-67\ses-1\eeg\sub-67_ses-1_task-eyesopen_eeg.set,7710
sub-67,ses-1,eyesopen,0,NS,11,250.0,61,1250,3,61,1250,data\sub-67\ses-1\eeg\sub-67_ses-1_task-eyesopen_eeg.set,7711
sub-67,ses-1,eyesopen,0,NS,12,250.0,61,1250,3,61,1250,data\sub-67\ses-1\eeg\sub-67_ses-1_task-eyesopen_eeg.set,7712
sub-67,ses-1,eyesopen,0,NS,13,250.0,61,1250,3,61,1250,data\sub-67\ses-1\eeg\sub-67_ses-1_task-eyesopen_eeg.set,7713
sub-67,ses-1,eyesopen,0,NS,14,250.0,61,1250,3,61,1250,data\sub-67\ses-1\eeg\sub-67_ses-1_task-eyesopen_eeg.set,7714
sub-67,ses-1,eyesopen,0,NS,15,250.0,61,1250,3,61,1250,data\sub-67\ses-1\eeg\sub-67_ses-1_task-eyesopen_eeg.set,7715
sub-67,ses-1,eyesopen,0,NS,16,250.0,61,1250,3,61,1250,data\sub-67\ses-1\eeg\sub-67_ses-1_task-eyesopen_eeg.set,7716
sub-67,ses-1,eyesopen,0,NS,17,250.0,61,1250,3,61,1250,data\sub-67\ses-1\eeg\sub-67_ses-1_task-eyesopen_eeg.set,7717
sub-67,ses-1,eyesopen,0,NS,18,250.0,61,1250,3,61,1250,data\sub-67\ses-1\eeg\sub-67_ses-1_task-eyesopen_eeg.set,7718
sub-67,ses-1,eyesopen,0,NS,19,250.0,61,1250,3,61,1250,data\sub-67\ses-1\eeg\sub-67_ses-1_task-eyesopen_eeg.set,7719
sub-67,ses-1,eyesopen,0,NS,20,250.0,61,1250,3,61,1250,data\sub-67\ses-1\eeg\sub-67_ses-1_task-eyesopen_eeg.set,7720
sub-67,ses-1,eyesopen,0,NS,21,250.0,61,1250,3,61,1250,data\sub-67\ses-1\eeg\sub-67_ses-1_task-eyesopen_eeg.set,7721
sub-67,ses-1,eyesopen,0,NS,22,250.0,61,1250,3,61,1250,data\sub-67\ses-1\eeg\sub-67_ses-1_task-eyesopen_eeg.set,7722
sub-67,ses-1,eyesopen,0,NS,23,250.0,61,1250,3,61,1250,data\sub-67\ses-1\eeg\sub-67_ses-1_task-eyesopen_eeg.set,7723
sub-67,ses-1,eyesopen,0,NS,24,250.0,61,1250,3,61,1250,data\sub-67\ses-1\eeg\sub-67_ses-1_task-eyesopen_eeg.set,7724
sub-67,ses-1,eyesopen,0,NS,25,250.0,61,1250,3,61,1250,data\sub-67\ses-1\eeg\sub-67_ses-1_task-eyesopen_eeg.set,7725
sub-67,ses-1,eyesopen,0,NS,26,250.0,61,1250,3,61,1250,data\sub-67\ses-1\eeg\sub-67_ses-1_task-eyesopen_eeg.set,7726
sub-67,ses-1,eyesopen,0,NS,27,250.0,61,1250,3,61,1250,data\sub-67\ses-1\eeg\sub-67_ses-1_task-eyesopen_eeg.set,7727
sub-67,ses-1,eyesopen,0,NS,28,250.0,61,1250,3,61,1250,data\sub-67\ses-1\eeg\sub-67_ses-1_task-eyesopen_eeg.set,7728
sub-67,ses-1,eyesopen,0,NS,29,250.0,61,1250,3,61,1250,data\sub-67\ses-1\eeg\sub-67_ses-1_task-eyesopen_eeg.set,7729
sub-67,ses-1,eyesopen,0,NS,30,250.0,61,1250,3,61,1250,data\sub-67\ses-1\eeg\sub-67_ses-1_task-eyesopen_eeg.set,7730
sub-67,ses-1,eyesopen,0,NS,31,250.0,61,1250,3,61,1250,data\sub-67\ses-1\eeg\sub-67_ses-1_task-eyesopen_eeg.set,7731
sub-67,ses-1,eyesopen,0,NS,32,250.0,61,1250,3,61,1250,data\sub-67\ses-1\eeg\sub-67_ses-1_task-eyesopen_eeg.set,7732
sub-67,ses-1,eyesopen,0,NS,33,250.0,61,1250,3,61,1250,data\sub-67\ses-1\eeg\sub-67_ses-1_task-eyesopen_eeg.set,7733
sub-67,ses-1,eyesopen,0,NS,34,250.0,61,1250,3,61,1250,data\sub-67\ses-1\eeg\sub-67_ses-1_task-eyesopen_eeg.set,7734
sub-67,ses-1,eyesopen,0,NS,35,250.0,61,1250,3,61,1250,data\sub-67\ses-1\eeg\sub-67_ses-1_task-eyesopen_eeg.set,7735
sub-67,ses-1,eyesopen,0,NS,36,250.0,61,1250,3,61,1250,data\sub-67\ses-1\eeg\sub-67_ses-1_task-eyesopen_eeg.set,7736
sub-67,ses-1,eyesopen,0,NS,37,250.0,61,1250,3,61,1250,data\sub-67\ses-1\eeg\sub-67_ses-1_task-eyesopen_eeg.set,7737
sub-67,ses-1,eyesopen,0,NS,38,250.0,61,1250,3,61,1250,data\sub-67\ses-1\eeg\sub-67_ses-1_task-eyesopen_eeg.set,7738
sub-67,ses-1,eyesopen,0,NS,39,250.0,61,1250,3,61,1250,data\sub-67\ses-1\eeg\sub-67_ses-1_task-eyesopen_eeg.set,7739
sub-67,ses-1,eyesopen,0,NS,40,250.0,61,1250,3,61,1250,data\sub-67\ses-1\eeg\sub-67_ses-1_task-eyesopen_eeg.set,7740
sub-67,ses-1,eyesopen,0,NS,41,250.0,61,1250,3,61,1250,data\sub-67\ses-1\eeg\sub-67_ses-1_task-eyesopen_eeg.set,7741
sub-67,ses-1,eyesopen,0,NS,42,250.0,61,1250,3,61,1250,data\sub-67\ses-1\eeg\sub-67_ses-1_task-eyesopen_eeg.set,7742
sub-67,ses-1,eyesopen,0,NS,43,250.0,61,1250,3,61,1250,data\sub-67\ses-1\eeg\sub-67_ses-1_task-eyesopen_eeg.set,7743
sub-67,ses-1,eyesopen,0,NS,44,250.0,61,1250,3,61,1250,data\sub-67\ses-1\eeg\sub-67_ses-1_task-eyesopen_eeg.set,7744
sub-67,ses-1,eyesopen,0,NS,45,250.0,61,1250,3,61,1250,data\sub-67\ses-1\eeg\sub-67_ses-1_task-eyesopen_eeg.set,7745
sub-67,ses-1,eyesopen,0,NS,46,250.0,61,1250,3,61,1250,data\sub-67\ses-1\eeg\sub-67_ses-1_task-eyesopen_eeg.set,7746
sub-67,ses-1,eyesopen,0,NS,47,250.0,61,1250,3,61,1250,data\sub-67\ses-1\eeg\sub-67_ses-1_task-eyesopen_eeg.set,7747
sub-67,ses-1,eyesopen,0,NS,48,250.0,61,1250,3,61,1250,data\sub-67\ses-1\eeg\sub-67_ses-1_task-eyesopen_eeg.set,7748
sub-67,ses-1,eyesopen,0,NS,49,250.0,61,1250,3,61,1250,data\sub-67\ses-1\eeg\sub-67_ses-1_task-eyesopen_eeg.set,7749
sub-67,ses-1,eyesopen,0,NS,50,250.0,61,1250,3,61,1250,data\sub-67\ses-1\eeg\sub-67_ses-1_task-eyesopen_eeg.set,7750
sub-67,ses-1,eyesopen,0,NS,51,250.0,61,1250,3,61,1250,data\sub-67\ses-1\eeg\sub-67_ses-1_task-eyesopen_eeg.set,7751
sub-67,ses-1,eyesopen,0,NS,52,250.0,61,1250,3,61,1250,data\sub-67\ses-1\eeg\sub-67_ses-1_task-eyesopen_eeg.set,7752
sub-67,ses-1,eyesopen,0,NS,53,250.0,61,1250,3,61,1250,data\sub-67\ses-1\eeg\sub-67_ses-1_task-eyesopen_eeg.set,7753
sub-67,ses-1,eyesopen,0,NS,54,250.0,61,1250,3,61,1250,data\sub-67\ses-1\eeg\sub-67_ses-1_task-eyesopen_eeg.set,7754
sub-67,ses-1,eyesopen,0,NS,55,250.0,61,1250,3,61,1250,data\sub-67\ses-1\eeg\sub-67_ses-1_task-eyesopen_eeg.set,7755
sub-67,ses-1,eyesopen,0,NS,56,250.0,61,1250,3,61,1250,data\sub-67\ses-1\eeg\sub-67_ses-1_task-eyesopen_eeg.set,7756
sub-67,ses-1,eyesopen,0,NS,57,250.0,61,1250,3,61,1250,data\sub-67\ses-1\eeg\sub-67_ses-1_task-eyesopen_eeg.set,7757
sub-67,ses-1,eyesopen,0,NS,58,250.0,61,1250,3,61,1250,data\sub-67\ses-1\eeg\sub-67_ses-1_task-eyesopen_eeg.set,7758
sub-67,ses-1,eyesopen,0,NS,59,250.0,61,1250,3,61,1250,data\sub-67\ses-1\eeg\sub-67_ses-1_task-eyesopen_eeg.set,7759
sub-67,ses-2,eyesopen,1,SD,0,250.0,61,1250,3,61,1250,data\sub-67\ses-2\eeg\sub-67_ses-2_task-eyesopen_eeg.set,7760
sub-67,ses-2,eyesopen,1,SD,1,250.0,61,1250,3,61,1250,data\sub-67\ses-2\eeg\sub-67_ses-2_task-eyesopen_eeg.set,7761
sub-67,ses-2,eyesopen,1,SD,2,250.0,61,1250,3,61,1250,data\sub-67\ses-2\eeg\sub-67_ses-2_task-eyesopen_eeg.set,7762
sub-67,ses-2,eyesopen,1,SD,3,250.0,61,1250,3,61,1250,data\sub-67\ses-2\eeg\sub-67_ses-2_task-eyesopen_eeg.set,7763
sub-67,ses-2,eyesopen,1,SD,4,250.0,61,1250,3,61,1250,data\sub-67\ses-2\eeg\sub-67_ses-2_task-eyesopen_eeg.set,7764
sub-67,ses-2,eyesopen,1,SD,5,250.0,61,1250,3,61,1250,data\sub-67\ses-2\eeg\sub-67_ses-2_task-eyesopen_eeg.set,7765
sub-67,ses-2,eyesopen,1,SD,6,250.0,61,1250,3,61,1250,data\sub-67\ses-2\eeg\sub-67_ses-2_task-eyesopen_eeg.set,7766
sub-67,ses-2,eyesopen,1,SD,7,250.0,61,1250,3,61,1250,data\sub-67\ses-2\eeg\sub-67_ses-2_task-eyesopen_eeg.set,7767
sub-67,ses-2,eyesopen,1,SD,8,250.0,61,1250,3,61,1250,data\sub-67\ses-2\eeg\sub-67_ses-2_task-eyesopen_eeg.set,7768
sub-67,ses-2,eyesopen,1,SD,9,250.0,61,1250,3,61,1250,data\sub-67\ses-2\eeg\sub-67_ses-2_task-eyesopen_eeg.set,7769
sub-67,ses-2,eyesopen,1,SD,10,250.0,61,1250,3,61,1250,data\sub-67\ses-2\eeg\sub-67_ses-2_task-eyesopen_eeg.set,7770
sub-67,ses-2,eyesopen,1,SD,11,250.0,61,1250,3,61,1250,data\sub-67\ses-2\eeg\sub-67_ses-2_task-eyesopen_eeg.set,7771
sub-67,ses-2,eyesopen,1,SD,12,250.0,61,1250,3,61,1250,data\sub-67\ses-2\eeg\sub-67_ses-2_task-eyesopen_eeg.set,7772
sub-67,ses-2,eyesopen,1,SD,13,250.0,61,1250,3,61,1250,data\sub-67\ses-2\eeg\sub-67_ses-2_task-eyesopen_eeg.set,7773
sub-67,ses-2,eyesopen,1,SD,14,250.0,61,1250,3,61,1250,data\sub-67\ses-2\eeg\sub-67_ses-2_task-eyesopen_eeg.set,7774
sub-67,ses-2,eyesopen,1,SD,15,250.0,61,1250,3,61,1250,data\sub-67\ses-2\eeg\sub-67_ses-2_task-eyesopen_eeg.set,7775
sub-67,ses-2,eyesopen,1,SD,16,250.0,61,1250,3,61,1250,data\sub-67\ses-2\eeg\sub-67_ses-2_task-eyesopen_eeg.set,7776
sub-67,ses-2,eyesopen,1,SD,17,250.0,61,1250,3,61,1250,data\sub-67\ses-2\eeg\sub-67_ses-2_task-eyesopen_eeg.set,7777
sub-67,ses-2,eyesopen,1,SD,18,250.0,61,1250,3,61,1250,data\sub-67\ses-2\eeg\sub-67_ses-2_task-eyesopen_eeg.set,7778
sub-67,ses-2,eyesopen,1,SD,19,250.0,61,1250,3,61,1250,data\sub-67\ses-2\eeg\sub-67_ses-2_task-eyesopen_eeg.set,7779
sub-67,ses-2,eyesopen,1,SD,20,250.0,61,1250,3,61,1250,data\sub-67\ses-2\eeg\sub-67_ses-2_task-eyesopen_eeg.set,7780
sub-67,ses-2,eyesopen,1,SD,21,250.0,61,1250,3,61,1250,data\sub-67\ses-2\eeg\sub-67_ses-2_task-eyesopen_eeg.set,7781
sub-67,ses-2,eyesopen,1,SD,22,250.0,61,1250,3,61,1250,data\sub-67\ses-2\eeg\sub-67_ses-2_task-eyesopen_eeg.set,7782
sub-67,ses-2,eyesopen,1,SD,23,250.0,61,1250,3,61,1250,data\sub-67\ses-2\eeg\sub-67_ses-2_task-eyesopen_eeg.set,7783
sub-67,ses-2,eyesopen,1,SD,24,250.0,61,1250,3,61,1250,data\sub-67\ses-2\eeg\sub-67_ses-2_task-eyesopen_eeg.set,7784
sub-67,ses-2,eyesopen,1,SD,25,250.0,61,1250,3,61,1250,data\sub-67\ses-2\eeg\sub-67_ses-2_task-eyesopen_eeg.set,7785
sub-67,ses-2,eyesopen,1,SD,26,250.0,61,1250,3,61,1250,data\sub-67\ses-2\eeg\sub-67_ses-2_task-eyesopen_eeg.set,7786
sub-67,ses-2,eyesopen,1,SD,27,250.0,61,1250,3,61,1250,data\sub-67\ses-2\eeg\sub-67_ses-2_task-eyesopen_eeg.set,7787
sub-67,ses-2,eyesopen,1,SD,28,250.0,61,1250,3,61,1250,data\sub-67\ses-2\eeg\sub-67_ses-2_task-eyesopen_eeg.set,7788
sub-67,ses-2,eyesopen,1,SD,29,250.0,61,1250,3,61,1250,data\sub-67\ses-2\eeg\sub-67_ses-2_task-eyesopen_eeg.set,7789
sub-67,ses-2,eyesopen,1,SD,30,250.0,61,1250,3,61,1250,data\sub-67\ses-2\eeg\sub-67_ses-2_task-eyesopen_eeg.set,7790
sub-67,ses-2,eyesopen,1,SD,31,250.0,61,1250,3,61,1250,data\sub-67\ses-2\eeg\sub-67_ses-2_task-eyesopen_eeg.set,7791
sub-67,ses-2,eyesopen,1,SD,32,250.0,61,1250,3,61,1250,data\sub-67\ses-2\eeg\sub-67_ses-2_task-eyesopen_eeg.set,7792
sub-67,ses-2,eyesopen,1,SD,33,250.0,61,1250,3,61,1250,data\sub-67\ses-2\eeg\sub-67_ses-2_task-eyesopen_eeg.set,7793
sub-67,ses-2,eyesopen,1,SD,34,250.0,61,1250,3,61,1250,data\sub-67\ses-2\eeg\sub-67_ses-2_task-eyesopen_eeg.set,7794
sub-67,ses-2,eyesopen,1,SD,35,250.0,61,1250,3,61,1250,data\sub-67\ses-2\eeg\sub-67_ses-2_task-eyesopen_eeg.set,7795
sub-67,ses-2,eyesopen,1,SD,36,250.0,61,1250,3,61,1250,data\sub-67\ses-2\eeg\sub-67_ses-2_task-eyesopen_eeg.set,7796
sub-67,ses-2,eyesopen,1,SD,37,250.0,61,1250,3,61,1250,data\sub-67\ses-2\eeg\sub-67_ses-2_task-eyesopen_eeg.set,7797
sub-67,ses-2,eyesopen,1,SD,38,250.0,61,1250,3,61,1250,data\sub-67\ses-2\eeg\sub-67_ses-2_task-eyesopen_eeg.set,7798
sub-67,ses-2,eyesopen,1,SD,39,250.0,61,1250,3,61,1250,data\sub-67\ses-2\eeg\sub-67_ses-2_task-eyesopen_eeg.set,7799
sub-67,ses-2,eyesopen,1,SD,40,250.0,61,1250,3,61,1250,data\sub-67\ses-2\eeg\sub-67_ses-2_task-eyesopen_eeg.set,7800
sub-67,ses-2,eyesopen,1,SD,41,250.0,61,1250,3,61,1250,data\sub-67\ses-2\eeg\sub-67_ses-2_task-eyesopen_eeg.set,7801
sub-67,ses-2,eyesopen,1,SD,42,250.0,61,1250,3,61,1250,data\sub-67\ses-2\eeg\sub-67_ses-2_task-eyesopen_eeg.set,7802
sub-67,ses-2,eyesopen,1,SD,43,250.0,61,1250,3,61,1250,data\sub-67\ses-2\eeg\sub-67_ses-2_task-eyesopen_eeg.set,7803
sub-67,ses-2,eyesopen,1,SD,44,250.0,61,1250,3,61,1250,data\sub-67\ses-2\eeg\sub-67_ses-2_task-eyesopen_eeg.set,7804
sub-67,ses-2,eyesopen,1,SD,45,250.0,61,1250,3,61,1250,data\sub-67\ses-2\eeg\sub-67_ses-2_task-eyesopen_eeg.set,7805
sub-67,ses-2,eyesopen,1,SD,46,250.0,61,1250,3,61,1250,data\sub-67\ses-2\eeg\sub-67_ses-2_task-eyesopen_eeg.set,7806
sub-67,ses-2,eyesopen,1,SD,47,250.0,61,1250,3,61,1250,data\sub-67\ses-2\eeg\sub-67_ses-2_task-eyesopen_eeg.set,7807
sub-67,ses-2,eyesopen,1,SD,48,250.0,61,1250,3,61,1250,data\sub-67\ses-2\eeg\sub-67_ses-2_task-eyesopen_eeg.set,7808
sub-67,ses-2,eyesopen,1,SD,49,250.0,61,1250,3,61,1250,data\sub-67\ses-2\eeg\sub-67_ses-2_task-eyesopen_eeg.set,7809
sub-67,ses-2,eyesopen,1,SD,50,250.0,61,1250,3,61,1250,data\sub-67\ses-2\eeg\sub-67_ses-2_task-eyesopen_eeg.set,7810
sub-67,ses-2,eyesopen,1,SD,51,250.0,61,1250,3,61,1250,data\sub-67\ses-2\eeg\sub-67_ses-2_task-eyesopen_eeg.set,7811
sub-67,ses-2,eyesopen,1,SD,52,250.0,61,1250,3,61,1250,data\sub-67\ses-2\eeg\sub-67_ses-2_task-eyesopen_eeg.set,7812
sub-67,ses-2,eyesopen,1,SD,53,250.0,61,1250,3,61,1250,data\sub-67\ses-2\eeg\sub-67_ses-2_task-eyesopen_eeg.set,7813
sub-67,ses-2,eyesopen,1,SD,54,250.0,61,1250,3,61,1250,data\sub-67\ses-2\eeg\sub-67_ses-2_task-eyesopen_eeg.set,7814
sub-67,ses-2,eyesopen,1,SD,55,250.0,61,1250,3,61,1250,data\sub-67\ses-2\eeg\sub-67_ses-2_task-eyesopen_eeg.set,7815
sub-67,ses-2,eyesopen,1,SD,56,250.0,61,1250,3,61,1250,data\sub-67\ses-2\eeg\sub-67_ses-2_task-eyesopen_eeg.set,7816
sub-67,ses-2,eyesopen,1,SD,57,250.0,61,1250,3,61,1250,data\sub-67\ses-2\eeg\sub-67_ses-2_task-eyesopen_eeg.set,7817
sub-67,ses-2,eyesopen,1,SD,58,250.0,61,1250,3,61,1250,data\sub-67\ses-2\eeg\sub-67_ses-2_task-eyesopen_eeg.set,7818
sub-67,ses-2,eyesopen,1,SD,59,250.0,61,1250,3,61,1250,data\sub-67\ses-2\eeg\sub-67_ses-2_task-eyesopen_eeg.set,7819
sub-68,ses-1,eyesopen,0,NS,0,250.0,61,1250,3,61,1250,data\sub-68\ses-1\eeg\sub-68_ses-1_task-eyesopen_eeg.set,7820
sub-68,ses-1,eyesopen,0,NS,1,250.0,61,1250,3,61,1250,data\sub-68\ses-1\eeg\sub-68_ses-1_task-eyesopen_eeg.set,7821
sub-68,ses-1,eyesopen,0,NS,2,250.0,61,1250,3,61,1250,data\sub-68\ses-1\eeg\sub-68_ses-1_task-eyesopen_eeg.set,7822
sub-68,ses-1,eyesopen,0,NS,3,250.0,61,1250,3,61,1250,data\sub-68\ses-1\eeg\sub-68_ses-1_task-eyesopen_eeg.set,7823
sub-68,ses-1,eyesopen,0,NS,4,250.0,61,1250,3,61,1250,data\sub-68\ses-1\eeg\sub-68_ses-1_task-eyesopen_eeg.set,7824
sub-68,ses-1,eyesopen,0,NS,5,250.0,61,1250,3,61,1250,data\sub-68\ses-1\eeg\sub-68_ses-1_task-eyesopen_eeg.set,7825
sub-68,ses-1,eyesopen,0,NS,6,250.0,61,1250,3,61,1250,data\sub-68\ses-1\eeg\sub-68_ses-1_task-eyesopen_eeg.set,7826
sub-68,ses-1,eyesopen,0,NS,7,250.0,61,1250,3,61,1250,data\sub-68\ses-1\eeg\sub-68_ses-1_task-eyesopen_eeg.set,7827
sub-68,ses-1,eyesopen,0,NS,8,250.0,61,1250,3,61,1250,data\sub-68\ses-1\eeg\sub-68_ses-1_task-eyesopen_eeg.set,7828
sub-68,ses-1,eyesopen,0,NS,9,250.0,61,1250,3,61,1250,data\sub-68\ses-1\eeg\sub-68_ses-1_task-eyesopen_eeg.set,7829
sub-68,ses-1,eyesopen,0,NS,10,250.0,61,1250,3,61,1250,data\sub-68\ses-1\eeg\sub-68_ses-1_task-eyesopen_eeg.set,7830
sub-68,ses-1,eyesopen,0,NS,11,250.0,61,1250,3,61,1250,data\sub-68\ses-1\eeg\sub-68_ses-1_task-eyesopen_eeg.set,7831
sub-68,ses-1,eyesopen,0,NS,12,250.0,61,1250,3,61,1250,data\sub-68\ses-1\eeg\sub-68_ses-1_task-eyesopen_eeg.set,7832
sub-68,ses-1,eyesopen,0,NS,13,250.0,61,1250,3,61,1250,data\sub-68\ses-1\eeg\sub-68_ses-1_task-eyesopen_eeg.set,7833
sub-68,ses-1,eyesopen,0,NS,14,250.0,61,1250,3,61,1250,data\sub-68\ses-1\eeg\sub-68_ses-1_task-eyesopen_eeg.set,7834
sub-68,ses-1,eyesopen,0,NS,15,250.0,61,1250,3,61,1250,data\sub-68\ses-1\eeg\sub-68_ses-1_task-eyesopen_eeg.set,7835
sub-68,ses-1,eyesopen,0,NS,16,250.0,61,1250,3,61,1250,data\sub-68\ses-1\eeg\sub-68_ses-1_task-eyesopen_eeg.set,7836
sub-68,ses-1,eyesopen,0,NS,17,250.0,61,1250,3,61,1250,data\sub-68\ses-1\eeg\sub-68_ses-1_task-eyesopen_eeg.set,7837
sub-68,ses-1,eyesopen,0,NS,18,250.0,61,1250,3,61,1250,data\sub-68\ses-1\eeg\sub-68_ses-1_task-eyesopen_eeg.set,7838
sub-68,ses-1,eyesopen,0,NS,19,250.0,61,1250,3,61,1250,data\sub-68\ses-1\eeg\sub-68_ses-1_task-eyesopen_eeg.set,7839
sub-68,ses-1,eyesopen,0,NS,20,250.0,61,1250,3,61,1250,data\sub-68\ses-1\eeg\sub-68_ses-1_task-eyesopen_eeg.set,7840
sub-68,ses-1,eyesopen,0,NS,21,250.0,61,1250,3,61,1250,data\sub-68\ses-1\eeg\sub-68_ses-1_task-eyesopen_eeg.set,7841
sub-68,ses-1,eyesopen,0,NS,22,250.0,61,1250,3,61,1250,data\sub-68\ses-1\eeg\sub-68_ses-1_task-eyesopen_eeg.set,7842
sub-68,ses-1,eyesopen,0,NS,23,250.0,61,1250,3,61,1250,data\sub-68\ses-1\eeg\sub-68_ses-1_task-eyesopen_eeg.set,7843
sub-68,ses-1,eyesopen,0,NS,24,250.0,61,1250,3,61,1250,data\sub-68\ses-1\eeg\sub-68_ses-1_task-eyesopen_eeg.set,7844
sub-68,ses-1,eyesopen,0,NS,25,250.0,61,1250,3,61,1250,data\sub-68\ses-1\eeg\sub-68_ses-1_task-eyesopen_eeg.set,7845
sub-68,ses-1,eyesopen,0,NS,26,250.0,61,1250,3,61,1250,data\sub-68\ses-1\eeg\sub-68_ses-1_task-eyesopen_eeg.set,7846
sub-68,ses-1,eyesopen,0,NS,27,250.0,61,1250,3,61,1250,data\sub-68\ses-1\eeg\sub-68_ses-1_task-eyesopen_eeg.set,7847
sub-68,ses-1,eyesopen,0,NS,28,250.0,61,1250,3,61,1250,data\sub-68\ses-1\eeg\sub-68_ses-1_task-eyesopen_eeg.set,7848
sub-68,ses-1,eyesopen,0,NS,29,250.0,61,1250,3,61,1250,data\sub-68\ses-1\eeg\sub-68_ses-1_task-eyesopen_eeg.set,7849
sub-68,ses-1,eyesopen,0,NS,30,250.0,61,1250,3,61,1250,data\sub-68\ses-1\eeg\sub-68_ses-1_task-eyesopen_eeg.set,7850
sub-68,ses-1,eyesopen,0,NS,31,250.0,61,1250,3,61,1250,data\sub-68\ses-1\eeg\sub-68_ses-1_task-eyesopen_eeg.set,7851
sub-68,ses-1,eyesopen,0,NS,32,250.0,61,1250,3,61,1250,data\sub-68\ses-1\eeg\sub-68_ses-1_task-eyesopen_eeg.set,7852
sub-68,ses-1,eyesopen,0,NS,33,250.0,61,1250,3,61,1250,data\sub-68\ses-1\eeg\sub-68_ses-1_task-eyesopen_eeg.set,7853
sub-68,ses-1,eyesopen,0,NS,34,250.0,61,1250,3,61,1250,data\sub-68\ses-1\eeg\sub-68_ses-1_task-eyesopen_eeg.set,7854
sub-68,ses-1,eyesopen,0,NS,35,250.0,61,1250,3,61,1250,data\sub-68\ses-1\eeg\sub-68_ses-1_task-eyesopen_eeg.set,7855
sub-68,ses-1,eyesopen,0,NS,36,250.0,61,1250,3,61,1250,data\sub-68\ses-1\eeg\sub-68_ses-1_task-eyesopen_eeg.set,7856
sub-68,ses-1,eyesopen,0,NS,37,250.0,61,1250,3,61,1250,data\sub-68\ses-1\eeg\sub-68_ses-1_task-eyesopen_eeg.set,7857
sub-68,ses-1,eyesopen,0,NS,38,250.0,61,1250,3,61,1250,data\sub-68\ses-1\eeg\sub-68_ses-1_task-eyesopen_eeg.set,7858
sub-68,ses-1,eyesopen,0,NS,39,250.0,61,1250,3,61,1250,data\sub-68\ses-1\eeg\sub-68_ses-1_task-eyesopen_eeg.set,7859
sub-68,ses-1,eyesopen,0,NS,40,250.0,61,1250,3,61,1250,data\sub-68\ses-1\eeg\sub-68_ses-1_task-eyesopen_eeg.set,7860
sub-68,ses-1,eyesopen,0,NS,41,250.0,61,1250,3,61,1250,data\sub-68\ses-1\eeg\sub-68_ses-1_task-eyesopen_eeg.set,7861
sub-68,ses-1,eyesopen,0,NS,42,250.0,61,1250,3,61,1250,data\sub-68\ses-1\eeg\sub-68_ses-1_task-eyesopen_eeg.set,7862
sub-68,ses-1,eyesopen,0,NS,43,250.0,61,1250,3,61,1250,data\sub-68\ses-1\eeg\sub-68_ses-1_task-eyesopen_eeg.set,7863
sub-68,ses-1,eyesopen,0,NS,44,250.0,61,1250,3,61,1250,data\sub-68\ses-1\eeg\sub-68_ses-1_task-eyesopen_eeg.set,7864
sub-68,ses-1,eyesopen,0,NS,45,250.0,61,1250,3,61,1250,data\sub-68\ses-1\eeg\sub-68_ses-1_task-eyesopen_eeg.set,7865
sub-68,ses-1,eyesopen,0,NS,46,250.0,61,1250,3,61,1250,data\sub-68\ses-1\eeg\sub-68_ses-1_task-eyesopen_eeg.set,7866
sub-68,ses-1,eyesopen,0,NS,47,250.0,61,1250,3,61,1250,data\sub-68\ses-1\eeg\sub-68_ses-1_task-eyesopen_eeg.set,7867
sub-68,ses-1,eyesopen,0,NS,48,250.0,61,1250,3,61,1250,data\sub-68\ses-1\eeg\sub-68_ses-1_task-eyesopen_eeg.set,7868
sub-68,ses-1,eyesopen,0,NS,49,250.0,61,1250,3,61,1250,data\sub-68\ses-1\eeg\sub-68_ses-1_task-eyesopen_eeg.set,7869
sub-68,ses-1,eyesopen,0,NS,50,250.0,61,1250,3,61,1250,data\sub-68\ses-1\eeg\sub-68_ses-1_task-eyesopen_eeg.set,7870
sub-68,ses-1,eyesopen,0,NS,51,250.0,61,1250,3,61,1250,data\sub-68\ses-1\eeg\sub-68_ses-1_task-eyesopen_eeg.set,7871
sub-68,ses-1,eyesopen,0,NS,52,250.0,61,1250,3,61,1250,data\sub-68\ses-1\eeg\sub-68_ses-1_task-eyesopen_eeg.set,7872
sub-68,ses-1,eyesopen,0,NS,53,250.0,61,1250,3,61,1250,data\sub-68\ses-1\eeg\sub-68_ses-1_task-eyesopen_eeg.set,7873
sub-68,ses-1,eyesopen,0,NS,54,250.0,61,1250,3,61,1250,data\sub-68\ses-1\eeg\sub-68_ses-1_task-eyesopen_eeg.set,7874
sub-68,ses-1,eyesopen,0,NS,55,250.0,61,1250,3,61,1250,data\sub-68\ses-1\eeg\sub-68_ses-1_task-eyesopen_eeg.set,7875
sub-68,ses-1,eyesopen,0,NS,56,250.0,61,1250,3,61,1250,data\sub-68\ses-1\eeg\sub-68_ses-1_task-eyesopen_eeg.set,7876
sub-68,ses-1,eyesopen,0,NS,57,250.0,61,1250,3,61,1250,data\sub-68\ses-1\eeg\sub-68_ses-1_task-eyesopen_eeg.set,7877
sub-68,ses-1,eyesopen,0,NS,58,250.0,61,1250,3,61,1250,data\sub-68\ses-1\eeg\sub-68_ses-1_task-eyesopen_eeg.set,7878
sub-68,ses-1,eyesopen,0,NS,59,250.0,61,1250,3,61,1250,data\sub-68\ses-1\eeg\sub-68_ses-1_task-eyesopen_eeg.set,7879
sub-68,ses-2,eyesopen,1,SD,0,250.0,61,1250,3,61,1250,data\sub-68\ses-2\eeg\sub-68_ses-2_task-eyesopen_eeg.set,7880
sub-68,ses-2,eyesopen,1,SD,1,250.0,61,1250,3,61,1250,data\sub-68\ses-2\eeg\sub-68_ses-2_task-eyesopen_eeg.set,7881
sub-68,ses-2,eyesopen,1,SD,2,250.0,61,1250,3,61,1250,data\sub-68\ses-2\eeg\sub-68_ses-2_task-eyesopen_eeg.set,7882
sub-68,ses-2,eyesopen,1,SD,3,250.0,61,1250,3,61,1250,data\sub-68\ses-2\eeg\sub-68_ses-2_task-eyesopen_eeg.set,7883
sub-68,ses-2,eyesopen,1,SD,4,250.0,61,1250,3,61,1250,data\sub-68\ses-2\eeg\sub-68_ses-2_task-eyesopen_eeg.set,7884
sub-68,ses-2,eyesopen,1,SD,5,250.0,61,1250,3,61,1250,data\sub-68\ses-2\eeg\sub-68_ses-2_task-eyesopen_eeg.set,7885
sub-68,ses-2,eyesopen,1,SD,6,250.0,61,1250,3,61,1250,data\sub-68\ses-2\eeg\sub-68_ses-2_task-eyesopen_eeg.set,7886
sub-68,ses-2,eyesopen,1,SD,7,250.0,61,1250,3,61,1250,data\sub-68\ses-2\eeg\sub-68_ses-2_task-eyesopen_eeg.set,7887
sub-68,ses-2,eyesopen,1,SD,8,250.0,61,1250,3,61,1250,data\sub-68\ses-2\eeg\sub-68_ses-2_task-eyesopen_eeg.set,7888
sub-68,ses-2,eyesopen,1,SD,9,250.0,61,1250,3,61,1250,data\sub-68\ses-2\eeg\sub-68_ses-2_task-eyesopen_eeg.set,7889
sub-68,ses-2,eyesopen,1,SD,10,250.0,61,1250,3,61,1250,data\sub-68\ses-2\eeg\sub-68_ses-2_task-eyesopen_eeg.set,7890
sub-68,ses-2,eyesopen,1,SD,11,250.0,61,1250,3,61,1250,data\sub-68\ses-2\eeg\sub-68_ses-2_task-eyesopen_eeg.set,7891
sub-68,ses-2,eyesopen,1,SD,12,250.0,61,1250,3,61,1250,data\sub-68\ses-2\eeg\sub-68_ses-2_task-eyesopen_eeg.set,7892
sub-68,ses-2,eyesopen,1,SD,13,250.0,61,1250,3,61,1250,data\sub-68\ses-2\eeg\sub-68_ses-2_task-eyesopen_eeg.set,7893
sub-68,ses-2,eyesopen,1,SD,14,250.0,61,1250,3,61,1250,data\sub-68\ses-2\eeg\sub-68_ses-2_task-eyesopen_eeg.set,7894
sub-68,ses-2,eyesopen,1,SD,15,250.0,61,1250,3,61,1250,data\sub-68\ses-2\eeg\sub-68_ses-2_task-eyesopen_eeg.set,7895
sub-68,ses-2,eyesopen,1,SD,16,250.0,61,1250,3,61,1250,data\sub-68\ses-2\eeg\sub-68_ses-2_task-eyesopen_eeg.set,7896
sub-68,ses-2,eyesopen,1,SD,17,250.0,61,1250,3,61,1250,data\sub-68\ses-2\eeg\sub-68_ses-2_task-eyesopen_eeg.set,7897
sub-68,ses-2,eyesopen,1,SD,18,250.0,61,1250,3,61,1250,data\sub-68\ses-2\eeg\sub-68_ses-2_task-eyesopen_eeg.set,7898
sub-68,ses-2,eyesopen,1,SD,19,250.0,61,1250,3,61,1250,data\sub-68\ses-2\eeg\sub-68_ses-2_task-eyesopen_eeg.set,7899
sub-68,ses-2,eyesopen,1,SD,20,250.0,61,1250,3,61,1250,data\sub-68\ses-2\eeg\sub-68_ses-2_task-eyesopen_eeg.set,7900
sub-68,ses-2,eyesopen,1,SD,21,250.0,61,1250,3,61,1250,data\sub-68\ses-2\eeg\sub-68_ses-2_task-eyesopen_eeg.set,7901
sub-68,ses-2,eyesopen,1,SD,22,250.0,61,1250,3,61,1250,data\sub-68\ses-2\eeg\sub-68_ses-2_task-eyesopen_eeg.set,7902
sub-68,ses-2,eyesopen,1,SD,23,250.0,61,1250,3,61,1250,data\sub-68\ses-2\eeg\sub-68_ses-2_task-eyesopen_eeg.set,7903
sub-68,ses-2,eyesopen,1,SD,24,250.0,61,1250,3,61,1250,data\sub-68\ses-2\eeg\sub-68_ses-2_task-eyesopen_eeg.set,7904
sub-68,ses-2,eyesopen,1,SD,25,250.0,61,1250,3,61,1250,data\sub-68\ses-2\eeg\sub-68_ses-2_task-eyesopen_eeg.set,7905
sub-68,ses-2,eyesopen,1,SD,26,250.0,61,1250,3,61,1250,data\sub-68\ses-2\eeg\sub-68_ses-2_task-eyesopen_eeg.set,7906
sub-68,ses-2,eyesopen,1,SD,27,250.0,61,1250,3,61,1250,data\sub-68\ses-2\eeg\sub-68_ses-2_task-eyesopen_eeg.set,7907
sub-68,ses-2,eyesopen,1,SD,28,250.0,61,1250,3,61,1250,data\sub-68\ses-2\eeg\sub-68_ses-2_task-eyesopen_eeg.set,7908
sub-68,ses-2,eyesopen,1,SD,29,250.0,61,1250,3,61,1250,data\sub-68\ses-2\eeg\sub-68_ses-2_task-eyesopen_eeg.set,7909
sub-68,ses-2,eyesopen,1,SD,30,250.0,61,1250,3,61,1250,data\sub-68\ses-2\eeg\sub-68_ses-2_task-eyesopen_eeg.set,7910
sub-68,ses-2,eyesopen,1,SD,31,250.0,61,1250,3,61,1250,data\sub-68\ses-2\eeg\sub-68_ses-2_task-eyesopen_eeg.set,7911
sub-68,ses-2,eyesopen,1,SD,32,250.0,61,1250,3,61,1250,data\sub-68\ses-2\eeg\sub-68_ses-2_task-eyesopen_eeg.set,7912
sub-68,ses-2,eyesopen,1,SD,33,250.0,61,1250,3,61,1250,data\sub-68\ses-2\eeg\sub-68_ses-2_task-eyesopen_eeg.set,7913
sub-68,ses-2,eyesopen,1,SD,34,250.0,61,1250,3,61,1250,data\sub-68\ses-2\eeg\sub-68_ses-2_task-eyesopen_eeg.set,7914
sub-68,ses-2,eyesopen,1,SD,35,250.0,61,1250,3,61,1250,data\sub-68\ses-2\eeg\sub-68_ses-2_task-eyesopen_eeg.set,7915
sub-68,ses-2,eyesopen,1,SD,36,250.0,61,1250,3,61,1250,data\sub-68\ses-2\eeg\sub-68_ses-2_task-eyesopen_eeg.set,7916
sub-68,ses-2,eyesopen,1,SD,37,250.0,61,1250,3,61,1250,data\sub-68\ses-2\eeg\sub-68_ses-2_task-eyesopen_eeg.set,7917
sub-68,ses-2,eyesopen,1,SD,38,250.0,61,1250,3,61,1250,data\sub-68\ses-2\eeg\sub-68_ses-2_task-eyesopen_eeg.set,7918
sub-68,ses-2,eyesopen,1,SD,39,250.0,61,1250,3,61,1250,data\sub-68\ses-2\eeg\sub-68_ses-2_task-eyesopen_eeg.set,7919
sub-68,ses-2,eyesopen,1,SD,40,250.0,61,1250,3,61,1250,data\sub-68\ses-2\eeg\sub-68_ses-2_task-eyesopen_eeg.set,7920
sub-68,ses-2,eyesopen,1,SD,41,250.0,61,1250,3,61,1250,data\sub-68\ses-2\eeg\sub-68_ses-2_task-eyesopen_eeg.set,7921
sub-68,ses-2,eyesopen,1,SD,42,250.0,61,1250,3,61,1250,data\sub-68\ses-2\eeg\sub-68_ses-2_task-eyesopen_eeg.set,7922
sub-68,ses-2,eyesopen,1,SD,43,250.0,61,1250,3,61,1250,data\sub-68\ses-2\eeg\sub-68_ses-2_task-eyesopen_eeg.set,7923
sub-68,ses-2,eyesopen,1,SD,44,250.0,61,1250,3,61,1250,data\sub-68\ses-2\eeg\sub-68_ses-2_task-eyesopen_eeg.set,7924
sub-68,ses-2,eyesopen,1,SD,45,250.0,61,1250,3,61,1250,data\sub-68\ses-2\eeg\sub-68_ses-2_task-eyesopen_eeg.set,7925
sub-68,ses-2,eyesopen,1,SD,46,250.0,61,1250,3,61,1250,data\sub-68\ses-2\eeg\sub-68_ses-2_task-eyesopen_eeg.set,7926
sub-68,ses-2,eyesopen,1,SD,47,250.0,61,1250,3,61,1250,data\sub-68\ses-2\eeg\sub-68_ses-2_task-eyesopen_eeg.set,7927
sub-68,ses-2,eyesopen,1,SD,48,250.0,61,1250,3,61,1250,data\sub-68\ses-2\eeg\sub-68_ses-2_task-eyesopen_eeg.set,7928
sub-68,ses-2,eyesopen,1,SD,49,250.0,61,1250,3,61,1250,data\sub-68\ses-2\eeg\sub-68_ses-2_task-eyesopen_eeg.set,7929
sub-68,ses-2,eyesopen,1,SD,50,250.0,61,1250,3,61,1250,data\sub-68\ses-2\eeg\sub-68_ses-2_task-eyesopen_eeg.set,7930
sub-68,ses-2,eyesopen,1,SD,51,250.0,61,1250,3,61,1250,data\sub-68\ses-2\eeg\sub-68_ses-2_task-eyesopen_eeg.set,7931
sub-68,ses-2,eyesopen,1,SD,52,250.0,61,1250,3,61,1250,data\sub-68\ses-2\eeg\sub-68_ses-2_task-eyesopen_eeg.set,7932
sub-68,ses-2,eyesopen,1,SD,53,250.0,61,1250,3,61,1250,data\sub-68\ses-2\eeg\sub-68_ses-2_task-eyesopen_eeg.set,7933
sub-68,ses-2,eyesopen,1,SD,54,250.0,61,1250,3,61,1250,data\sub-68\ses-2\eeg\sub-68_ses-2_task-eyesopen_eeg.set,7934
sub-68,ses-2,eyesopen,1,SD,55,250.0,61,1250,3,61,1250,data\sub-68\ses-2\eeg\sub-68_ses-2_task-eyesopen_eeg.set,7935
sub-68,ses-2,eyesopen,1,SD,56,250.0,61,1250,3,61,1250,data\sub-68\ses-2\eeg\sub-68_ses-2_task-eyesopen_eeg.set,7936
sub-68,ses-2,eyesopen,1,SD,57,250.0,61,1250,3,61,1250,data\sub-68\ses-2\eeg\sub-68_ses-2_task-eyesopen_eeg.set,7937
sub-68,ses-2,eyesopen,1,SD,58,250.0,61,1250,3,61,1250,data\sub-68\ses-2\eeg\sub-68_ses-2_task-eyesopen_eeg.set,7938
sub-68,ses-2,eyesopen,1,SD,59,250.0,61,1250,3,61,1250,data\sub-68\ses-2\eeg\sub-68_ses-2_task-eyesopen_eeg.set,7939
sub-69,ses-1,eyesopen,0,NS,0,250.0,61,1250,3,61,1250,data\sub-69\ses-1\eeg\sub-69_ses-1_task-eyesopen_eeg.set,7940
sub-69,ses-1,eyesopen,0,NS,1,250.0,61,1250,3,61,1250,data\sub-69\ses-1\eeg\sub-69_ses-1_task-eyesopen_eeg.set,7941
sub-69,ses-1,eyesopen,0,NS,2,250.0,61,1250,3,61,1250,data\sub-69\ses-1\eeg\sub-69_ses-1_task-eyesopen_eeg.set,7942
sub-69,ses-1,eyesopen,0,NS,3,250.0,61,1250,3,61,1250,data\sub-69\ses-1\eeg\sub-69_ses-1_task-eyesopen_eeg.set,7943
sub-69,ses-1,eyesopen,0,NS,4,250.0,61,1250,3,61,1250,data\sub-69\ses-1\eeg\sub-69_ses-1_task-eyesopen_eeg.set,7944
sub-69,ses-1,eyesopen,0,NS,5,250.0,61,1250,3,61,1250,data\sub-69\ses-1\eeg\sub-69_ses-1_task-eyesopen_eeg.set,7945
sub-69,ses-1,eyesopen,0,NS,6,250.0,61,1250,3,61,1250,data\sub-69\ses-1\eeg\sub-69_ses-1_task-eyesopen_eeg.set,7946
sub-69,ses-1,eyesopen,0,NS,7,250.0,61,1250,3,61,1250,data\sub-69\ses-1\eeg\sub-69_ses-1_task-eyesopen_eeg.set,7947
sub-69,ses-1,eyesopen,0,NS,8,250.0,61,1250,3,61,1250,data\sub-69\ses-1\eeg\sub-69_ses-1_task-eyesopen_eeg.set,7948
sub-69,ses-1,eyesopen,0,NS,9,250.0,61,1250,3,61,1250,data\sub-69\ses-1\eeg\sub-69_ses-1_task-eyesopen_eeg.set,7949
sub-69,ses-1,eyesopen,0,NS,10,250.0,61,1250,3,61,1250,data\sub-69\ses-1\eeg\sub-69_ses-1_task-eyesopen_eeg.set,7950
sub-69,ses-1,eyesopen,0,NS,11,250.0,61,1250,3,61,1250,data\sub-69\ses-1\eeg\sub-69_ses-1_task-eyesopen_eeg.set,7951
sub-69,ses-1,eyesopen,0,NS,12,250.0,61,1250,3,61,1250,data\sub-69\ses-1\eeg\sub-69_ses-1_task-eyesopen_eeg.set,7952
sub-69,ses-1,eyesopen,0,NS,13,250.0,61,1250,3,61,1250,data\sub-69\ses-1\eeg\sub-69_ses-1_task-eyesopen_eeg.set,7953
sub-69,ses-1,eyesopen,0,NS,14,250.0,61,1250,3,61,1250,data\sub-69\ses-1\eeg\sub-69_ses-1_task-eyesopen_eeg.set,7954
sub-69,ses-1,eyesopen,0,NS,15,250.0,61,1250,3,61,1250,data\sub-69\ses-1\eeg\sub-69_ses-1_task-eyesopen_eeg.set,7955
sub-69,ses-1,eyesopen,0,NS,16,250.0,61,1250,3,61,1250,data\sub-69\ses-1\eeg\sub-69_ses-1_task-eyesopen_eeg.set,7956
sub-69,ses-1,eyesopen,0,NS,17,250.0,61,1250,3,61,1250,data\sub-69\ses-1\eeg\sub-69_ses-1_task-eyesopen_eeg.set,7957
sub-69,ses-1,eyesopen,0,NS,18,250.0,61,1250,3,61,1250,data\sub-69\ses-1\eeg\sub-69_ses-1_task-eyesopen_eeg.set,7958
sub-69,ses-1,eyesopen,0,NS,19,250.0,61,1250,3,61,1250,data\sub-69\ses-1\eeg\sub-69_ses-1_task-eyesopen_eeg.set,7959
sub-69,ses-1,eyesopen,0,NS,20,250.0,61,1250,3,61,1250,data\sub-69\ses-1\eeg\sub-69_ses-1_task-eyesopen_eeg.set,7960
sub-69,ses-1,eyesopen,0,NS,21,250.0,61,1250,3,61,1250,data\sub-69\ses-1\eeg\sub-69_ses-1_task-eyesopen_eeg.set,7961
sub-69,ses-1,eyesopen,0,NS,22,250.0,61,1250,3,61,1250,data\sub-69\ses-1\eeg\sub-69_ses-1_task-eyesopen_eeg.set,7962
sub-69,ses-1,eyesopen,0,NS,23,250.0,61,1250,3,61,1250,data\sub-69\ses-1\eeg\sub-69_ses-1_task-eyesopen_eeg.set,7963
sub-69,ses-1,eyesopen,0,NS,24,250.0,61,1250,3,61,1250,data\sub-69\ses-1\eeg\sub-69_ses-1_task-eyesopen_eeg.set,7964
sub-69,ses-1,eyesopen,0,NS,25,250.0,61,1250,3,61,1250,data\sub-69\ses-1\eeg\sub-69_ses-1_task-eyesopen_eeg.set,7965
sub-69,ses-1,eyesopen,0,NS,26,250.0,61,1250,3,61,1250,data\sub-69\ses-1\eeg\sub-69_ses-1_task-eyesopen_eeg.set,7966
sub-69,ses-1,eyesopen,0,NS,27,250.0,61,1250,3,61,1250,data\sub-69\ses-1\eeg\sub-69_ses-1_task-eyesopen_eeg.set,7967
sub-69,ses-1,eyesopen,0,NS,28,250.0,61,1250,3,61,1250,data\sub-69\ses-1\eeg\sub-69_ses-1_task-eyesopen_eeg.set,7968
sub-69,ses-1,eyesopen,0,NS,29,250.0,61,1250,3,61,1250,data\sub-69\ses-1\eeg\sub-69_ses-1_task-eyesopen_eeg.set,7969
sub-69,ses-1,eyesopen,0,NS,30,250.0,61,1250,3,61,1250,data\sub-69\ses-1\eeg\sub-69_ses-1_task-eyesopen_eeg.set,7970
sub-69,ses-1,eyesopen,0,NS,31,250.0,61,1250,3,61,1250,data\sub-69\ses-1\eeg\sub-69_ses-1_task-eyesopen_eeg.set,7971
sub-69,ses-1,eyesopen,0,NS,32,250.0,61,1250,3,61,1250,data\sub-69\ses-1\eeg\sub-69_ses-1_task-eyesopen_eeg.set,7972
sub-69,ses-1,eyesopen,0,NS,33,250.0,61,1250,3,61,1250,data\sub-69\ses-1\eeg\sub-69_ses-1_task-eyesopen_eeg.set,7973
sub-69,ses-1,eyesopen,0,NS,34,250.0,61,1250,3,61,1250,data\sub-69\ses-1\eeg\sub-69_ses-1_task-eyesopen_eeg.set,7974
sub-69,ses-1,eyesopen,0,NS,35,250.0,61,1250,3,61,1250,data\sub-69\ses-1\eeg\sub-69_ses-1_task-eyesopen_eeg.set,7975
sub-69,ses-1,eyesopen,0,NS,36,250.0,61,1250,3,61,1250,data\sub-69\ses-1\eeg\sub-69_ses-1_task-eyesopen_eeg.set,7976
sub-69,ses-1,eyesopen,0,NS,37,250.0,61,1250,3,61,1250,data\sub-69\ses-1\eeg\sub-69_ses-1_task-eyesopen_eeg.set,7977
sub-69,ses-1,eyesopen,0,NS,38,250.0,61,1250,3,61,1250,data\sub-69\ses-1\eeg\sub-69_ses-1_task-eyesopen_eeg.set,7978
sub-69,ses-1,eyesopen,0,NS,39,250.0,61,1250,3,61,1250,data\sub-69\ses-1\eeg\sub-69_ses-1_task-eyesopen_eeg.set,7979
sub-69,ses-1,eyesopen,0,NS,40,250.0,61,1250,3,61,1250,data\sub-69\ses-1\eeg\sub-69_ses-1_task-eyesopen_eeg.set,7980
sub-69,ses-1,eyesopen,0,NS,41,250.0,61,1250,3,61,1250,data\sub-69\ses-1\eeg\sub-69_ses-1_task-eyesopen_eeg.set,7981
sub-69,ses-1,eyesopen,0,NS,42,250.0,61,1250,3,61,1250,data\sub-69\ses-1\eeg\sub-69_ses-1_task-eyesopen_eeg.set,7982
sub-69,ses-1,eyesopen,0,NS,43,250.0,61,1250,3,61,1250,data\sub-69\ses-1\eeg\sub-69_ses-1_task-eyesopen_eeg.set,7983
sub-69,ses-1,eyesopen,0,NS,44,250.0,61,1250,3,61,1250,data\sub-69\ses-1\eeg\sub-69_ses-1_task-eyesopen_eeg.set,7984
sub-69,ses-1,eyesopen,0,NS,45,250.0,61,1250,3,61,1250,data\sub-69\ses-1\eeg\sub-69_ses-1_task-eyesopen_eeg.set,7985
sub-69,ses-1,eyesopen,0,NS,46,250.0,61,1250,3,61,1250,data\sub-69\ses-1\eeg\sub-69_ses-1_task-eyesopen_eeg.set,7986
sub-69,ses-1,eyesopen,0,NS,47,250.0,61,1250,3,61,1250,data\sub-69\ses-1\eeg\sub-69_ses-1_task-eyesopen_eeg.set,7987
sub-69,ses-1,eyesopen,0,NS,48,250.0,61,1250,3,61,1250,data\sub-69\ses-1\eeg\sub-69_ses-1_task-eyesopen_eeg.set,7988
sub-69,ses-1,eyesopen,0,NS,49,250.0,61,1250,3,61,1250,data\sub-69\ses-1\eeg\sub-69_ses-1_task-eyesopen_eeg.set,7989
sub-69,ses-1,eyesopen,0,NS,50,250.0,61,1250,3,61,1250,data\sub-69\ses-1\eeg\sub-69_ses-1_task-eyesopen_eeg.set,7990
sub-69,ses-1,eyesopen,0,NS,51,250.0,61,1250,3,61,1250,data\sub-69\ses-1\eeg\sub-69_ses-1_task-eyesopen_eeg.set,7991
sub-69,ses-1,eyesopen,0,NS,52,250.0,61,1250,3,61,1250,data\sub-69\ses-1\eeg\sub-69_ses-1_task-eyesopen_eeg.set,7992
sub-69,ses-1,eyesopen,0,NS,53,250.0,61,1250,3,61,1250,data\sub-69\ses-1\eeg\sub-69_ses-1_task-eyesopen_eeg.set,7993
sub-69,ses-1,eyesopen,0,NS,54,250.0,61,1250,3,61,1250,data\sub-69\ses-1\eeg\sub-69_ses-1_task-eyesopen_eeg.set,7994
sub-69,ses-1,eyesopen,0,NS,55,250.0,61,1250,3,61,1250,data\sub-69\ses-1\eeg\sub-69_ses-1_task-eyesopen_eeg.set,7995
sub-69,ses-1,eyesopen,0,NS,56,250.0,61,1250,3,61,1250,data\sub-69\ses-1\eeg\sub-69_ses-1_task-eyesopen_eeg.set,7996
sub-69,ses-1,eyesopen,0,NS,57,250.0,61,1250,3,61,1250,data\sub-69\ses-1\eeg\sub-69_ses-1_task-eyesopen_eeg.set,7997
sub-69,ses-1,eyesopen,0,NS,58,250.0,61,1250,3,61,1250,data\sub-69\ses-1\eeg\sub-69_ses-1_task-eyesopen_eeg.set,7998
sub-69,ses-1,eyesopen,0,NS,59,250.0,61,1250,3,61,1250,data\sub-69\ses-1\eeg\sub-69_ses-1_task-eyesopen_eeg.set,7999
sub-69,ses-2,eyesopen,1,SD,0,250.0,61,1250,3,61,1250,data\sub-69\ses-2\eeg\sub-69_ses-2_task-eyesopen_eeg.set,8000
sub-69,ses-2,eyesopen,1,SD,1,250.0,61,1250,3,61,1250,data\sub-69\ses-2\eeg\sub-69_ses-2_task-eyesopen_eeg.set,8001
sub-69,ses-2,eyesopen,1,SD,2,250.0,61,1250,3,61,1250,data\sub-69\ses-2\eeg\sub-69_ses-2_task-eyesopen_eeg.set,8002
sub-69,ses-2,eyesopen,1,SD,3,250.0,61,1250,3,61,1250,data\sub-69\ses-2\eeg\sub-69_ses-2_task-eyesopen_eeg.set,8003
sub-69,ses-2,eyesopen,1,SD,4,250.0,61,1250,3,61,1250,data\sub-69\ses-2\eeg\sub-69_ses-2_task-eyesopen_eeg.set,8004
sub-69,ses-2,eyesopen,1,SD,5,250.0,61,1250,3,61,1250,data\sub-69\ses-2\eeg\sub-69_ses-2_task-eyesopen_eeg.set,8005
sub-69,ses-2,eyesopen,1,SD,6,250.0,61,1250,3,61,1250,data\sub-69\ses-2\eeg\sub-69_ses-2_task-eyesopen_eeg.set,8006
sub-69,ses-2,eyesopen,1,SD,7,250.0,61,1250,3,61,1250,data\sub-69\ses-2\eeg\sub-69_ses-2_task-eyesopen_eeg.set,8007
sub-69,ses-2,eyesopen,1,SD,8,250.0,61,1250,3,61,1250,data\sub-69\ses-2\eeg\sub-69_ses-2_task-eyesopen_eeg.set,8008
sub-69,ses-2,eyesopen,1,SD,9,250.0,61,1250,3,61,1250,data\sub-69\ses-2\eeg\sub-69_ses-2_task-eyesopen_eeg.set,8009
sub-69,ses-2,eyesopen,1,SD,10,250.0,61,1250,3,61,1250,data\sub-69\ses-2\eeg\sub-69_ses-2_task-eyesopen_eeg.set,8010
sub-69,ses-2,eyesopen,1,SD,11,250.0,61,1250,3,61,1250,data\sub-69\ses-2\eeg\sub-69_ses-2_task-eyesopen_eeg.set,8011
sub-69,ses-2,eyesopen,1,SD,12,250.0,61,1250,3,61,1250,data\sub-69\ses-2\eeg\sub-69_ses-2_task-eyesopen_eeg.set,8012
sub-69,ses-2,eyesopen,1,SD,13,250.0,61,1250,3,61,1250,data\sub-69\ses-2\eeg\sub-69_ses-2_task-eyesopen_eeg.set,8013
sub-69,ses-2,eyesopen,1,SD,14,250.0,61,1250,3,61,1250,data\sub-69\ses-2\eeg\sub-69_ses-2_task-eyesopen_eeg.set,8014
sub-69,ses-2,eyesopen,1,SD,15,250.0,61,1250,3,61,1250,data\sub-69\ses-2\eeg\sub-69_ses-2_task-eyesopen_eeg.set,8015
sub-69,ses-2,eyesopen,1,SD,16,250.0,61,1250,3,61,1250,data\sub-69\ses-2\eeg\sub-69_ses-2_task-eyesopen_eeg.set,8016
sub-69,ses-2,eyesopen,1,SD,17,250.0,61,1250,3,61,1250,data\sub-69\ses-2\eeg\sub-69_ses-2_task-eyesopen_eeg.set,8017
sub-69,ses-2,eyesopen,1,SD,18,250.0,61,1250,3,61,1250,data\sub-69\ses-2\eeg\sub-69_ses-2_task-eyesopen_eeg.set,8018
sub-69,ses-2,eyesopen,1,SD,19,250.0,61,1250,3,61,1250,data\sub-69\ses-2\eeg\sub-69_ses-2_task-eyesopen_eeg.set,8019
sub-69,ses-2,eyesopen,1,SD,20,250.0,61,1250,3,61,1250,data\sub-69\ses-2\eeg\sub-69_ses-2_task-eyesopen_eeg.set,8020
sub-69,ses-2,eyesopen,1,SD,21,250.0,61,1250,3,61,1250,data\sub-69\ses-2\eeg\sub-69_ses-2_task-eyesopen_eeg.set,8021
sub-69,ses-2,eyesopen,1,SD,22,250.0,61,1250,3,61,1250,data\sub-69\ses-2\eeg\sub-69_ses-2_task-eyesopen_eeg.set,8022
sub-69,ses-2,eyesopen,1,SD,23,250.0,61,1250,3,61,1250,data\sub-69\ses-2\eeg\sub-69_ses-2_task-eyesopen_eeg.set,8023
sub-69,ses-2,eyesopen,1,SD,24,250.0,61,1250,3,61,1250,data\sub-69\ses-2\eeg\sub-69_ses-2_task-eyesopen_eeg.set,8024
sub-69,ses-2,eyesopen,1,SD,25,250.0,61,1250,3,61,1250,data\sub-69\ses-2\eeg\sub-69_ses-2_task-eyesopen_eeg.set,8025
sub-69,ses-2,eyesopen,1,SD,26,250.0,61,1250,3,61,1250,data\sub-69\ses-2\eeg\sub-69_ses-2_task-eyesopen_eeg.set,8026
sub-69,ses-2,eyesopen,1,SD,27,250.0,61,1250,3,61,1250,data\sub-69\ses-2\eeg\sub-69_ses-2_task-eyesopen_eeg.set,8027
sub-69,ses-2,eyesopen,1,SD,28,250.0,61,1250,3,61,1250,data\sub-69\ses-2\eeg\sub-69_ses-2_task-eyesopen_eeg.set,8028
sub-69,ses-2,eyesopen,1,SD,29,250.0,61,1250,3,61,1250,data\sub-69\ses-2\eeg\sub-69_ses-2_task-eyesopen_eeg.set,8029
sub-69,ses-2,eyesopen,1,SD,30,250.0,61,1250,3,61,1250,data\sub-69\ses-2\eeg\sub-69_ses-2_task-eyesopen_eeg.set,8030
sub-69,ses-2,eyesopen,1,SD,31,250.0,61,1250,3,61,1250,data\sub-69\ses-2\eeg\sub-69_ses-2_task-eyesopen_eeg.set,8031
sub-69,ses-2,eyesopen,1,SD,32,250.0,61,1250,3,61,1250,data\sub-69\ses-2\eeg\sub-69_ses-2_task-eyesopen_eeg.set,8032
sub-69,ses-2,eyesopen,1,SD,33,250.0,61,1250,3,61,1250,data\sub-69\ses-2\eeg\sub-69_ses-2_task-eyesopen_eeg.set,8033
sub-69,ses-2,eyesopen,1,SD,34,250.0,61,1250,3,61,1250,data\sub-69\ses-2\eeg\sub-69_ses-2_task-eyesopen_eeg.set,8034
sub-69,ses-2,eyesopen,1,SD,35,250.0,61,1250,3,61,1250,data\sub-69\ses-2\eeg\sub-69_ses-2_task-eyesopen_eeg.set,8035
sub-69,ses-2,eyesopen,1,SD,36,250.0,61,1250,3,61,1250,data\sub-69\ses-2\eeg\sub-69_ses-2_task-eyesopen_eeg.set,8036
sub-69,ses-2,eyesopen,1,SD,37,250.0,61,1250,3,61,1250,data\sub-69\ses-2\eeg\sub-69_ses-2_task-eyesopen_eeg.set,8037
sub-69,ses-2,eyesopen,1,SD,38,250.0,61,1250,3,61,1250,data\sub-69\ses-2\eeg\sub-69_ses-2_task-eyesopen_eeg.set,8038
sub-69,ses-2,eyesopen,1,SD,39,250.0,61,1250,3,61,1250,data\sub-69\ses-2\eeg\sub-69_ses-2_task-eyesopen_eeg.set,8039
sub-69,ses-2,eyesopen,1,SD,40,250.0,61,1250,3,61,1250,data\sub-69\ses-2\eeg\sub-69_ses-2_task-eyesopen_eeg.set,8040
sub-69,ses-2,eyesopen,1,SD,41,250.0,61,1250,3,61,1250,data\sub-69\ses-2\eeg\sub-69_ses-2_task-eyesopen_eeg.set,8041
sub-69,ses-2,eyesopen,1,SD,42,250.0,61,1250,3,61,1250,data\sub-69\ses-2\eeg\sub-69_ses-2_task-eyesopen_eeg.set,8042
sub-69,ses-2,eyesopen,1,SD,43,250.0,61,1250,3,61,1250,data\sub-69\ses-2\eeg\sub-69_ses-2_task-eyesopen_eeg.set,8043
sub-69,ses-2,eyesopen,1,SD,44,250.0,61,1250,3,61,1250,data\sub-69\ses-2\eeg\sub-69_ses-2_task-eyesopen_eeg.set,8044
sub-69,ses-2,eyesopen,1,SD,45,250.0,61,1250,3,61,1250,data\sub-69\ses-2\eeg\sub-69_ses-2_task-eyesopen_eeg.set,8045
sub-69,ses-2,eyesopen,1,SD,46,250.0,61,1250,3,61,1250,data\sub-69\ses-2\eeg\sub-69_ses-2_task-eyesopen_eeg.set,8046
sub-69,ses-2,eyesopen,1,SD,47,250.0,61,1250,3,61,1250,data\sub-69\ses-2\eeg\sub-69_ses-2_task-eyesopen_eeg.set,8047
sub-69,ses-2,eyesopen,1,SD,48,250.0,61,1250,3,61,1250,data\sub-69\ses-2\eeg\sub-69_ses-2_task-eyesopen_eeg.set,8048
sub-69,ses-2,eyesopen,1,SD,49,250.0,61,1250,3,61,1250,data\sub-69\ses-2\eeg\sub-69_ses-2_task-eyesopen_eeg.set,8049
sub-69,ses-2,eyesopen,1,SD,50,250.0,61,1250,3,61,1250,data\sub-69\ses-2\eeg\sub-69_ses-2_task-eyesopen_eeg.set,8050
sub-69,ses-2,eyesopen,1,SD,51,250.0,61,1250,3,61,1250,data\sub-69\ses-2\eeg\sub-69_ses-2_task-eyesopen_eeg.set,8051
sub-69,ses-2,eyesopen,1,SD,52,250.0,61,1250,3,61,1250,data\sub-69\ses-2\eeg\sub-69_ses-2_task-eyesopen_eeg.set,8052
sub-69,ses-2,eyesopen,1,SD,53,250.0,61,1250,3,61,1250,data\sub-69\ses-2\eeg\sub-69_ses-2_task-eyesopen_eeg.set,8053
sub-69,ses-2,eyesopen,1,SD,54,250.0,61,1250,3,61,1250,data\sub-69\ses-2\eeg\sub-69_ses-2_task-eyesopen_eeg.set,8054
sub-69,ses-2,eyesopen,1,SD,55,250.0,61,1250,3,61,1250,data\sub-69\ses-2\eeg\sub-69_ses-2_task-eyesopen_eeg.set,8055
sub-69,ses-2,eyesopen,1,SD,56,250.0,61,1250,3,61,1250,data\sub-69\ses-2\eeg\sub-69_ses-2_task-eyesopen_eeg.set,8056
sub-69,ses-2,eyesopen,1,SD,57,250.0,61,1250,3,61,1250,data\sub-69\ses-2\eeg\sub-69_ses-2_task-eyesopen_eeg.set,8057
sub-69,ses-2,eyesopen,1,SD,58,250.0,61,1250,3,61,1250,data\sub-69\ses-2\eeg\sub-69_ses-2_task-eyesopen_eeg.set,8058
sub-69,ses-2,eyesopen,1,SD,59,250.0,61,1250,3,61,1250,data\sub-69\ses-2\eeg\sub-69_ses-2_task-eyesopen_eeg.set,8059
sub-70,ses-1,eyesopen,0,NS,0,250.0,61,1250,3,61,1250,data\sub-70\ses-1\eeg\sub-70_ses-1_task-eyesopen_eeg.set,8060
sub-70,ses-1,eyesopen,0,NS,1,250.0,61,1250,3,61,1250,data\sub-70\ses-1\eeg\sub-70_ses-1_task-eyesopen_eeg.set,8061
sub-70,ses-1,eyesopen,0,NS,2,250.0,61,1250,3,61,1250,data\sub-70\ses-1\eeg\sub-70_ses-1_task-eyesopen_eeg.set,8062
sub-70,ses-1,eyesopen,0,NS,3,250.0,61,1250,3,61,1250,data\sub-70\ses-1\eeg\sub-70_ses-1_task-eyesopen_eeg.set,8063
sub-70,ses-1,eyesopen,0,NS,4,250.0,61,1250,3,61,1250,data\sub-70\ses-1\eeg\sub-70_ses-1_task-eyesopen_eeg.set,8064
sub-70,ses-1,eyesopen,0,NS,5,250.0,61,1250,3,61,1250,data\sub-70\ses-1\eeg\sub-70_ses-1_task-eyesopen_eeg.set,8065
sub-70,ses-1,eyesopen,0,NS,6,250.0,61,1250,3,61,1250,data\sub-70\ses-1\eeg\sub-70_ses-1_task-eyesopen_eeg.set,8066
sub-70,ses-1,eyesopen,0,NS,7,250.0,61,1250,3,61,1250,data\sub-70\ses-1\eeg\sub-70_ses-1_task-eyesopen_eeg.set,8067
sub-70,ses-1,eyesopen,0,NS,8,250.0,61,1250,3,61,1250,data\sub-70\ses-1\eeg\sub-70_ses-1_task-eyesopen_eeg.set,8068
sub-70,ses-1,eyesopen,0,NS,9,250.0,61,1250,3,61,1250,data\sub-70\ses-1\eeg\sub-70_ses-1_task-eyesopen_eeg.set,8069
sub-70,ses-1,eyesopen,0,NS,10,250.0,61,1250,3,61,1250,data\sub-70\ses-1\eeg\sub-70_ses-1_task-eyesopen_eeg.set,8070
sub-70,ses-1,eyesopen,0,NS,11,250.0,61,1250,3,61,1250,data\sub-70\ses-1\eeg\sub-70_ses-1_task-eyesopen_eeg.set,8071
sub-70,ses-1,eyesopen,0,NS,12,250.0,61,1250,3,61,1250,data\sub-70\ses-1\eeg\sub-70_ses-1_task-eyesopen_eeg.set,8072
sub-70,ses-1,eyesopen,0,NS,13,250.0,61,1250,3,61,1250,data\sub-70\ses-1\eeg\sub-70_ses-1_task-eyesopen_eeg.set,8073
sub-70,ses-1,eyesopen,0,NS,14,250.0,61,1250,3,61,1250,data\sub-70\ses-1\eeg\sub-70_ses-1_task-eyesopen_eeg.set,8074
sub-70,ses-1,eyesopen,0,NS,15,250.0,61,1250,3,61,1250,data\sub-70\ses-1\eeg\sub-70_ses-1_task-eyesopen_eeg.set,8075
sub-70,ses-1,eyesopen,0,NS,16,250.0,61,1250,3,61,1250,data\sub-70\ses-1\eeg\sub-70_ses-1_task-eyesopen_eeg.set,8076
sub-70,ses-1,eyesopen,0,NS,17,250.0,61,1250,3,61,1250,data\sub-70\ses-1\eeg\sub-70_ses-1_task-eyesopen_eeg.set,8077
sub-70,ses-1,eyesopen,0,NS,18,250.0,61,1250,3,61,1250,data\sub-70\ses-1\eeg\sub-70_ses-1_task-eyesopen_eeg.set,8078
sub-70,ses-1,eyesopen,0,NS,19,250.0,61,1250,3,61,1250,data\sub-70\ses-1\eeg\sub-70_ses-1_task-eyesopen_eeg.set,8079
sub-70,ses-1,eyesopen,0,NS,20,250.0,61,1250,3,61,1250,data\sub-70\ses-1\eeg\sub-70_ses-1_task-eyesopen_eeg.set,8080
sub-70,ses-1,eyesopen,0,NS,21,250.0,61,1250,3,61,1250,data\sub-70\ses-1\eeg\sub-70_ses-1_task-eyesopen_eeg.set,8081
sub-70,ses-1,eyesopen,0,NS,22,250.0,61,1250,3,61,1250,data\sub-70\ses-1\eeg\sub-70_ses-1_task-eyesopen_eeg.set,8082
sub-70,ses-1,eyesopen,0,NS,23,250.0,61,1250,3,61,1250,data\sub-70\ses-1\eeg\sub-70_ses-1_task-eyesopen_eeg.set,8083
sub-70,ses-1,eyesopen,0,NS,24,250.0,61,1250,3,61,1250,data\sub-70\ses-1\eeg\sub-70_ses-1_task-eyesopen_eeg.set,8084
sub-70,ses-1,eyesopen,0,NS,25,250.0,61,1250,3,61,1250,data\sub-70\ses-1\eeg\sub-70_ses-1_task-eyesopen_eeg.set,8085
sub-70,ses-1,eyesopen,0,NS,26,250.0,61,1250,3,61,1250,data\sub-70\ses-1\eeg\sub-70_ses-1_task-eyesopen_eeg.set,8086
sub-70,ses-1,eyesopen,0,NS,27,250.0,61,1250,3,61,1250,data\sub-70\ses-1\eeg\sub-70_ses-1_task-eyesopen_eeg.set,8087
sub-70,ses-1,eyesopen,0,NS,28,250.0,61,1250,3,61,1250,data\sub-70\ses-1\eeg\sub-70_ses-1_task-eyesopen_eeg.set,8088
sub-70,ses-1,eyesopen,0,NS,29,250.0,61,1250,3,61,1250,data\sub-70\ses-1\eeg\sub-70_ses-1_task-eyesopen_eeg.set,8089
sub-70,ses-1,eyesopen,0,NS,30,250.0,61,1250,3,61,1250,data\sub-70\ses-1\eeg\sub-70_ses-1_task-eyesopen_eeg.set,8090
sub-70,ses-1,eyesopen,0,NS,31,250.0,61,1250,3,61,1250,data\sub-70\ses-1\eeg\sub-70_ses-1_task-eyesopen_eeg.set,8091
sub-70,ses-1,eyesopen,0,NS,32,250.0,61,1250,3,61,1250,data\sub-70\ses-1\eeg\sub-70_ses-1_task-eyesopen_eeg.set,8092
sub-70,ses-1,eyesopen,0,NS,33,250.0,61,1250,3,61,1250,data\sub-70\ses-1\eeg\sub-70_ses-1_task-eyesopen_eeg.set,8093
sub-70,ses-1,eyesopen,0,NS,34,250.0,61,1250,3,61,1250,data\sub-70\ses-1\eeg\sub-70_ses-1_task-eyesopen_eeg.set,8094
sub-70,ses-1,eyesopen,0,NS,35,250.0,61,1250,3,61,1250,data\sub-70\ses-1\eeg\sub-70_ses-1_task-eyesopen_eeg.set,8095
sub-70,ses-1,eyesopen,0,NS,36,250.0,61,1250,3,61,1250,data\sub-70\ses-1\eeg\sub-70_ses-1_task-eyesopen_eeg.set,8096
sub-70,ses-1,eyesopen,0,NS,37,250.0,61,1250,3,61,1250,data\sub-70\ses-1\eeg\sub-70_ses-1_task-eyesopen_eeg.set,8097
sub-70,ses-1,eyesopen,0,NS,38,250.0,61,1250,3,61,1250,data\sub-70\ses-1\eeg\sub-70_ses-1_task-eyesopen_eeg.set,8098
sub-70,ses-1,eyesopen,0,NS,39,250.0,61,1250,3,61,1250,data\sub-70\ses-1\eeg\sub-70_ses-1_task-eyesopen_eeg.set,8099
sub-70,ses-1,eyesopen,0,NS,40,250.0,61,1250,3,61,1250,data\sub-70\ses-1\eeg\sub-70_ses-1_task-eyesopen_eeg.set,8100
sub-70,ses-1,eyesopen,0,NS,41,250.0,61,1250,3,61,1250,data\sub-70\ses-1\eeg\sub-70_ses-1_task-eyesopen_eeg.set,8101
sub-70,ses-1,eyesopen,0,NS,42,250.0,61,1250,3,61,1250,data\sub-70\ses-1\eeg\sub-70_ses-1_task-eyesopen_eeg.set,8102
sub-70,ses-1,eyesopen,0,NS,43,250.0,61,1250,3,61,1250,data\sub-70\ses-1\eeg\sub-70_ses-1_task-eyesopen_eeg.set,8103
sub-70,ses-1,eyesopen,0,NS,44,250.0,61,1250,3,61,1250,data\sub-70\ses-1\eeg\sub-70_ses-1_task-eyesopen_eeg.set,8104
sub-70,ses-1,eyesopen,0,NS,45,250.0,61,1250,3,61,1250,data\sub-70\ses-1\eeg\sub-70_ses-1_task-eyesopen_eeg.set,8105
sub-70,ses-1,eyesopen,0,NS,46,250.0,61,1250,3,61,1250,data\sub-70\ses-1\eeg\sub-70_ses-1_task-eyesopen_eeg.set,8106
sub-70,ses-1,eyesopen,0,NS,47,250.0,61,1250,3,61,1250,data\sub-70\ses-1\eeg\sub-70_ses-1_task-eyesopen_eeg.set,8107
sub-70,ses-1,eyesopen,0,NS,48,250.0,61,1250,3,61,1250,data\sub-70\ses-1\eeg\sub-70_ses-1_task-eyesopen_eeg.set,8108
sub-70,ses-1,eyesopen,0,NS,49,250.0,61,1250,3,61,1250,data\sub-70\ses-1\eeg\sub-70_ses-1_task-eyesopen_eeg.set,8109
sub-70,ses-1,eyesopen,0,NS,50,250.0,61,1250,3,61,1250,data\sub-70\ses-1\eeg\sub-70_ses-1_task-eyesopen_eeg.set,8110
sub-70,ses-1,eyesopen,0,NS,51,250.0,61,1250,3,61,1250,data\sub-70\ses-1\eeg\sub-70_ses-1_task-eyesopen_eeg.set,8111
sub-70,ses-1,eyesopen,0,NS,52,250.0,61,1250,3,61,1250,data\sub-70\ses-1\eeg\sub-70_ses-1_task-eyesopen_eeg.set,8112
sub-70,ses-1,eyesopen,0,NS,53,250.0,61,1250,3,61,1250,data\sub-70\ses-1\eeg\sub-70_ses-1_task-eyesopen_eeg.set,8113
sub-70,ses-1,eyesopen,0,NS,54,250.0,61,1250,3,61,1250,data\sub-70\ses-1\eeg\sub-70_ses-1_task-eyesopen_eeg.set,8114
sub-70,ses-1,eyesopen,0,NS,55,250.0,61,1250,3,61,1250,data\sub-70\ses-1\eeg\sub-70_ses-1_task-eyesopen_eeg.set,8115
sub-70,ses-1,eyesopen,0,NS,56,250.0,61,1250,3,61,1250,data\sub-70\ses-1\eeg\sub-70_ses-1_task-eyesopen_eeg.set,8116
sub-70,ses-1,eyesopen,0,NS,57,250.0,61,1250,3,61,1250,data\sub-70\ses-1\eeg\sub-70_ses-1_task-eyesopen_eeg.set,8117
sub-70,ses-1,eyesopen,0,NS,58,250.0,61,1250,3,61,1250,data\sub-70\ses-1\eeg\sub-70_ses-1_task-eyesopen_eeg.set,8118
sub-70,ses-1,eyesopen,0,NS,59,250.0,61,1250,3,61,1250,data\sub-70\ses-1\eeg\sub-70_ses-1_task-eyesopen_eeg.set,8119
sub-70,ses-2,eyesopen,1,SD,0,250.0,61,1250,3,61,1250,data\sub-70\ses-2\eeg\sub-70_ses-2_task-eyesopen_eeg.set,8120
sub-70,ses-2,eyesopen,1,SD,1,250.0,61,1250,3,61,1250,data\sub-70\ses-2\eeg\sub-70_ses-2_task-eyesopen_eeg.set,8121
sub-70,ses-2,eyesopen,1,SD,2,250.0,61,1250,3,61,1250,data\sub-70\ses-2\eeg\sub-70_ses-2_task-eyesopen_eeg.set,8122
sub-70,ses-2,eyesopen,1,SD,3,250.0,61,1250,3,61,1250,data\sub-70\ses-2\eeg\sub-70_ses-2_task-eyesopen_eeg.set,8123
sub-70,ses-2,eyesopen,1,SD,4,250.0,61,1250,3,61,1250,data\sub-70\ses-2\eeg\sub-70_ses-2_task-eyesopen_eeg.set,8124
sub-70,ses-2,eyesopen,1,SD,5,250.0,61,1250,3,61,1250,data\sub-70\ses-2\eeg\sub-70_ses-2_task-eyesopen_eeg.set,8125
sub-70,ses-2,eyesopen,1,SD,6,250.0,61,1250,3,61,1250,data\sub-70\ses-2\eeg\sub-70_ses-2_task-eyesopen_eeg.set,8126
sub-70,ses-2,eyesopen,1,SD,7,250.0,61,1250,3,61,1250,data\sub-70\ses-2\eeg\sub-70_ses-2_task-eyesopen_eeg.set,8127
sub-70,ses-2,eyesopen,1,SD,8,250.0,61,1250,3,61,1250,data\sub-70\ses-2\eeg\sub-70_ses-2_task-eyesopen_eeg.set,8128
sub-70,ses-2,eyesopen,1,SD,9,250.0,61,1250,3,61,1250,data\sub-70\ses-2\eeg\sub-70_ses-2_task-eyesopen_eeg.set,8129
sub-70,ses-2,eyesopen,1,SD,10,250.0,61,1250,3,61,1250,data\sub-70\ses-2\eeg\sub-70_ses-2_task-eyesopen_eeg.set,8130
sub-70,ses-2,eyesopen,1,SD,11,250.0,61,1250,3,61,1250,data\sub-70\ses-2\eeg\sub-70_ses-2_task-eyesopen_eeg.set,8131
sub-70,ses-2,eyesopen,1,SD,12,250.0,61,1250,3,61,1250,data\sub-70\ses-2\eeg\sub-70_ses-2_task-eyesopen_eeg.set,8132
sub-70,ses-2,eyesopen,1,SD,13,250.0,61,1250,3,61,1250,data\sub-70\ses-2\eeg\sub-70_ses-2_task-eyesopen_eeg.set,8133
sub-70,ses-2,eyesopen,1,SD,14,250.0,61,1250,3,61,1250,data\sub-70\ses-2\eeg\sub-70_ses-2_task-eyesopen_eeg.set,8134
sub-70,ses-2,eyesopen,1,SD,15,250.0,61,1250,3,61,1250,data\sub-70\ses-2\eeg\sub-70_ses-2_task-eyesopen_eeg.set,8135
sub-70,ses-2,eyesopen,1,SD,16,250.0,61,1250,3,61,1250,data\sub-70\ses-2\eeg\sub-70_ses-2_task-eyesopen_eeg.set,8136
sub-70,ses-2,eyesopen,1,SD,17,250.0,61,1250,3,61,1250,data\sub-70\ses-2\eeg\sub-70_ses-2_task-eyesopen_eeg.set,8137
sub-70,ses-2,eyesopen,1,SD,18,250.0,61,1250,3,61,1250,data\sub-70\ses-2\eeg\sub-70_ses-2_task-eyesopen_eeg.set,8138
sub-70,ses-2,eyesopen,1,SD,19,250.0,61,1250,3,61,1250,data\sub-70\ses-2\eeg\sub-70_ses-2_task-eyesopen_eeg.set,8139
sub-70,ses-2,eyesopen,1,SD,20,250.0,61,1250,3,61,1250,data\sub-70\ses-2\eeg\sub-70_ses-2_task-eyesopen_eeg.set,8140
sub-70,ses-2,eyesopen,1,SD,21,250.0,61,1250,3,61,1250,data\sub-70\ses-2\eeg\sub-70_ses-2_task-eyesopen_eeg.set,8141
sub-70,ses-2,eyesopen,1,SD,22,250.0,61,1250,3,61,1250,data\sub-70\ses-2\eeg\sub-70_ses-2_task-eyesopen_eeg.set,8142
sub-70,ses-2,eyesopen,1,SD,23,250.0,61,1250,3,61,1250,data\sub-70\ses-2\eeg\sub-70_ses-2_task-eyesopen_eeg.set,8143
sub-70,ses-2,eyesopen,1,SD,24,250.0,61,1250,3,61,1250,data\sub-70\ses-2\eeg\sub-70_ses-2_task-eyesopen_eeg.set,8144
sub-70,ses-2,eyesopen,1,SD,25,250.0,61,1250,3,61,1250,data\sub-70\ses-2\eeg\sub-70_ses-2_task-eyesopen_eeg.set,8145
sub-70,ses-2,eyesopen,1,SD,26,250.0,61,1250,3,61,1250,data\sub-70\ses-2\eeg\sub-70_ses-2_task-eyesopen_eeg.set,8146
sub-70,ses-2,eyesopen,1,SD,27,250.0,61,1250,3,61,1250,data\sub-70\ses-2\eeg\sub-70_ses-2_task-eyesopen_eeg.set,8147
sub-70,ses-2,eyesopen,1,SD,28,250.0,61,1250,3,61,1250,data\sub-70\ses-2\eeg\sub-70_ses-2_task-eyesopen_eeg.set,8148
sub-70,ses-2,eyesopen,1,SD,29,250.0,61,1250,3,61,1250,data\sub-70\ses-2\eeg\sub-70_ses-2_task-eyesopen_eeg.set,8149
sub-70,ses-2,eyesopen,1,SD,30,250.0,61,1250,3,61,1250,data\sub-70\ses-2\eeg\sub-70_ses-2_task-eyesopen_eeg.set,8150
sub-70,ses-2,eyesopen,1,SD,31,250.0,61,1250,3,61,1250,data\sub-70\ses-2\eeg\sub-70_ses-2_task-eyesopen_eeg.set,8151
sub-70,ses-2,eyesopen,1,SD,32,250.0,61,1250,3,61,1250,data\sub-70\ses-2\eeg\sub-70_ses-2_task-eyesopen_eeg.set,8152
sub-70,ses-2,eyesopen,1,SD,33,250.0,61,1250,3,61,1250,data\sub-70\ses-2\eeg\sub-70_ses-2_task-eyesopen_eeg.set,8153
sub-70,ses-2,eyesopen,1,SD,34,250.0,61,1250,3,61,1250,data\sub-70\ses-2\eeg\sub-70_ses-2_task-eyesopen_eeg.set,8154
sub-70,ses-2,eyesopen,1,SD,35,250.0,61,1250,3,61,1250,data\sub-70\ses-2\eeg\sub-70_ses-2_task-eyesopen_eeg.set,8155
sub-70,ses-2,eyesopen,1,SD,36,250.0,61,1250,3,61,1250,data\sub-70\ses-2\eeg\sub-70_ses-2_task-eyesopen_eeg.set,8156
sub-70,ses-2,eyesopen,1,SD,37,250.0,61,1250,3,61,1250,data\sub-70\ses-2\eeg\sub-70_ses-2_task-eyesopen_eeg.set,8157
sub-70,ses-2,eyesopen,1,SD,38,250.0,61,1250,3,61,1250,data\sub-70\ses-2\eeg\sub-70_ses-2_task-eyesopen_eeg.set,8158
sub-70,ses-2,eyesopen,1,SD,39,250.0,61,1250,3,61,1250,data\sub-70\ses-2\eeg\sub-70_ses-2_task-eyesopen_eeg.set,8159
sub-70,ses-2,eyesopen,1,SD,40,250.0,61,1250,3,61,1250,data\sub-70\ses-2\eeg\sub-70_ses-2_task-eyesopen_eeg.set,8160
sub-70,ses-2,eyesopen,1,SD,41,250.0,61,1250,3,61,1250,data\sub-70\ses-2\eeg\sub-70_ses-2_task-eyesopen_eeg.set,8161
sub-70,ses-2,eyesopen,1,SD,42,250.0,61,1250,3,61,1250,data\sub-70\ses-2\eeg\sub-70_ses-2_task-eyesopen_eeg.set,8162
sub-70,ses-2,eyesopen,1,SD,43,250.0,61,1250,3,61,1250,data\sub-70\ses-2\eeg\sub-70_ses-2_task-eyesopen_eeg.set,8163
sub-70,ses-2,eyesopen,1,SD,44,250.0,61,1250,3,61,1250,data\sub-70\ses-2\eeg\sub-70_ses-2_task-eyesopen_eeg.set,8164
sub-70,ses-2,eyesopen,1,SD,45,250.0,61,1250,3,61,1250,data\sub-70\ses-2\eeg\sub-70_ses-2_task-eyesopen_eeg.set,8165
sub-70,ses-2,eyesopen,1,SD,46,250.0,61,1250,3,61,1250,data\sub-70\ses-2\eeg\sub-70_ses-2_task-eyesopen_eeg.set,8166
sub-70,ses-2,eyesopen,1,SD,47,250.0,61,1250,3,61,1250,data\sub-70\ses-2\eeg\sub-70_ses-2_task-eyesopen_eeg.set,8167
sub-70,ses-2,eyesopen,1,SD,48,250.0,61,1250,3,61,1250,data\sub-70\ses-2\eeg\sub-70_ses-2_task-eyesopen_eeg.set,8168
sub-70,ses-2,eyesopen,1,SD,49,250.0,61,1250,3,61,1250,data\sub-70\ses-2\eeg\sub-70_ses-2_task-eyesopen_eeg.set,8169
sub-70,ses-2,eyesopen,1,SD,50,250.0,61,1250,3,61,1250,data\sub-70\ses-2\eeg\sub-70_ses-2_task-eyesopen_eeg.set,8170
sub-70,ses-2,eyesopen,1,SD,51,250.0,61,1250,3,61,1250,data\sub-70\ses-2\eeg\sub-70_ses-2_task-eyesopen_eeg.set,8171
sub-70,ses-2,eyesopen,1,SD,52,250.0,61,1250,3,61,1250,data\sub-70\ses-2\eeg\sub-70_ses-2_task-eyesopen_eeg.set,8172
sub-70,ses-2,eyesopen,1,SD,53,250.0,61,1250,3,61,1250,data\sub-70\ses-2\eeg\sub-70_ses-2_task-eyesopen_eeg.set,8173
sub-70,ses-2,eyesopen,1,SD,54,250.0,61,1250,3,61,1250,data\sub-70\ses-2\eeg\sub-70_ses-2_task-eyesopen_eeg.set,8174
sub-70,ses-2,eyesopen,1,SD,55,250.0,61,1250,3,61,1250,data\sub-70\ses-2\eeg\sub-70_ses-2_task-eyesopen_eeg.set,8175
sub-70,ses-2,eyesopen,1,SD,56,250.0,61,1250,3,61,1250,data\sub-70\ses-2\eeg\sub-70_ses-2_task-eyesopen_eeg.set,8176
sub-70,ses-2,eyesopen,1,SD,57,250.0,61,1250,3,61,1250,data\sub-70\ses-2\eeg\sub-70_ses-2_task-eyesopen_eeg.set,8177
sub-70,ses-2,eyesopen,1,SD,58,250.0,61,1250,3,61,1250,data\sub-70\ses-2\eeg\sub-70_ses-2_task-eyesopen_eeg.set,8178
sub-70,ses-2,eyesopen,1,SD,59,250.0,61,1250,3,61,1250,data\sub-70\ses-2\eeg\sub-70_ses-2_task-eyesopen_eeg.set,8179
sub-71,ses-1,eyesopen,0,NS,0,250.0,61,1250,3,61,1250,data\sub-71\ses-1\eeg\sub-71_ses-1_task-eyesopen_eeg.set,8180
sub-71,ses-1,eyesopen,0,NS,1,250.0,61,1250,3,61,1250,data\sub-71\ses-1\eeg\sub-71_ses-1_task-eyesopen_eeg.set,8181
sub-71,ses-1,eyesopen,0,NS,2,250.0,61,1250,3,61,1250,data\sub-71\ses-1\eeg\sub-71_ses-1_task-eyesopen_eeg.set,8182
sub-71,ses-1,eyesopen,0,NS,3,250.0,61,1250,3,61,1250,data\sub-71\ses-1\eeg\sub-71_ses-1_task-eyesopen_eeg.set,8183
sub-71,ses-1,eyesopen,0,NS,4,250.0,61,1250,3,61,1250,data\sub-71\ses-1\eeg\sub-71_ses-1_task-eyesopen_eeg.set,8184
sub-71,ses-1,eyesopen,0,NS,5,250.0,61,1250,3,61,1250,data\sub-71\ses-1\eeg\sub-71_ses-1_task-eyesopen_eeg.set,8185
sub-71,ses-1,eyesopen,0,NS,6,250.0,61,1250,3,61,1250,data\sub-71\ses-1\eeg\sub-71_ses-1_task-eyesopen_eeg.set,8186
sub-71,ses-1,eyesopen,0,NS,7,250.0,61,1250,3,61,1250,data\sub-71\ses-1\eeg\sub-71_ses-1_task-eyesopen_eeg.set,8187
sub-71,ses-1,eyesopen,0,NS,8,250.0,61,1250,3,61,1250,data\sub-71\ses-1\eeg\sub-71_ses-1_task-eyesopen_eeg.set,8188
sub-71,ses-1,eyesopen,0,NS,9,250.0,61,1250,3,61,1250,data\sub-71\ses-1\eeg\sub-71_ses-1_task-eyesopen_eeg.set,8189
sub-71,ses-1,eyesopen,0,NS,10,250.0,61,1250,3,61,1250,data\sub-71\ses-1\eeg\sub-71_ses-1_task-eyesopen_eeg.set,8190
sub-71,ses-1,eyesopen,0,NS,11,250.0,61,1250,3,61,1250,data\sub-71\ses-1\eeg\sub-71_ses-1_task-eyesopen_eeg.set,8191
sub-71,ses-1,eyesopen,0,NS,12,250.0,61,1250,3,61,1250,data\sub-71\ses-1\eeg\sub-71_ses-1_task-eyesopen_eeg.set,8192
sub-71,ses-1,eyesopen,0,NS,13,250.0,61,1250,3,61,1250,data\sub-71\ses-1\eeg\sub-71_ses-1_task-eyesopen_eeg.set,8193
sub-71,ses-1,eyesopen,0,NS,14,250.0,61,1250,3,61,1250,data\sub-71\ses-1\eeg\sub-71_ses-1_task-eyesopen_eeg.set,8194
sub-71,ses-1,eyesopen,0,NS,15,250.0,61,1250,3,61,1250,data\sub-71\ses-1\eeg\sub-71_ses-1_task-eyesopen_eeg.set,8195
sub-71,ses-1,eyesopen,0,NS,16,250.0,61,1250,3,61,1250,data\sub-71\ses-1\eeg\sub-71_ses-1_task-eyesopen_eeg.set,8196
sub-71,ses-1,eyesopen,0,NS,17,250.0,61,1250,3,61,1250,data\sub-71\ses-1\eeg\sub-71_ses-1_task-eyesopen_eeg.set,8197
sub-71,ses-1,eyesopen,0,NS,18,250.0,61,1250,3,61,1250,data\sub-71\ses-1\eeg\sub-71_ses-1_task-eyesopen_eeg.set,8198
sub-71,ses-1,eyesopen,0,NS,19,250.0,61,1250,3,61,1250,data\sub-71\ses-1\eeg\sub-71_ses-1_task-eyesopen_eeg.set,8199
sub-71,ses-1,eyesopen,0,NS,20,250.0,61,1250,3,61,1250,data\sub-71\ses-1\eeg\sub-71_ses-1_task-eyesopen_eeg.set,8200
sub-71,ses-1,eyesopen,0,NS,21,250.0,61,1250,3,61,1250,data\sub-71\ses-1\eeg\sub-71_ses-1_task-eyesopen_eeg.set,8201
sub-71,ses-1,eyesopen,0,NS,22,250.0,61,1250,3,61,1250,data\sub-71\ses-1\eeg\sub-71_ses-1_task-eyesopen_eeg.set,8202
sub-71,ses-1,eyesopen,0,NS,23,250.0,61,1250,3,61,1250,data\sub-71\ses-1\eeg\sub-71_ses-1_task-eyesopen_eeg.set,8203
sub-71,ses-1,eyesopen,0,NS,24,250.0,61,1250,3,61,1250,data\sub-71\ses-1\eeg\sub-71_ses-1_task-eyesopen_eeg.set,8204
sub-71,ses-1,eyesopen,0,NS,25,250.0,61,1250,3,61,1250,data\sub-71\ses-1\eeg\sub-71_ses-1_task-eyesopen_eeg.set,8205
sub-71,ses-1,eyesopen,0,NS,26,250.0,61,1250,3,61,1250,data\sub-71\ses-1\eeg\sub-71_ses-1_task-eyesopen_eeg.set,8206
sub-71,ses-1,eyesopen,0,NS,27,250.0,61,1250,3,61,1250,data\sub-71\ses-1\eeg\sub-71_ses-1_task-eyesopen_eeg.set,8207
sub-71,ses-1,eyesopen,0,NS,28,250.0,61,1250,3,61,1250,data\sub-71\ses-1\eeg\sub-71_ses-1_task-eyesopen_eeg.set,8208
sub-71,ses-1,eyesopen,0,NS,29,250.0,61,1250,3,61,1250,data\sub-71\ses-1\eeg\sub-71_ses-1_task-eyesopen_eeg.set,8209
sub-71,ses-1,eyesopen,0,NS,30,250.0,61,1250,3,61,1250,data\sub-71\ses-1\eeg\sub-71_ses-1_task-eyesopen_eeg.set,8210
sub-71,ses-1,eyesopen,0,NS,31,250.0,61,1250,3,61,1250,data\sub-71\ses-1\eeg\sub-71_ses-1_task-eyesopen_eeg.set,8211
sub-71,ses-1,eyesopen,0,NS,32,250.0,61,1250,3,61,1250,data\sub-71\ses-1\eeg\sub-71_ses-1_task-eyesopen_eeg.set,8212
sub-71,ses-1,eyesopen,0,NS,33,250.0,61,1250,3,61,1250,data\sub-71\ses-1\eeg\sub-71_ses-1_task-eyesopen_eeg.set,8213
sub-71,ses-1,eyesopen,0,NS,34,250.0,61,1250,3,61,1250,data\sub-71\ses-1\eeg\sub-71_ses-1_task-eyesopen_eeg.set,8214
sub-71,ses-1,eyesopen,0,NS,35,250.0,61,1250,3,61,1250,data\sub-71\ses-1\eeg\sub-71_ses-1_task-eyesopen_eeg.set,8215
sub-71,ses-1,eyesopen,0,NS,36,250.0,61,1250,3,61,1250,data\sub-71\ses-1\eeg\sub-71_ses-1_task-eyesopen_eeg.set,8216
sub-71,ses-1,eyesopen,0,NS,37,250.0,61,1250,3,61,1250,data\sub-71\ses-1\eeg\sub-71_ses-1_task-eyesopen_eeg.set,8217
sub-71,ses-1,eyesopen,0,NS,38,250.0,61,1250,3,61,1250,data\sub-71\ses-1\eeg\sub-71_ses-1_task-eyesopen_eeg.set,8218
sub-71,ses-1,eyesopen,0,NS,39,250.0,61,1250,3,61,1250,data\sub-71\ses-1\eeg\sub-71_ses-1_task-eyesopen_eeg.set,8219
sub-71,ses-1,eyesopen,0,NS,40,250.0,61,1250,3,61,1250,data\sub-71\ses-1\eeg\sub-71_ses-1_task-eyesopen_eeg.set,8220
sub-71,ses-1,eyesopen,0,NS,41,250.0,61,1250,3,61,1250,data\sub-71\ses-1\eeg\sub-71_ses-1_task-eyesopen_eeg.set,8221
sub-71,ses-1,eyesopen,0,NS,42,250.0,61,1250,3,61,1250,data\sub-71\ses-1\eeg\sub-71_ses-1_task-eyesopen_eeg.set,8222
sub-71,ses-1,eyesopen,0,NS,43,250.0,61,1250,3,61,1250,data\sub-71\ses-1\eeg\sub-71_ses-1_task-eyesopen_eeg.set,8223
sub-71,ses-1,eyesopen,0,NS,44,250.0,61,1250,3,61,1250,data\sub-71\ses-1\eeg\sub-71_ses-1_task-eyesopen_eeg.set,8224
sub-71,ses-1,eyesopen,0,NS,45,250.0,61,1250,3,61,1250,data\sub-71\ses-1\eeg\sub-71_ses-1_task-eyesopen_eeg.set,8225
sub-71,ses-1,eyesopen,0,NS,46,250.0,61,1250,3,61,1250,data\sub-71\ses-1\eeg\sub-71_ses-1_task-eyesopen_eeg.set,8226
sub-71,ses-1,eyesopen,0,NS,47,250.0,61,1250,3,61,1250,data\sub-71\ses-1\eeg\sub-71_ses-1_task-eyesopen_eeg.set,8227
sub-71,ses-1,eyesopen,0,NS,48,250.0,61,1250,3,61,1250,data\sub-71\ses-1\eeg\sub-71_ses-1_task-eyesopen_eeg.set,8228
sub-71,ses-1,eyesopen,0,NS,49,250.0,61,1250,3,61,1250,data\sub-71\ses-1\eeg\sub-71_ses-1_task-eyesopen_eeg.set,8229
sub-71,ses-1,eyesopen,0,NS,50,250.0,61,1250,3,61,1250,data\sub-71\ses-1\eeg\sub-71_ses-1_task-eyesopen_eeg.set,8230
sub-71,ses-1,eyesopen,0,NS,51,250.0,61,1250,3,61,1250,data\sub-71\ses-1\eeg\sub-71_ses-1_task-eyesopen_eeg.set,8231
sub-71,ses-1,eyesopen,0,NS,52,250.0,61,1250,3,61,1250,data\sub-71\ses-1\eeg\sub-71_ses-1_task-eyesopen_eeg.set,8232
sub-71,ses-1,eyesopen,0,NS,53,250.0,61,1250,3,61,1250,data\sub-71\ses-1\eeg\sub-71_ses-1_task-eyesopen_eeg.set,8233
sub-71,ses-1,eyesopen,0,NS,54,250.0,61,1250,3,61,1250,data\sub-71\ses-1\eeg\sub-71_ses-1_task-eyesopen_eeg.set,8234
sub-71,ses-1,eyesopen,0,NS,55,250.0,61,1250,3,61,1250,data\sub-71\ses-1\eeg\sub-71_ses-1_task-eyesopen_eeg.set,8235
sub-71,ses-1,eyesopen,0,NS,56,250.0,61,1250,3,61,1250,data\sub-71\ses-1\eeg\sub-71_ses-1_task-eyesopen_eeg.set,8236
sub-71,ses-1,eyesopen,0,NS,57,250.0,61,1250,3,61,1250,data\sub-71\ses-1\eeg\sub-71_ses-1_task-eyesopen_eeg.set,8237
sub-71,ses-1,eyesopen,0,NS,58,250.0,61,1250,3,61,1250,data\sub-71\ses-1\eeg\sub-71_ses-1_task-eyesopen_eeg.set,8238
sub-71,ses-1,eyesopen,0,NS,59,250.0,61,1250,3,61,1250,data\sub-71\ses-1\eeg\sub-71_ses-1_task-eyesopen_eeg.set,8239
sub-71,ses-2,eyesopen,1,SD,0,250.0,61,1250,3,61,1250,data\sub-71\ses-2\eeg\sub-71_ses-2_task-eyesopen_eeg.set,8240
sub-71,ses-2,eyesopen,1,SD,1,250.0,61,1250,3,61,1250,data\sub-71\ses-2\eeg\sub-71_ses-2_task-eyesopen_eeg.set,8241
sub-71,ses-2,eyesopen,1,SD,2,250.0,61,1250,3,61,1250,data\sub-71\ses-2\eeg\sub-71_ses-2_task-eyesopen_eeg.set,8242
sub-71,ses-2,eyesopen,1,SD,3,250.0,61,1250,3,61,1250,data\sub-71\ses-2\eeg\sub-71_ses-2_task-eyesopen_eeg.set,8243
sub-71,ses-2,eyesopen,1,SD,4,250.0,61,1250,3,61,1250,data\sub-71\ses-2\eeg\sub-71_ses-2_task-eyesopen_eeg.set,8244
sub-71,ses-2,eyesopen,1,SD,5,250.0,61,1250,3,61,1250,data\sub-71\ses-2\eeg\sub-71_ses-2_task-eyesopen_eeg.set,8245
sub-71,ses-2,eyesopen,1,SD,6,250.0,61,1250,3,61,1250,data\sub-71\ses-2\eeg\sub-71_ses-2_task-eyesopen_eeg.set,8246
sub-71,ses-2,eyesopen,1,SD,7,250.0,61,1250,3,61,1250,data\sub-71\ses-2\eeg\sub-71_ses-2_task-eyesopen_eeg.set,8247
sub-71,ses-2,eyesopen,1,SD,8,250.0,61,1250,3,61,1250,data\sub-71\ses-2\eeg\sub-71_ses-2_task-eyesopen_eeg.set,8248
sub-71,ses-2,eyesopen,1,SD,9,250.0,61,1250,3,61,1250,data\sub-71\ses-2\eeg\sub-71_ses-2_task-eyesopen_eeg.set,8249
sub-71,ses-2,eyesopen,1,SD,10,250.0,61,1250,3,61,1250,data\sub-71\ses-2\eeg\sub-71_ses-2_task-eyesopen_eeg.set,8250
sub-71,ses-2,eyesopen,1,SD,11,250.0,61,1250,3,61,1250,data\sub-71\ses-2\eeg\sub-71_ses-2_task-eyesopen_eeg.set,8251
sub-71,ses-2,eyesopen,1,SD,12,250.0,61,1250,3,61,1250,data\sub-71\ses-2\eeg\sub-71_ses-2_task-eyesopen_eeg.set,8252
sub-71,ses-2,eyesopen,1,SD,13,250.0,61,1250,3,61,1250,data\sub-71\ses-2\eeg\sub-71_ses-2_task-eyesopen_eeg.set,8253
sub-71,ses-2,eyesopen,1,SD,14,250.0,61,1250,3,61,1250,data\sub-71\ses-2\eeg\sub-71_ses-2_task-eyesopen_eeg.set,8254
sub-71,ses-2,eyesopen,1,SD,15,250.0,61,1250,3,61,1250,data\sub-71\ses-2\eeg\sub-71_ses-2_task-eyesopen_eeg.set,8255
sub-71,ses-2,eyesopen,1,SD,16,250.0,61,1250,3,61,1250,data\sub-71\ses-2\eeg\sub-71_ses-2_task-eyesopen_eeg.set,8256
sub-71,ses-2,eyesopen,1,SD,17,250.0,61,1250,3,61,1250,data\sub-71\ses-2\eeg\sub-71_ses-2_task-eyesopen_eeg.set,8257
sub-71,ses-2,eyesopen,1,SD,18,250.0,61,1250,3,61,1250,data\sub-71\ses-2\eeg\sub-71_ses-2_task-eyesopen_eeg.set,8258
sub-71,ses-2,eyesopen,1,SD,19,250.0,61,1250,3,61,1250,data\sub-71\ses-2\eeg\sub-71_ses-2_task-eyesopen_eeg.set,8259
sub-71,ses-2,eyesopen,1,SD,20,250.0,61,1250,3,61,1250,data\sub-71\ses-2\eeg\sub-71_ses-2_task-eyesopen_eeg.set,8260
sub-71,ses-2,eyesopen,1,SD,21,250.0,61,1250,3,61,1250,data\sub-71\ses-2\eeg\sub-71_ses-2_task-eyesopen_eeg.set,8261
sub-71,ses-2,eyesopen,1,SD,22,250.0,61,1250,3,61,1250,data\sub-71\ses-2\eeg\sub-71_ses-2_task-eyesopen_eeg.set,8262
sub-71,ses-2,eyesopen,1,SD,23,250.0,61,1250,3,61,1250,data\sub-71\ses-2\eeg\sub-71_ses-2_task-eyesopen_eeg.set,8263
sub-71,ses-2,eyesopen,1,SD,24,250.0,61,1250,3,61,1250,data\sub-71\ses-2\eeg\sub-71_ses-2_task-eyesopen_eeg.set,8264
sub-71,ses-2,eyesopen,1,SD,25,250.0,61,1250,3,61,1250,data\sub-71\ses-2\eeg\sub-71_ses-2_task-eyesopen_eeg.set,8265
sub-71,ses-2,eyesopen,1,SD,26,250.0,61,1250,3,61,1250,data\sub-71\ses-2\eeg\sub-71_ses-2_task-eyesopen_eeg.set,8266
sub-71,ses-2,eyesopen,1,SD,27,250.0,61,1250,3,61,1250,data\sub-71\ses-2\eeg\sub-71_ses-2_task-eyesopen_eeg.set,8267
sub-71,ses-2,eyesopen,1,SD,28,250.0,61,1250,3,61,1250,data\sub-71\ses-2\eeg\sub-71_ses-2_task-eyesopen_eeg.set,8268
sub-71,ses-2,eyesopen,1,SD,29,250.0,61,1250,3,61,1250,data\sub-71\ses-2\eeg\sub-71_ses-2_task-eyesopen_eeg.set,8269
sub-71,ses-2,eyesopen,1,SD,30,250.0,61,1250,3,61,1250,data\sub-71\ses-2\eeg\sub-71_ses-2_task-eyesopen_eeg.set,8270
sub-71,ses-2,eyesopen,1,SD,31,250.0,61,1250,3,61,1250,data\sub-71\ses-2\eeg\sub-71_ses-2_task-eyesopen_eeg.set,8271
sub-71,ses-2,eyesopen,1,SD,32,250.0,61,1250,3,61,1250,data\sub-71\ses-2\eeg\sub-71_ses-2_task-eyesopen_eeg.set,8272
sub-71,ses-2,eyesopen,1,SD,33,250.0,61,1250,3,61,1250,data\sub-71\ses-2\eeg\sub-71_ses-2_task-eyesopen_eeg.set,8273
sub-71,ses-2,eyesopen,1,SD,34,250.0,61,1250,3,61,1250,data\sub-71\ses-2\eeg\sub-71_ses-2_task-eyesopen_eeg.set,8274
sub-71,ses-2,eyesopen,1,SD,35,250.0,61,1250,3,61,1250,data\sub-71\ses-2\eeg\sub-71_ses-2_task-eyesopen_eeg.set,8275
sub-71,ses-2,eyesopen,1,SD,36,250.0,61,1250,3,61,1250,data\sub-71\ses-2\eeg\sub-71_ses-2_task-eyesopen_eeg.set,8276
sub-71,ses-2,eyesopen,1,SD,37,250.0,61,1250,3,61,1250,data\sub-71\ses-2\eeg\sub-71_ses-2_task-eyesopen_eeg.set,8277
sub-71,ses-2,eyesopen,1,SD,38,250.0,61,1250,3,61,1250,data\sub-71\ses-2\eeg\sub-71_ses-2_task-eyesopen_eeg.set,8278
sub-71,ses-2,eyesopen,1,SD,39,250.0,61,1250,3,61,1250,data\sub-71\ses-2\eeg\sub-71_ses-2_task-eyesopen_eeg.set,8279
sub-71,ses-2,eyesopen,1,SD,40,250.0,61,1250,3,61,1250,data\sub-71\ses-2\eeg\sub-71_ses-2_task-eyesopen_eeg.set,8280
sub-71,ses-2,eyesopen,1,SD,41,250.0,61,1250,3,61,1250,data\sub-71\ses-2\eeg\sub-71_ses-2_task-eyesopen_eeg.set,8281
sub-71,ses-2,eyesopen,1,SD,42,250.0,61,1250,3,61,1250,data\sub-71\ses-2\eeg\sub-71_ses-2_task-eyesopen_eeg.set,8282
sub-71,ses-2,eyesopen,1,SD,43,250.0,61,1250,3,61,1250,data\sub-71\ses-2\eeg\sub-71_ses-2_task-eyesopen_eeg.set,8283
sub-71,ses-2,eyesopen,1,SD,44,250.0,61,1250,3,61,1250,data\sub-71\ses-2\eeg\sub-71_ses-2_task-eyesopen_eeg.set,8284
sub-71,ses-2,eyesopen,1,SD,45,250.0,61,1250,3,61,1250,data\sub-71\ses-2\eeg\sub-71_ses-2_task-eyesopen_eeg.set,8285
sub-71,ses-2,eyesopen,1,SD,46,250.0,61,1250,3,61,1250,data\sub-71\ses-2\eeg\sub-71_ses-2_task-eyesopen_eeg.set,8286
sub-71,ses-2,eyesopen,1,SD,47,250.0,61,1250,3,61,1250,data\sub-71\ses-2\eeg\sub-71_ses-2_task-eyesopen_eeg.set,8287
sub-71,ses-2,eyesopen,1,SD,48,250.0,61,1250,3,61,1250,data\sub-71\ses-2\eeg\sub-71_ses-2_task-eyesopen_eeg.set,8288
sub-71,ses-2,eyesopen,1,SD,49,250.0,61,1250,3,61,1250,data\sub-71\ses-2\eeg\sub-71_ses-2_task-eyesopen_eeg.set,8289
sub-71,ses-2,eyesopen,1,SD,50,250.0,61,1250,3,61,1250,data\sub-71\ses-2\eeg\sub-71_ses-2_task-eyesopen_eeg.set,8290
sub-71,ses-2,eyesopen,1,SD,51,250.0,61,1250,3,61,1250,data\sub-71\ses-2\eeg\sub-71_ses-2_task-eyesopen_eeg.set,8291
sub-71,ses-2,eyesopen,1,SD,52,250.0,61,1250,3,61,1250,data\sub-71\ses-2\eeg\sub-71_ses-2_task-eyesopen_eeg.set,8292
sub-71,ses-2,eyesopen,1,SD,53,250.0,61,1250,3,61,1250,data\sub-71\ses-2\eeg\sub-71_ses-2_task-eyesopen_eeg.set,8293
sub-71,ses-2,eyesopen,1,SD,54,250.0,61,1250,3,61,1250,data\sub-71\ses-2\eeg\sub-71_ses-2_task-eyesopen_eeg.set,8294
sub-71,ses-2,eyesopen,1,SD,55,250.0,61,1250,3,61,1250,data\sub-71\ses-2\eeg\sub-71_ses-2_task-eyesopen_eeg.set,8295
sub-71,ses-2,eyesopen,1,SD,56,250.0,61,1250,3,61,1250,data\sub-71\ses-2\eeg\sub-71_ses-2_task-eyesopen_eeg.set,8296
sub-71,ses-2,eyesopen,1,SD,57,250.0,61,1250,3,61,1250,data\sub-71\ses-2\eeg\sub-71_ses-2_task-eyesopen_eeg.set,8297
sub-71,ses-2,eyesopen,1,SD,58,250.0,61,1250,3,61,1250,data\sub-71\ses-2\eeg\sub-71_ses-2_task-eyesopen_eeg.set,8298
sub-71,ses-2,eyesopen,1,SD,59,250.0,61,1250,3,61,1250,data\sub-71\ses-2\eeg\sub-71_ses-2_task-eyesopen_eeg.set,8299
